"ABKO  NCORE 볼트론 USB 3.0,ABKO,PC케이스(ATX),미들타워,표준-ATX,,O,O,,,,,O,최대 3개,최대 360 mm,CPU쿨러: 최대 157mm,"
"ABKO  NCORE 아수라 USB3.0 풀 아크릴 윈도우,ABKO,PC케이스(ATX),미들타워,표준-ATX,,O,O,,,,,O,최대 3개,최대 370 mm,CPU쿨러: 최대 159mm,2열 수랭쿨러 지원"
"COX  A3 노빌레 풀아크릴윈도우 with 헤일로X4 블랙,COX,PC케이스(ATX),미들타워,표준-ATX,,O,O,,,,,O,최대 2개,380 mm,CPU쿨러: 156mm,2열 수랭쿨러 지원"
"ABKO  NCORE 사파이어 3.0 풀아크릴 & 강화유리,ABKO,PC케이스(ATX),미들타워,표준-ATX,,O,O,,,,,O,최대 3개,최대 370 mm,CPU쿨러: 최대 159mm,2열 수랭쿨러 지원"
"마이크로닉스  Frontier H300 화이트,마이크로닉스,PC케이스(ATX),미들타워,표준-ATX,,O,O,,,,,O,최대 2개,최대 360 mm,CPU쿨러: 최대 156mm,"
"ABKO  NCORE 커브 USB3.0 풀 아크릴 윈도우 블랙 with 헤일로,ABKO,PC케이스(ATX),미들타워,표준-ATX,,O,O,,,,,O,최대 4개,최대 375 mm,CPU쿨러: 최대 162mm,2열 수랭쿨러 지원"
"대양케이스  ENIX USB 3.0 풀 아크릴 윈도우 화이트,대양케이스,PC케이스(ATX),미들타워,표준-ATX,,O,O,,,,,,최대 2개,최대 360 mm,CPU쿨러: 최대 170mm,2열 수랭쿨러 지원"
"ABKO  SUITMASTER 801G RGB 컨트롤 3면 강화유리 with HALO DOUBLING,ABKO,PC케이스(ATX),빅타워,표준-ATX,O,O,O,,,,,O,최대 9개,최대 450 mm,CPU쿨러: 최대 180mm,3열 수랭쿨러 지원"
"ABKO  NCORE G200 타노스 USB3.0,ABKO,PC케이스(ATX),미들타워,표준-ATX,,O,O,,,,,O,최대 2개,최대 380 mm,CPU쿨러: 최대 162mm,2열 수랭쿨러 지원"
"ABKO  SUITMASTER 501S RGB 무선리모트 강화유리 블랙,ABKO,PC케이스(ATX),미들타워,표준-ATX,,O,O,,,,,O,최대 7개,최대 450 mm,CPU쿨러: 최대 160mm,2열 수랭쿨러 지원"
"마이크로닉스  팰콘 실버,마이크로닉스,PC케이스(ATX),미들타워,표준-ATX,,O,O,,,,,O,최대 2개,최대 310 mm,CPU쿨러: 최대 134mm,2열 수랭쿨러 지원"
"아이구주  M1 타이푼 RING LED & 강화유리 화이트,아이구주,PC케이스(M-ATX),미니타워,표준-ATX,,,O,,,,,O,최대 2개,최대 310 mm,CPU쿨러: 최대 150mm,"
"대양케이스  CRUZER USB 3.0 윈도우,대양케이스,PC케이스(ATX),미들타워,표준-ATX,,O,O,,,,,O,2개,최대 360 mm,CPU쿨러: 160mm,2열 수랭쿨러 지원"
"ABKO  NCORE 커브 USB3.0 풀 아크릴 윈도우 화이트 with 헤일로,ABKO,PC케이스(ATX),미들타워,표준-ATX,,O,O,,,,,O,최대 4개,최대 375 mm,CPU쿨러: 최대 162mm,2열 수랭쿨러 지원"
"COX  A5 벨로체 USB3.0 풀 아크릴 윈도우 블랙,COX,PC케이스(ATX),미들타워,표준-ATX,,O,O,,,,,O,최대 2개,최대 375 mm,CPU쿨러: 최대 162mm,2열 수랭쿨러 지원"
"대양케이스  CARMEN USB 3.0 풀 아크릴 윈도우,대양케이스,PC케이스(ATX),미들타워,표준-ATX,,O,O,,,,,,2개,최대 360 mm,CPU쿨러: 160mm,2열 수랭쿨러 지원"
"ABKO  SUITMASTER 330S 강화유리 with HALO 블랙,ABKO,PC케이스(ATX),미들타워,표준-ATX,O,O,O,,,,,O,최대 6개,최대 385 mm,CPU쿨러: 최대 162mm,2열 수랭쿨러 지원"
"COX  A3 왈츠 USB3.0 풀 아크릴 윈도우,COX,PC케이스(ATX),미들타워,표준-ATX,,O,O,,,,,O,최대 6개,365 mm,CPU쿨러: 158mm,2열 수랭쿨러 지원"
"대양케이스  NEON USB 3.0 RGB LED Strips 풀 아크릴 윈도우,대양케이스,PC케이스(ATX),미들타워,표준-ATX,,O,O,,,,,,2개,최대 360 mm,CPU쿨러: 160mm,2열 수랭쿨러 지원"
"3RSYS  T1000,3RSYS,PC케이스(ATX),빅타워,표준-ATX,O,O,O,,,,,O,최대 9개,최대 348 mm,CPU쿨러: 최대 180mm,3열 수랭쿨러 지원"
"아이구주  M1 타이푼 RING LED & 강화유리,아이구주,PC케이스(M-ATX),미니타워,표준-ATX,,,O,,,,,O,최대 2개,최대 310 mm,CPU쿨러: 최대 150mm,"
"COX  RC 170T USB3.0,COX,PC케이스(ATX),미들타워,표준-ATX,,O,O,,,,,O,3개,최대 340 mm,CPU쿨러: 최대 150mm,"
"마이크로닉스  Frontier H300 블랙,마이크로닉스,PC케이스(ATX),미들타워,표준-ATX,,O,O,,,,,O,최대 2개,최대 360 mm,CPU쿨러: 최대 156mm,"
"3RSYS  L530 강화유리,3RSYS,PC케이스(ATX),미들타워,표준-ATX,,O,O,,,,,O,최대 5개,최대 410 mm,CPU쿨러: 최대 162mm,"
"대양케이스  LOCKON USB 3.0 윈도우,대양케이스,PC케이스(ATX),미들타워,표준-ATX,,O,O,,,,,,2개,최대 360 mm,CPU쿨러: 160mm,"
"COX  A3 노빌레 풀아크릴윈도우 with 헤일로X4 화이트,COX,PC케이스(ATX),미들타워,표준-ATX,,O,O,,,,,O,최대 2개,380 mm,CPU쿨러: 156mm,2열 수랭쿨러 지원"
"대양케이스  Moonlight 화이트 Red LED,대양케이스,PC케이스(ATX),미들타워,표준-ATX,,O,O,,,,,,최대 2개,최대 360 mm,CPU쿨러: 최대 170mm,2열 수랭쿨러 지원"
"ABKO  NCORE 팝,ABKO,PC케이스(ATX),미들타워,표준-ATX,,O,O,,,,,O,최대 3개,최대 340 mm,CPU쿨러: 최대 150mm,"
"AONE  K7 오케스트라 LED FULL RGB USB 3.0,AONE,PC케이스(ATX),미들타워,표준-ATX,,O,O,,,,,O,2개,최대 365 mm,CPU쿨러: 최대 155mm,2열 수랭쿨러 지원"
"ABKO  SUITMASTER 701S USB3.0 강화유리 블랙,ABKO,PC케이스(ATX),빅타워,표준-ATX,O,O,O,,,,,O,최대 7개,최대 400 mm,CPU쿨러: 최대 165mm,2열 수랭쿨러 지원"
"3RSYS  J210 해머,3RSYS,PC케이스(ATX),미들타워,표준-ATX,,O,O,,,,,O,3개,최대 350 mm,CPU쿨러: 최대 153mm,"
"마이크로닉스  루키 USB 3.0,마이크로닉스,PC케이스(M-ATX),미니타워,표준-ATX,,,O,,,,,O,최대 2개,최대 310 mm,CPU쿨러: 최대 156mm,"
"ABKO  SUITMASTER 701S USB3.0 강화유리 화이트,ABKO,PC케이스(ATX),빅타워,표준-ATX,O,O,O,,,,,O,최대 7개,최대 400 mm,CPU쿨러: 최대 165mm,2열 수랭쿨러 지원"
"CORSAIR  CRYSTAL SERIES 570X RGB,CORSAIR,PC케이스(ATX),미들타워,표준-ATX,,O,O,,,,,O,최대 2개,최대 370 mm,CPU쿨러: 최대 170mm,3열 수랭쿨러 지원"
"SAMA  STALLION K901B Zero NOISE 강화유리 BLACK,SAMA,PC케이스(ATX),빅타워,표준-ATX,O,O,O,,,,,O,6개,최대 470 mm,CPU쿨러: 180mm,3열 수랭쿨러 지원"
"COX  A5 오페라 USB3.0 풀 아크릴 윈도우 화이트,COX,PC케이스(ATX),미들타워,표준-ATX,,O,O,,,,,O,최대 4개,최대 375 mm,CPU쿨러: 최대 162mm,2열 수랭쿨러 지원"
"ABKO  SUITMASTER EX201 Xcube 4면 강화유리,ABKO,PC케이스(RTX),빅타워,표준-ATX,O,O,O,,,,,O,최대 2개,최대 280 mm,CPU쿨러: 최대 155mm,2열 수랭쿨러 지원"
"ABKO  NCORE 티키 USB3.0,ABKO,PC케이스(ATX),미들타워,표준-ATX,,O,O,,,,,O,최대 3개,최대 340 mm,CPU쿨러: 최대 150mm,"
"마이크로닉스  Frontier ARC-3000 화이트,마이크로닉스,PC케이스(ATX),미들타워,표준-ATX,,O,O,,,,,O,최대 6개,최대 370 mm,CPU쿨러: 최대 165mm,2열 수랭쿨러 지원"
"ABKO  SUITMASTER 720G RGB 컨트롤 4면 강화유리 with HALO DOUBLING,ABKO,PC케이스(ATX),빅타워,표준-ATX,O,O,O,,,,,O,6개,최대 400 mm,CPU쿨러: 최대 165mm,3열 수랭쿨러 지원"
"BRAVOTEC  스텔스 EX270 파노라마 윈도우 블랙,BRAVOTEC,PC케이스(ATX),빅타워,표준-ATX,O,O,O,,,,,O,,최대 325 mm,CPU쿨러: 최대 165mm,3열 수랭쿨러 지원"
"대양케이스  ENIX USB 3.0 풀 아크릴 윈도우 블랙,대양케이스,PC케이스(ATX),미들타워,표준-ATX,,O,O,,,,,,최대 2개,최대 360 mm,CPU쿨러: 최대 170mm,2열 수랭쿨러 지원"
"마이크로닉스  Frontier S300 Mini 화이트,마이크로닉스,PC케이스(M-ATX),미니타워,표준-ATX,,,O,,,,,O,최대 1개,최대 340 mm,CPU쿨러: 최대 156mm,2열 수랭쿨러 지원"
"3RSYS  R360 풀 아크릴 윈도우 화이트,3RSYS,PC케이스(M-ATX),미니타워,표준-ATX,,,O,,,,,O,최대 3개,최대 307 mm,CPU쿨러: 최대 135mm,"
"COX  A1 템포,COX,PC케이스(M-ATX),미니타워,표준-ATX,,,O,,,,,O,최대 3개,최대 280 mm,CPU쿨러: 최대 145mm,"
"COX  AG 200X USB3.0 풀 아크릴 윈도우,COX,PC케이스(ATX),미들타워,,,,,,,,,,최대 2개,최대 375 mm,CPU쿨러: 최대 162mm,2열 수랭쿨러 지원"
"대양케이스  Moonlight 블랙 Blue LED,대양케이스,PC케이스(ATX),미들타워,표준-ATX,,O,O,,,,,,최대 2개,최대 360 mm,CPU쿨러: 최대 170mm,2열 수랭쿨러 지원"
"마이크로닉스  32형 FullHD 144Hz 게이밍 일체형케이스,마이크로닉스,기타,미들타워,표준-ATX,,O,O,,,,,O,최대 1개,최대 305 mm,,"
"ABKO  SUITMASTER 501S RGB 컨트롤 블랙,ABKO,PC케이스(ATX),미들타워,표준-ATX,,O,O,,,,,O,최대 7개,최대 450 mm,CPU쿨러: 최대 160mm,2열 수랭쿨러 지원"
"Fractal Design  Define C Window,Fractal Design,PC케이스(ATX),미들타워,표준-ATX,,O,O,,,,,O,최대 5개,최대 315 mm,CPU쿨러: 168mm,3열 수랭쿨러 지원"
"잘만  Z3 PLUS,잘만,PC케이스(ATX),미들타워,표준-ATX,,O,O,,,,,,최대 1개,최대 360 mm,,"
"3RSYS  L530 화이트 강화유리,3RSYS,PC케이스(ATX),미들타워,표준-ATX,,O,O,,,,,O,최대 5개,최대 410 mm,CPU쿨러: 최대 162mm,"
"마이크로닉스  레이저 RGB LED,마이크로닉스,PC케이스(ATX),미들타워,표준-ATX,,O,O,,,,,O,최대 4개,최대 405 mm,CPU쿨러: 최대 158mm,2열 수랭쿨러 지원"
"ABKO  NCORE G200 타노스 USB3.0 화이트,ABKO,PC케이스(ATX),미들타워,표준-ATX,,O,O,,,,,O,최대 2개,최대 380 mm,CPU쿨러: 최대 162mm,2열 수랭쿨러 지원"
"COX  AG 200X USB3.0 풀 아크릴 윈도우 화이트,COX,PC케이스(ATX),미들타워,표준-ATX,,O,O,,,,,O,최대 2개,최대 375 mm,CPU쿨러: 최대 162mm,2열 수랭쿨러 지원"
"ABKO  SUITMASTER 501S RGB 무선리모트 강화유리 화이트,ABKO,PC케이스(ATX),미들타워,표준-ATX,,O,O,,,,,O,최대 7개,최대 450 mm,CPU쿨러: 최대 160mm,2열 수랭쿨러 지원"
"COX  A5 벨로체 USB3.0 풀 아크릴 윈도우 화이트,COX,PC케이스(ATX),미들타워,표준-ATX,,O,O,,,,,O,최대 2개,최대 375 mm,CPU쿨러: 최대 162mm,2열 수랭쿨러 지원"
"3RSYS  L1100,3RSYS,PC케이스(ATX),미들타워,표준-ATX,,O,O,,,,,O,최대 5개,최대 380 mm,CPU쿨러: 최대 172mm,3열 수랭쿨러 지원"
"ABKO  SUITMASTER 330S 강화유리 with HALO 화이트,ABKO,PC케이스(ATX),미들타워,표준-ATX,O,O,O,,,,,O,최대 6개,최대 385 mm,CPU쿨러: 최대 162mm,2열 수랭쿨러 지원"
"Fractal Design  Define Mini C Window,Fractal Design,PC케이스(M-ATX),미니타워,표준-ATX,,,O,,,,,O,최대 5개,최대 315 mm,CPU쿨러: 168mm,2열 수랭쿨러 지원"
"아이구주  M2 타이푼 RING LED & 강화유리,아이구주,PC케이스(ATX),미들타워,표준-ATX,,O,O,,,,,O,최대 4개,최대 390 mm,CPU쿨러: 최대 160mm,"
"COX  A7 레가토 USB3.0 강화유리 블랙,COX,PC케이스(ATX),빅타워,표준-ATX,O,O,O,,,,,O,최대 5개,최대 415 mm,CPU쿨러: 최대 165mm,2열 수랭쿨러 지원"
"마이크로닉스  32형 QHD 게이밍 일체형케이스,마이크로닉스,기타,미들타워,표준-ATX,,O,O,,,,,O,최대 1개,최대 305 mm,,"
"아이구주 나라테크윈 I-2AL USB 3.0,아이구주,PC케이스(M-ATX),미니타워,표준-ATX,,,O,,,,,,최대 1개,최대 220 mm,,"
"마이크로닉스  루팡,마이크로닉스,PC케이스(ATX),미들타워,표준-ATX,,O,O,,,,,O,최대 3개,최대 330 mm,CPU쿨러: 최대 145mm,"
"COX  A7 레가토 USB3.0 강화유리 화이트,COX,PC케이스(ATX),빅타워,표준-ATX,O,O,O,,,,,O,최대 5개,최대 415 mm,CPU쿨러: 최대 165mm,2열 수랭쿨러 지원"
"ABKO  NCORE 넘버원,ABKO,PC케이스(ATX),미들타워,표준-ATX,,O,O,,,,,O,최대 1개,최대 340 mm,CPU쿨러: 최대 140mm,"
"IN WIN  EM048 USB3.0,IN WIN,PC케이스(M-ATX),미니타워,표준-ATX,,,O,,,,,O,최대 1개,최대 350 mm,CPU쿨러: 최대 165mm,"
"대양케이스  BARON USB 3.0 풀 아크릴 윈도우,대양케이스,PC케이스(ATX),미들타워,표준-ATX,,O,O,,,,,,2개,최대 360 mm,CPU쿨러: 160mm,2열 수랭쿨러 지원"
"마이크로닉스  팰콘 블랙,마이크로닉스,PC케이스(ATX),미들타워,표준-ATX,,O,O,,,,,O,최대 2개,최대 310 mm,CPU쿨러: 최대 134mm,2열 수랭쿨러 지원"
"BRAVOTEC  디파이 B40 BLACK,BRAVOTEC,PC케이스(M-ATX),미니타워,표준-ATX,,,O,,,,,O,최대 2개,최대 295 mm,CPU쿨러: 최대 180mm,2열 수랭쿨러 지원"
"대양케이스  Moonlight 블랙 화이트 LED 풀 아크릴 윈도우,대양케이스,PC케이스(ATX),미들타워,표준-ATX,,O,O,,,,,,최대 2개,최대 360 mm,CPU쿨러: 최대 170mm,2열 수랭쿨러 지원"
"COX  A3 인트로 USB3.0 풀 아크릴 윈도우 블랙,COX,PC케이스(ATX),미들타워,표준-ATX,,O,O,,,,,O,최대 6개,최대 380 mm,CPU쿨러: 최대 160mm,"
"COX  A3 인트로 USB3.0 풀 아크릴 윈도우 화이트,COX,PC케이스(ATX),미들타워,표준-ATX,,O,O,,,,,O,최대 6개,최대 380 mm,CPU쿨러: 최대 160mm,"
"잘만  Z1 NEO,잘만,PC케이스(ATX),미들타워,표준-ATX,,O,O,,,,,O,최대 5개,최대 375 mm,CPU쿨러: 최대 160mm,"
"3RSYS  J10,3RSYS,PC케이스(ATX),미들타워,표준-ATX,,O,O,,,,,O,2개,최대 330 mm,CPU쿨러: 최대 147mm,"
"3RSYS  L1000 강화유리,3RSYS,PC케이스(ATX),미들타워,표준-ATX,,O,O,,,,,O,최대 5개,최대 380 mm,CPU쿨러: 최대 172mm,2열 수랭쿨러 지원"
"BRAVOTEC  스텔스 TX 블랙 파노라마 윈도우,BRAVOTEC,PC케이스(ATX),빅타워,표준-ATX,O,O,O,,,,,O,최대 8개,최대 325 mm,CPU쿨러: 최대 165mm,2열 수랭쿨러 지원"
"아이구주  M70 USB 3.0,아이구주,PC케이스(M-ATX),미니타워,표준-ATX,,,O,,,,,O,최대 2개,최대 310 mm,CPU쿨러: 최대 150mm,"
"Fractal Design  Define R5 Blackout,Fractal Design,PC케이스(ATX),미들타워,표준-ATX,,O,O,,,,,O,최대 2개,최대 440 mm,CPU쿨러: 최대 180mm,3열 수랭쿨러 지원"
"3RSYS  AD 500,3RSYS,PC케이스(ATX),미들타워,표준-ATX,,O,O,,,,,O,최대 12개,최대 427 mm,CPU쿨러: 최대 175mm,3열 수랭쿨러 지원"
"아이구주  G26 USB 3.0 풀 아크릴 윈도우 블랙,아이구주,PC케이스(ATX),미들타워,표준-ATX,,O,O,,,,,O,최대 4개,최대 350 mm,CPU쿨러: 최대 153mm,2열 수랭쿨러 지원"
"아이구주 나라테크윈 N-2AL USB 3.0,아이구주,PC케이스(ATX),미들타워,표준-ATX,,O,O,,,,,,최대 4개,최대 350 mm,CPU쿨러: 최대 155mm,2열 수랭쿨러 지원"
"CORSAIR  OBSIDIAN 900D,CORSAIR,PC케이스(ATX),빅타워,표준-ATX,O,O,O,,,,,O,최대 9개,최대 540 mm,CPU쿨러: 최대 180mm,3열 수랭쿨러 지원"
"아이구주  E-2 알바트로스 RGB LED,아이구주,PC케이스(ATX),미들타워,표준-ATX,O,O,O,,,,,O,최대 6개,최대 400 mm,CPU쿨러: 최대 170mm,2열 수랭쿨러 지원"
"IN WIN  303 화이트,IN WIN,PC케이스(ATX),미들타워,표준-ATX,,O,O,,,,,O,최대 4개,최대 350 mm,CPU쿨러: 최대 160mm,3열 수랭쿨러 지원"
"be quiet  DARK BASE PRO 900 SILVER,be quiet,PC케이스(ATX),빅타워,표준-ATX,O,O,O,,,,,O,최대 15개,최대 472 mm,CPU쿨러: 최대 185mm,3열 수랭쿨러 지원"
"be quiet  DARK BASE PRO 900 BLACK,be quiet,PC케이스(ATX),빅타워,표준-ATX,O,O,O,,,,,O,최대 15개,최대 472 mm,CPU쿨러: 최대 185mm,3열 수랭쿨러 지원"
"COX  A7 토닉 USB3.0 풀 아크릴 윈도우,COX,PC케이스(ATX),미들타워,표준-ATX,,O,O,,,,,O,최대 6개,최대 365 mm,CPU쿨러: 최대 160mm,2열 수랭쿨러 지원"
"마이크로닉스  Noir(느와르) Mini USB 3.0,마이크로닉스,PC케이스(M-ATX),미니타워,표준-ATX,,,O,,,,,,1개,최대 350 mm,CPU쿨러: 최대 150mm,"
"BRAVOTEC  트레저 X6 630T 타이탄 글래스 스노우 화이트,BRAVOTEC,PC케이스(ATX),빅타워,표준-ATX,O,O,O,,,,,O,최대 5개,최대 420 mm,CPU쿨러: 최대 170mm,3열 수랭쿨러 지원"
"3RSYS  L1000 화이트 강화유리,3RSYS,PC케이스(ATX),미들타워,표준-ATX,,O,O,,,,,O,최대 5개,최대 380 mm,CPU쿨러: 최대 172mm,2열 수랭쿨러 지원"
"3RSYS  L520,3RSYS,PC케이스(ATX),미들타워,표준-ATX,,O,O,,,,,O,최대 5개,최대 410 mm,CPU쿨러: 최대 162mm,2열 수랭쿨러 지원"
"Fractal Design  Define R5 화이트&골드 Window,Fractal Design,PC케이스(ATX),미들타워,표준-ATX,,O,O,,,,,O,최대 2개,최대 440 mm,CPU쿨러: 최대 180mm,3열 수랭쿨러 지원"
"3RSYS  R360 풀 아크릴 윈도우 블랙,3RSYS,PC케이스(M-ATX),미니타워,표준-ATX,,,O,,,,,O,최대 3개,최대 307 mm,CPU쿨러: 최대 135mm,"
"Fractal Design  Define R5 Blackout Window,Fractal Design,PC케이스(ATX),미들타워,표준-ATX,,O,O,,,,,O,최대 2개,최대 440 mm,CPU쿨러: 최대 180mm,3열 수랭쿨러 지원"
"GMC  바라쿠다,GMC,PC케이스(ATX),미들타워,표준-ATX,,O,O,,,,,,최대 3개,최대 300 mm,CPU쿨러: 최대 158mm,"
"IN WIN  301 화이트,IN WIN,PC케이스(M-ATX),미니타워,표준-ATX,,,O,,,,,O,최대 2개,최대 330 mm,CPU쿨러: 최대 158mm,2열 수랭쿨러 지원"
"마이크로닉스  24인치 풀HD 일체형케이스 MB401,마이크로닉스,미니ITX,미들타워,DC to DC,,,,,,,,O,최대 1개,,,"
"마이크로닉스  34형 커브드 UWQHD 수냉 일체형케이스,마이크로닉스,기타,미들타워,FLEX,,,,,,,,O,최대 1개,최대 300 mm,,"
"아이구주  G30 USB 3.0 풀 아크릴 윈도우 블랙,아이구주,PC케이스(ATX),미들타워,표준-ATX,,O,O,,,,,O,최대 4개,최대 350 mm,CPU쿨러: 최대 153mm,3열 수랭쿨러 지원"
"COX  A5 코다 USB3.0 풀 아크릴 윈도우 블랙,COX,PC케이스(ATX),미들타워,표준-ATX,,O,O,,,,,O,최대 4개,최대 375 mm,CPU쿨러: 최대 162mm,2열 수랭쿨러 지원"
"ABKO  NCORE 알리,ABKO,PC케이스(M-ATX),미니타워,표준-ATX,,,O,,,,,O,최대 3개,최대 280 mm,CPU쿨러: 최대 145mm,"
"BRAVOTEC  디파이 B40 화이트,BRAVOTEC,PC케이스(M-ATX),미니타워,표준-ATX,,,O,,,,,O,최대 2개,최대 295 mm,CPU쿨러: 최대 180mm,2열 수랭쿨러 지원"
"ABKO  NCORE 벤투스 USB3.0,ABKO,PC케이스(ATX),미들타워,표준-ATX,,O,O,,,,,O,최대 2개,최대 365 mm,CPU쿨러: 최대 158mm,2열 수랭쿨러 지원"
"마이크로닉스  34형 커브드 UWQHD 일체형케이스,마이크로닉스,기타,미들타워,FLEX,,,,,,,,O,최대 1개,최대 300 mm,,"
"ABKO  NCORE 오로라 RGB 튜닝 LED 강화유리,ABKO,PC케이스(ATX),미들타워,표준-ATX,,O,O,,,,,O,최대 4개,380 mm,CPU쿨러: 162mm,2열 수랭쿨러 지원"
"ABKO  NCORE 사파이어 3.0 풀아크릴 & 강화유리 화이트,ABKO,PC케이스(ATX),미들타워,표준-ATX,,O,O,,,,,O,최대 3개,최대 370 mm,CPU쿨러: 최대 159mm,2열 수랭쿨러 지원"
"3RSYS  R3 USB3.0,3RSYS,PC케이스(M-ATX),미들타워,표준-ATX,,O,O,,,,,O,최대 2개,최대 300 mm,CPU쿨러: 최대 147mm,"
"SAMA  STALLION K901B Zero NOISE BLACK,SAMA,PC케이스(ATX),빅타워,표준-ATX,O,O,O,,,,,O,6개,최대 470 mm,CPU쿨러: 180mm,3열 수랭쿨러 지원"
"COUGAR  PANZER MAX BRAVOTEC,COUGAR,PC케이스(ATX),빅타워,표준-ATX,O,O,O,,,,,O,최대 6개,최대 380 mm,CPU쿨러: 최대 170mm,3열 수랭쿨러 지원"
"COX  A4 이퀄라이저 RGB 컨트롤 풀 아크릴 윈도우 블랙,COX,PC케이스(ATX),미들타워,표준-ATX,,O,O,,,,,O,최대 2개,최대 365 mm,CPU쿨러: 최대 155mm,"
"마이크로닉스  CORBY mini USB 3.0,마이크로닉스,PC케이스(M-ATX),미니타워,표준-ATX,,,O,,,,,O,최대 3개,최대 280 mm,CPU쿨러: 최대 150mm,"
"SAMA  STALLION K902B RGB 컨트롤 강화유리 블랙,SAMA,PC케이스(ATX),빅타워,표준-ATX,O,O,O,,,,,O,최대 7개,최대 455 mm,CPU쿨러: 180mm,3열 수랭쿨러 지원"
"CORSAIR CARBIDE SERIES CLEAR 600C 화이트,CORSAIR,PC케이스(RTX),빅타워,표준-ATX,O,O,O,,,,,O,최대 3개,최대 370 mm,CPU쿨러: 최대 200mm,3열 수랭쿨러 지원"
"BRAVOTEC  스텔스 FX470 파노라마 윈도우 블랙,BRAVOTEC,PC케이스(ATX),빅타워,표준-ATX,O,O,O,,,,,O,최대 8개,최대 325 mm,CPU쿨러: 최대 165mm,3열 수랭쿨러 지원"
"3RSYS  R350,3RSYS,PC케이스(M-ATX),미니타워,표준-ATX,,,O,,,,,O,최대 3개,최대 307 mm,CPU쿨러: 최대 135mm,"
"COX  RC 150T,COX,PC케이스(ATX),미들타워,표준-ATX,,O,O,,,,,O,최대 3개,최대 340 mm,CPU쿨러: 최대 150mm,"
"NZXT  S340 ELITE 화이트 BRAVOTEC,NZXT,PC케이스(ATX),미들타워,표준-ATX,,O,O,,,,,O,최대 4개,최대 364 mm,CPU쿨러: 최대 161mm,2열 수랭쿨러 지원"
"IN WIN  301 블랙,IN WIN,PC케이스(M-ATX),미니타워,표준-ATX,,,O,,,,,O,최대 2개,최대 330 mm,CPU쿨러: 최대 158mm,2열 수랭쿨러 지원"
"2MONS  엠미니 700,2MONS,PC케이스(M-ATX),미니타워,표준-ATX,,,O,,,,,O,최대 2개,최대 320 mm,,"
"Antec  P100,Antec,PC케이스(ATX),미들타워,표준-ATX,,O,O,,,,,O,최대 7개,최대 317.5 mm,CPU쿨러: 170mm,2열 수랭쿨러 지원"
"3RSYS  L900 USB3.0,3RSYS,PC케이스(ATX),미들타워,표준-ATX,,O,O,,,,,O,최대 5개,최대 380 mm,CPU쿨러: 최대 172mm,2열 수랭쿨러 지원"
"ABKO  NCORE G290 베이더 USB3.0 블랙,ABKO,PC케이스(ATX),미들타워,표준-ATX,,O,O,,,,,O,최대 2개,최대 380 mm,CPU쿨러: 최대 162mm,2열 수랭쿨러 지원"
"ABKO  NCORE H100 대항마 USB3.0 풀 아크릴 윈도우 화이트,ABKO,PC케이스(ATX),미들타워,표준-ATX,,O,O,,,,,O,2개,375 mm,CPU쿨러: 162mm,2열 수랭쿨러 지원"
"3RSYS  J210 해머 풀 강화아크릴 윈도우,3RSYS,PC케이스(ATX),미들타워,표준-ATX,,O,O,,,,,O,3개,최대 350 mm,CPU쿨러: 최대 153mm,"
"ABKO NCORE 코로나 USB3.0 풀아크릴 윈도우 화이트,ABKO,PC케이스(ATX),미들타워,표준-ATX,,O,O,,,,,O,최대 3개,최대 370 mm,CPU쿨러: 최대 156mm,2열 수랭쿨러 지원"
"be quiet  SILENT BASE 800 Window Red,be quiet,PC케이스(ATX),미들타워,표준-ATX,,O,O,,,,,O,,400 mm,CPU쿨러: 170mm,2열 수랭쿨러 지원"
"마이크로닉스  Frontier ARC-3000 BLACK,마이크로닉스,PC케이스(ATX),미들타워,표준-ATX,,O,O,,,,,O,최대 6개,최대 370 mm,CPU쿨러: 최대 165mm,2열 수랭쿨러 지원"
"ABKO  NCORE T40 크런키 USB3.0,ABKO,PC케이스(M-ATX),슬림(LP),Micro-ATX,,,O,,,,,O,3개,최대 200 mm,,"
"Fractal Design  Define R5 Titanium Window,Fractal Design,PC케이스(ATX),미들타워,표준-ATX,,O,O,,,,,O,최대 2개,최대 440 mm,CPU쿨러: 최대 180mm,3열 수랭쿨러 지원"
"BRAVOTEC  트레저 X3 730L 블랙,BRAVOTEC,PC케이스(ATX),미들타워,표준-ATX,,O,O,,,,,O,최대 7개,최대 340 mm,CPU쿨러: 최대 175mm,2열 수랭쿨러 지원"
"COUGAR  PANZER 강화유리 BRAVOTEC,COUGAR,PC케이스(ATX),미들타워,표준-ATX,,O,O,,,,,O,최대 6개,최대 425 mm,CPU쿨러: 최대 160mm,3열 수랭쿨러 지원"
"ABKO  SUITMASTER 720G RGB 컨트롤 4면 강화유리 with HALO DOUBLING 화이트,ABKO,PC케이스(ATX),빅타워,표준-ATX,O,O,O,,,,,O,6개,최대 400 mm,CPU쿨러: 최대 165mm,3열 수랭쿨러 지원"
"CORSAIR CARBIDE SERIES QUIET 600Q,CORSAIR,PC케이스(RTX),빅타워,표준-ATX,O,O,O,,,,,O,3개,최대 370 mm,CPU쿨러: 최대 200mm,3열 수랭쿨러 지원"
"ABKO  SUITMASTER 501S RGB 컨트롤 화이트,ABKO,PC케이스(ATX),미들타워,표준-ATX,,O,O,,,,,O,최대 7개,최대 450 mm,CPU쿨러: 최대 160mm,2열 수랭쿨러 지원"
"BRAVOTEC  트레저 X8 870T 타이탄 글래스 리플렉트 에디션,BRAVOTEC,PC케이스(ATX),미들타워,표준-ATX,O,O,O,,,,,O,최대 6개,최대 335 mm,CPU쿨러: 최대 168mm,2열 수랭쿨러 지원"
"ABKO  NCORE G290 베이더 USB3.0 화이트,ABKO,PC케이스(ATX),미들타워,표준-ATX,,O,O,,,,,O,최대 2개,최대 380 mm,CPU쿨러: 최대 162mm,2열 수랭쿨러 지원"
"ABKO  NCORE 사이클롭스 USB3.0 풀 아크릴 윈도우,ABKO,PC케이스(ATX),미들타워,표준-ATX,,O,O,,,,,O,최대 2개,335 mm,CPU쿨러: 156mm,"
"ABKO  NCORE NBOX S1,ABKO,PC케이스(M-ATX),미니타워,표준-ATX,,,O,,,,,O,최대 3개,최대 250 mm,CPU쿨러: 135mm,"
"대양케이스  뷰 블랙,대양케이스,PC케이스(ATX),미들타워,표준-ATX,,O,O,,,,,,최대 3개,최대 380 mm,CPU쿨러: 최대 160mm,"
"마이크로닉스  Frontier U200 Mini 화이트,마이크로닉스,PC케이스(M-ATX),미니타워,표준-ATX,,,O,,,,,O,최대 2개,최대 300 mm,CPU쿨러: 최대 150mm,2열 수랭쿨러 지원"
"CORSAIR CARBIDE SERIES QUIET 400Q,CORSAIR,PC케이스(ATX),미들타워,표준-ATX,O,O,O,,,,,O,3개,최대 370 mm,CPU쿨러: 최대 170mm,3열 수랭쿨러 지원"
"CORSAIR CARBIDE SERIES 270R Windowed,CORSAIR,PC케이스(ATX),미들타워,표준-ATX,,O,O,,,,,O,최대 2개,최대 370 mm,CPU쿨러: 최대 170mm,3열 수랭쿨러 지원"
"Fractal Design  Define R5 화이트 Window,Fractal Design,PC케이스(ATX),미들타워,표준-ATX,,O,O,,,,,O,최대 2개,최대 440 mm,CPU쿨러: 최대 180mm,3열 수랭쿨러 지원"
"3RSYS  L920 블랙 & 화이트 - 화이트 Chassis-,3RSYS,PC케이스(ATX),미들타워,표준-ATX,,O,O,,,,,O,최대 3개,최대 380 mm,CPU쿨러: 최대 172mm,2열 수랭쿨러 지원"
"BRAVOTEC  디파이 B45 블랙 화이트,BRAVOTEC,PC케이스(M-ATX),미니타워,표준-ATX,,,O,,,,,O,최대 4개,최대 295 mm,CPU쿨러: 최대 180mm,1열 수랭쿨러 지원"
"3RSYS  T200 발키리 NT PWM,3RSYS,PC케이스(ATX),빅타워,표준-ATX,,O,O,,,,,O,,최대 430 mm,CPU쿨러: 최대 172mm,3열 수랭쿨러 지원"
"COX  A4 이퀄라이저 RGB 컨트롤 풀 아크릴 윈도우 화이트,COX,PC케이스(ATX),미들타워,표준-ATX,,O,O,,,,,O,최대 2개,최대 365 mm,CPU쿨러: 최대 155mm,"
"CORSAIR CARBIDE SERIES CLEAR 400C,CORSAIR,PC케이스(ATX),미들타워,표준-ATX,O,O,O,,,,,O,3개,최대 370 mm,CPU쿨러: 최대 170mm,3열 수랭쿨러 지원"
"CORSAIR CARBIDE SERIES AIR 540,CORSAIR,PC케이스(ATX),미들타워,표준-ATX,O,O,O,,,,,O,최대 4개,최대 320 mm,CPU쿨러: 170mm,2열 수랭쿨러 지원"
"3RSYS  L700 이클립스,3RSYS,PC케이스(ATX),미들타워,표준-ATX,,O,O,,,,,,최대 7개,최대 410 mm,,"
"아이구주  G23 USB 3.0 풀 아크릴 윈도우,아이구주,PC케이스(ATX),미들타워,표준-ATX,,O,O,,,,,O,최대 2개,최대 350 mm,CPU쿨러: 최대 153mm,"
"ABKO  NCORE 볼트론 RX USB3.0,ABKO,PC케이스(ATX),미들타워,표준-ATX,,O,O,,,,,O,최대 5개,최대 360 mm,CPU쿨러: 최대 157mm,"
"COX  A3 베이스 USB3.0 풀 아크릴 윈도우,COX,PC케이스(ATX),미들타워,표준-ATX,,O,O,,,,,O,최대 2개,최대 365 mm,CPU쿨러: 최대 155mm,2열 수랭쿨러 지원"
"ABKO  NCORE 픽셀 USB3.0,ABKO,PC케이스(ATX),미들타워,표준-ATX,,O,O,,,,,O,3개,최대 340 mm,CPU쿨러: 최대 150mm,"
"IN WIN  303 블랙,IN WIN,PC케이스(ATX),미들타워,표준-ATX,,O,O,,,,,O,최대 4개,최대 350 mm,CPU쿨러: 최대 160mm,3열 수랭쿨러 지원"
"ABKO  NCORE 레인보우 S 튜닝 LED 컨트롤 블랙,ABKO,PC케이스(ATX),미들타워,표준-ATX,,O,O,,,,,O,최대 2개,최대 360 mm,CPU쿨러: 최대 161mm,2열 수랭쿨러 지원"
"COX  A5 오페라 USB3.0 풀 아크릴 윈도우 블랙,COX,PC케이스(ATX),미들타워,표준-ATX,,O,O,,,,,O,최대 4개,최대 375 mm,CPU쿨러: 최대 162mm,2열 수랭쿨러 지원"
"마이크로닉스  Frontier S300 Mini 블랙,마이크로닉스,PC케이스(M-ATX),미니타워,표준-ATX,,,O,,,,,O,최대 1개,최대 340 mm,CPU쿨러: 최대 156mm,2열 수랭쿨러 지원"
"SAMA  STALLION F01 USB3.0 RGB 컨트롤 강화유리 블랙,SAMA,PC케이스(M-ATX),미니타워,표준-ATX,,,O,,,,,O,최대 4개,최대 410 mm,CPU쿨러: 182mm,2열 수랭쿨러 지원"
"아이구주  J10 USB 3.0,아이구주,PC케이스(ATX),슬림(일반),표준-ATX,,O,O,,,,,,최대 2개,최대 230 mm,CPU쿨러: 최대 120mm,"
"CORSAIR CARBIDE SERIES CLEAR 400C 화이트,CORSAIR,PC케이스(ATX),미들타워,표준-ATX,O,O,O,,,,,O,3개,최대 370 mm,CPU쿨러: 최대 170mm,3열 수랭쿨러 지원"
"COX  A3 녹턴 USB3.0 풀 아크릴 윈도우 블랙,COX,PC케이스(ATX),미들타워,표준-ATX,,O,O,,,,,O,최대 2개,380 mm,CPU쿨러: 156mm,2열 수랭쿨러 지원"
"마이크로닉스  BUFFALO MIDDLE USB3.0 BLACK,마이크로닉스,PC케이스(ATX),미들타워,표준-ATX,,O,O,,,,,,최대 2개,최대 310 mm,CPU쿨러: 최대 165mm,2열 수랭쿨러 지원"
"ABKO  SUITMASTER 350S 강화유리 with HALO 블랙,ABKO,PC케이스(ATX),미들타워,표준-ATX,O,O,O,,,,,O,최대 6개,최대 385 mm,CPU쿨러: 최대 162mm,2열 수랭쿨러 지원"
"아이구주  G26 USB 3.0 풀 아크릴 윈도우 화이트,아이구주,PC케이스(ATX),미들타워,표준-ATX,,O,O,,,,,O,최대 4개,최대 350 mm,CPU쿨러: 최대 153mm,2열 수랭쿨러 지원"
"3RSYS  R2,3RSYS,PC케이스(ATX),미들타워,표준-ATX,,O,O,,,,,O,최대 3개,최대 300 mm,CPU쿨러: 최대 147mm,"
"ABKO  NCORE 이카루스 USB3.0 화이트,ABKO,PC케이스(ATX),미들타워,표준-ATX,,O,O,,,,,O,최대 3개,최대 380 mm,CPU쿨러: 최대 156mm,"
"CORSAIR  CRYSTAL SERIES 460X RGB,CORSAIR,PC케이스(ATX),미들타워,표준-ATX,,O,O,,,,,O,최대 3개,최대 370 mm,CPU쿨러: 최대 170mm,3열 수랭쿨러 지원"
"쿨러마스터  MasterCase Maker 5t LED Strip 강화유리,쿨러마스터,PC케이스(ATX),미들타워,표준-ATX,,O,O,,,,,O,최대 4개,최대 412 mm,CPU쿨러: 최대 190mm,2열 수랭쿨러 지원"
"마이크로닉스  어벤져,마이크로닉스,PC케이스(ATX),미들타워,표준-ATX,,O,O,,,,,O,최대 6개,최대 420 mm,CPU쿨러: 최대 165mm,3열 수랭쿨러 지원"
"BRAVOTEC  트레저 X6 630T 타이탄 글래스 블랙,BRAVOTEC,PC케이스(ATX),빅타워,표준-ATX,O,O,O,,,,,O,최대 5개,최대 420 mm,CPU쿨러: 최대 170mm,3열 수랭쿨러 지원"
"GMC  B7 에어로,GMC,PC케이스(ATX),미들타워,표준-ATX,,O,O,,,,,O,최대 2개,최대 360 mm,CPU쿨러: 최대 160mm,"
"RAIJINTEK  THETIS WINDOW SILVER,RAIJINTEK,PC케이스(ATX),미들타워,표준-ATX,,O,O,,,,,O,최대 2개,최대 280 mm,CPU쿨러: 최대 170mm,2열 수랭쿨러 지원"
"BRAVOTEC  RM4 Silver 강화유리,BRAVOTEC,PC케이스(ATX),미들타워,표준-ATX,,O,O,,,,,O,최대 5개,최대 380 mm,CPU쿨러: 최대 170mm,3열 수랭쿨러 지원"
"마이크로닉스  Pico Mini USB 3.0 Metallic Black,마이크로닉스,PC케이스(M-ATX),미니타워,표준-ATX,,,O,,,,,O,최대 3개,최대 240 mm,,"
"Fractal Design  Define C,Fractal Design,PC케이스(ATX),미들타워,표준-ATX,,O,O,,,,,O,최대 5개,최대 315 mm,CPU쿨러: 최대 168mm,3열 수랭쿨러 지원"
"ABKO  NCORE G200 타노스 IG USB3.0 강화유리,ABKO,PC케이스(ATX),미들타워,표준-ATX,,O,O,,,,,O,최대 4개,최대 380 mm,CPU쿨러: 최대 162mm,2열 수랭쿨러 지원"
"ABKO  NCORE 시저 USB3.0,ABKO,PC케이스(ATX),미들타워,,,O,O,,,,,O,최대 3개,345 mm,CPU쿨러: 150mm,2열 수랭쿨러 지원"
"CORSAIR CARBIDE SERIES 270R Standard,CORSAIR,PC케이스(ATX),미들타워,표준-ATX,,O,O,,,,,O,최대 2개,최대 370 mm,CPU쿨러: 최대 170mm,3열 수랭쿨러 지원"
"IN WIN  G7 다크니스,IN WIN,PC케이스(ATX),미들타워,표준-ATX,,O,O,,,,,O,최대 2개,409 mm,CPU쿨러: 165mm,"
"GMC  바라쿠다 카본,GMC,PC케이스(ATX),미들타워,표준-ATX,,O,O,,,,,,최대 3개,최대 300 mm,CPU쿨러: 최대 158mm,"
"COX  A3 첼로 USB3.0 풀 아크릴 윈도우,COX,PC케이스(ATX),미들타워,표준-ATX,,O,O,,,,,O,최대 2개,최대 330 mm,CPU쿨러: 최대 160mm,"
"SAMA  STALLION K901B Zero NOISE 화이트,SAMA,PC케이스(ATX),빅타워,표준-ATX,O,O,O,,,,,O,6개,최대 470 mm,CPU쿨러: 180mm,3열 수랭쿨러 지원"
"COX  A3 스캣 USB3.0 풀 아크릴 윈도우,COX,PC케이스(ATX),미들타워,표준-ATX,,O,O,,,,,O,최대 3개,최대 370 mm,CPU쿨러: 최대 156mm,"
"SAMA  STALLION F01 USB3.0 RGB 컨트롤 강화유리 화이트,SAMA,PC케이스(M-ATX),미니타워,표준-ATX,,,O,,,,,O,최대 4개,최대 410 mm,CPU쿨러: 182mm,2열 수랭쿨러 지원"
"be quiet  SILENT BASE 800 Window Black,be quiet,PC케이스(ATX),미들타워,표준-ATX,,O,O,,,,,O,,400 mm,CPU쿨러: 170mm,2열 수랭쿨러 지원"
"BRAVOTEC  트레저 X8 870T 타이탄 글래스 블랙,BRAVOTEC,PC케이스(ATX),미들타워,표준-ATX,O,O,O,,,,,O,최대 6개,최대 335 mm,CPU쿨러: 최대 168mm,2열 수랭쿨러 지원"
"CORSAIR CARBIDE SERIES AIR 740,CORSAIR,PC케이스(ATX),미들타워,표준-ATX,,O,O,,,,,O,4개,최대 330 mm,CPU쿨러: 최대 170mm,3열 수랭쿨러 지원"
"2MONS  엘포즈 올블랙,2MONS,PC케이스(M-ATX),미니타워(LP),Micro-ATX,,,O,,,,,,최대 2개,190 mm,,"
"be quiet  SILENT BASE 800 Window Orange,be quiet,PC케이스(ATX),미들타워,표준-ATX,,O,O,,,,,O,,최대 400 mm,CPU쿨러: 최대 170mm,2열 수랭쿨러 지원"
"be quiet  SILENT BASE 800 Window Silver,be quiet,PC케이스(ATX),미들타워,표준-ATX,,O,O,,,,,O,,최대 400 mm,CPU쿨러: 최대 170mm,2열 수랭쿨러 지원"
"ABKO  NCORE 디바 USB3.0 블랙,ABKO,PC케이스(ATX),미니타워,표준-ATX,,,O,,,,,O,,310 mm,CPU쿨러: 145mm,"
"BRAVOTEC  U4 Silver 강화유리,BRAVOTEC,PC케이스(ATX),미들타워,표준-ATX,,O,O,,,,,O,최대 3개,최대 310 mm,CPU쿨러: 최대 170mm,2열 수랭쿨러 지원"
"be quiet  SILENT BASE 600 Black,be quiet,PC케이스(ATX),미들타워,표준-ATX,,O,O,,,,,O,,400 mm,CPU쿨러: 167mm,2열 수랭쿨러 지원"
"be quiet  SILENT BASE 600 Silver,be quiet,PC케이스(ATX),미들타워,표준-ATX,,O,O,,,,,O,,400 mm,CPU쿨러: 167mm,2열 수랭쿨러 지원"
"3RSYS  L300 미르 USB3.0,3RSYS,PC케이스(ATX),미들타워,표준-ATX,,O,O,,,,,O,최대 2개,최대 350 mm,CPU쿨러: 최대 153mm,"
"BRAVOTEC  U4 Black 강화유리,BRAVOTEC,PC케이스(ATX),미들타워,표준-ATX,,O,O,,,,,O,최대 3개,최대 310 mm,CPU쿨러: 최대 170mm,2열 수랭쿨러 지원"
"SAMA  STALLION K902B RGB Ctrl BLACK,SAMA,PC케이스(ATX),빅타워,표준-ATX,O,O,O,,,,,O,최대 7개,최대 455 mm,CPU쿨러: 최대 180mm,3열 수랭쿨러 지원"
"ABKO  NCORE 이카루스 USB3.0 블랙,ABKO,PC케이스(ATX),미들타워,표준-ATX,,O,O,,,,,O,최대 3개,최대 380 mm,CPU쿨러: 최대 156mm,"
"SAMA  STALLION KB17 3면 강화유리 with HALO,SAMA,PC케이스(ATX),빅타워,표준-ATX,O,O,O,,,,,O,최대 5개,최대 390 mm,CPU쿨러: 최대 165mm,2열 수랭쿨러 지원"
"3RSYS  T100 발키리,3RSYS,PC케이스(ATX),빅타워,표준-ATX,,O,O,,,,,,,최대 430 mm,,2열 수랭쿨러 지원"
"마이크로닉스  EDGE Mini,마이크로닉스,PC케이스(M-ATX),미니타워,표준-ATX,,,O,,,,,O,최대 1개,최대 350 mm,CPU쿨러: 최대 155mm,"
"잘만  Z9 NEO,잘만,PC케이스(ATX),미들타워,표준-ATX,,O,O,,,,,O,최대 6개,최대 420 mm,CPU쿨러: 최대 160mm,"
"마이크로닉스  Frontier ARC-1000 블랙,마이크로닉스,PC케이스(ATX),미들타워,표준-ATX,,O,O,,,,,O,최대 2개,최대 310 mm,CPU쿨러: 최대 140mm,2열 수랭쿨러 지원"
"be quiet  SILENT BASE 600 Orange,be quiet,PC케이스(ATX),미들타워,표준-ATX,,O,O,,,,,O,,400 mm,CPU쿨러: 167mm,2열 수랭쿨러 지원"
"COX  CX200 USB3.0,COX,PC케이스(ATX),미들타워,표준-ATX,,O,O,,,,,O,최대 2개,최대 360 mm,CPU쿨러: 최대 156mm,"
"ABKO  NCORE 레인보우 프리즘 튜닝 LED 컨트롤 블랙,ABKO,PC케이스(ATX),미들타워,표준-ATX,,O,O,,,,,O,최대 2개,최대 360 mm,CPU쿨러: 최대 161mm,2열 수랭쿨러 지원"
"3RSYS  E610 에스프레소GT USB3.0,3RSYS,PC케이스(ATX),미들타워,표준-ATX,,O,O,,,,,O,최대 6개,최대 395 mm,CPU쿨러: 최대 160mm,"
"COX  A3 녹턴 USB3.0 풀 아크릴 윈도우 화이트,COX,PC케이스(ATX),미들타워,표준-ATX,,O,O,,,,,O,최대 2개,380 mm,CPU쿨러: 156mm,2열 수랭쿨러 지원"
"ABKO  NCORE 바스티온 USB3.0 풀 아크릴 윈도우,ABKO,PC케이스(ATX),미들타워,표준-ATX,,O,O,,,,,O,2개,365 mm,CPU쿨러: 156mm,"
"be quiet  SILENT BASE 600 Window Red,be quiet,PC케이스(ATX),미들타워,표준-ATX,,O,O,,,,,O,,400 mm,CPU쿨러: 167mm,2열 수랭쿨러 지원"
"아이구주  I-1AL Extreme USB 3.0,아이구주,PC케이스(M-ATX),미니타워,표준-ATX,,,O,,,,,O,최대 2개,최대 300 mm,CPU쿨러: 최대 160mm,2열 수랭쿨러 지원"
"CORSAIR  OBSIDIAN 750D,CORSAIR,PC케이스(ATX),빅타워,표준-ATX,O,O,O,,,,,O,최대 10개,최대 450 mm,CPU쿨러: 최대 170mm,3열 수랭쿨러 지원"
"엑슬비젼  CIRCLE EPIC 3.0 블랙,엑슬비젼,PC케이스(ATX),미들타워,표준-ATX,,O,O,,,,,,최대 3개,최대 370 mm,CPU쿨러: 최대 155mm,"
"ABKO  NCORE NBOX 탱고 USB3.0,ABKO,PC케이스(M-ATX),미니타워,표준-ATX,,,O,,,,,O,최대 3개,최대 250 mm,CPU쿨러: 최대 135mm,"
"ABKO  NCORE 디바 USB3.0 화이트,ABKO,PC케이스(ATX),미니타워,표준-ATX,,,O,,,,,O,,310 mm,CPU쿨러: 145mm,"
"COX  A5 코다 USB3.0 풀 아크릴 윈도우 화이트,COX,PC케이스(ATX),미들타워,표준-ATX,,O,O,,,,,O,최대 4개,최대 375 mm,CPU쿨러: 최대 162mm,2열 수랭쿨러 지원"
"잘만  Z1,잘만,PC케이스(ATX),미들타워,표준-ATX,,O,O,,,,,,최대 1개,최대 360 mm,,"
"3RSYS  E-4 USB 3.0,3RSYS,PC케이스(ATX),미들타워,표준-ATX,,O,O,,,,,,최대 2개,최대 350 mm,CPU쿨러: 최대 152mm,"
"잘만  Z9 NEO 화이트,잘만,PC케이스(ATX),미들타워,표준-ATX,,O,O,,,,,O,최대 4개,최대 420 mm,CPU쿨러: 최대 160mm,"
"대양케이스  G1 피씨방,대양케이스,PC케이스(ATX),미들타워,표준-ATX,,O,O,,,,,,최대 3개,최대 325 mm,CPU쿨러: 최대 150mm,"
"Fractal Design  NODE 804,Fractal Design,PC케이스(M-ATX),미니타워,표준-ATX,,,O,,,,,O,최대 4개,최대 320 mm,CPU쿨러: 최대 160mm,2열 수랭쿨러 지원"
"마이크로닉스  Frontier U200 Mini 블랙,마이크로닉스,PC케이스(M-ATX),미니타워,표준-ATX,,,O,,,,,O,최대 2개,최대 300 mm,CPU쿨러: 최대 150mm,2열 수랭쿨러 지원"
"Fractal Design  Define R5 Titanium,Fractal Design,PC케이스(ATX),미들타워,표준-ATX,,O,O,,,,,O,최대 2개,최대 440 mm,CPU쿨러: 최대 180mm,3열 수랭쿨러 지원"
"마이크로닉스  BUFFALO MIDDLE USB3.0 화이트,마이크로닉스,PC케이스(ATX),미들타워,표준-ATX,,O,O,,,,,,최대 2개,최대 310 mm,CPU쿨러: 최대 165mm,2열 수랭쿨러 지원"
"3RSYS  L400,3RSYS,PC케이스(M-ATX),미니타워,표준-ATX,,,O,,,,,O,최대 2개,최대 380 mm,CPU쿨러: 최대 172mm,2열 수랭쿨러 지원"
"대양케이스  Moonlight 화이트 Blue LED,대양케이스,PC케이스(ATX),미들타워,표준-ATX,,O,O,,,,,,최대 2개,최대 360 mm,CPU쿨러: 최대 170mm,2열 수랭쿨러 지원"
"마이크로닉스  Elena Mini USB 3.0,마이크로닉스,PC케이스(M-ATX),미니타워,표준-ATX,,,O,,,,,,최대 1개,최대 350 mm,CPU쿨러: 150mm,"
"3RSYS  R390 댄디,3RSYS,PC케이스(M-ATX),미니타워,표준-ATX,,,O,,,,,,,최대 330 mm,,"
"3RSYS  REMOTE PC,3RSYS,PC케이스(ATX),미들타워,표준-ATX,,O,O,,,,,O,최대 3개,최대 300 mm,CPU쿨러: 최대 147mm,"
"ABKO  NCORE 아파치 USB3.0 풀 아크릴 윈도우 블랙,ABKO,PC케이스(ATX),미들타워,표준-ATX,,O,O,,,,,O,최대 3개,최대 345 mm,CPU쿨러: 최대 150mm,"
"COX  A3 밴조 USB3.0 풀 아크릴 윈도우,COX,PC케이스(ATX),미들타워,표준-ATX,,O,O,,,,,O,최대 1개,395 mm,CPU쿨러: 157mm,"
"CORSAIR  AIR 240 Black,CORSAIR,PC케이스(M-ATX),미니타워,표준-ATX,,,O,,,,,O,최대 6개,최대 290 mm,CPU쿨러: 최대 120mm,"
"SAMA  STALLION K901B Zero NOISE 강화유리 화이트,SAMA,PC케이스(ATX),빅타워,표준-ATX,O,O,O,,,,,O,6개,최대 470 mm,CPU쿨러: 180mm,3열 수랭쿨러 지원"
"IN WIN  BL634 USB 3.0 화이트,IN WIN,PC케이스(M-ATX),미니타워(LP),TFX,,,O,,,,,O,,최대 220 mm,,"
"ABKO  NCORE T30 스위티 USB3.0,ABKO,PC케이스(M-ATX),슬림(LP),Micro-ATX,,,O,,,,,O,최대 2개,최대 250 mm,,"
"쿨러마스터  Silencio 452,쿨러마스터,PC케이스(ATX),미들타워,표준-ATX,,O,O,,,,,,최대 2개,최대 386 mm,CPU쿨러: 최대 158mm,2열 수랭쿨러 지원"
"ABKO  NCORE 이카루스 파이널 USB3.0 블랙,ABKO,PC케이스(ATX),미들타워,표준-ATX,,O,O,,,,,O,최대 2개,최대 380 mm,CPU쿨러: 최대 158mm,2열 수랭쿨러 지원"
"CORSAIR CARBIDE SERIES CLEAR 600C,CORSAIR,PC케이스(RTX),빅타워,표준-ATX,O,O,O,,,,,O,최대 3개,최대 370 mm,CPU쿨러: 최대 200mm,3열 수랭쿨러 지원"
"Fractal Design  Define S window,Fractal Design,PC케이스(ATX),미들타워,표준-ATX,,O,O,,,,,O,최대 2개,최대 450 mm,CPU쿨러: 180mm,3열 수랭쿨러 지원"
"ABKO  NCORE 볼트론 스페셜 화이트 3.0,ABKO,PC케이스(ATX),미들타워,표준-ATX,,O,O,,,,,O,최대 3개,최대 360 mm,CPU쿨러: 최대 157mm,"
"ABKO  NCORE 지니어스 USB3.0,ABKO,PC케이스(M-ATX),미니타워,표준-ATX,,,O,,,,,O,최대 1개,최대 315 mm,,"
"SilverStone Milo ML04B iBORA,SilverStone,HTPC 케이스,데스크탑,표준-ATX,,,O,,,,,O,,,,"
"CORSAIR CARBIDE SERIES SPEC-ALPHA 화이트 & 레드,CORSAIR,PC케이스(ATX),미들타워,표준-ATX,,O,O,,,,,O,최대 4개,최대 380 mm,CPU쿨러: 최대 156mm,"
"ABKO  NCORE 갤로퍼 USB3.0 풀 아크릴 윈도우,ABKO,PC케이스(ATX),미들타워,표준-ATX,,O,O,,,,,O,최대 2개,최대 375 mm,CPU쿨러: 최대 162mm,2열 수랭쿨러 지원"
"NZXT  NOCTIS 450 ROG Edition BRAVOTEC,NZXT,PC케이스(ATX),미들타워,표준-ATX,,O,O,,,,,O,최대 8개,최대 406 mm,CPU쿨러: 최대 180mm,3열 수랭쿨러 지원"
"ABKO  NCORE G200 타노스 IG USB3.0 강화유리 화이트,ABKO,PC케이스(ATX),미들타워,표준-ATX,,O,O,,,,,O,최대 4개,최대 380 mm,CPU쿨러: 최대 162mm,2열 수랭쿨러 지원"
"Fractal Design  Define R5 화이트,Fractal Design,PC케이스(ATX),미들타워,표준-ATX,,O,O,,,,,O,최대 2개,최대 440 mm,CPU쿨러: 최대 180mm,3열 수랭쿨러 지원"
"IN WIN  703 게이밍 블랙,IN WIN,PC케이스(ATX),미들타워,표준-ATX,,O,O,,,,,O,최대 3개,최대 408 mm,CPU쿨러: 최대 170mm,"
"2MONS  엘포즈 올블랙 USB3.0,2MONS,PC케이스(M-ATX),미니타워(LP),Micro-ATX,,,O,,,,,,최대 2개,최대 190 mm,,"
"AONE  E4 엘도라도 USB3.0,AONE,PC케이스(ATX),미들타워,표준-ATX,,O,O,,,,,,최대 2개,최대 360 mm,CPU쿨러: 최대 160mm,"
"ABKO  NCORE 이카루스 파이널 USB3.0 화이트,ABKO,PC케이스(ATX),미들타워,표준-ATX,,O,O,,,,,O,최대 2개,최대 380 mm,CPU쿨러: 최대 158mm,2열 수랭쿨러 지원"
"마이크로닉스  Frontier ARC-1000 화이트,마이크로닉스,PC케이스(ATX),미들타워,표준-ATX,,O,O,,,,,O,최대 2개,최대 310 mm,CPU쿨러: 최대 140mm,2열 수랭쿨러 지원"
"대양케이스  K1 Game Box,대양케이스,PC케이스(ATX),미들타워,표준-ATX,,O,O,,,,,,,240 mm,CPU쿨러: 140mm,"
"잘만  ZM-R1,잘만,PC케이스(ATX),미들타워,표준-ATX,,O,O,,,,,O,최대 1개,최대 360 mm,,2열 수랭쿨러 지원"
"3RSYS  R-BOX 300 USB3.0,3RSYS,PC케이스(M-ATX),미니타워,표준-ATX,,,O,,,,,O,최대 3개,최대 300 mm,CPU쿨러: 최대 157mm,2열 수랭쿨러 지원"
"3RSYS  E-2 USB 3.0,3RSYS,PC케이스(ATX),미들타워,표준-ATX,,O,O,,,,,,최대 2개,최대 350 mm,CPU쿨러: 최대 152mm,"
"대양케이스  뷰 화이트,대양케이스,PC케이스(ATX),미들타워,표준-ATX,,O,O,,,,,,최대 3개,최대 380 mm,CPU쿨러: 최대 160mm,"
"ABKO  NCORE 플래툰 USB3.0 강화유리 블랙,ABKO,PC케이스(ATX),빅타워,표준-ATX,O,O,O,,,,,O,최대 5개,최대 415 mm,CPU쿨러: 최대 165mm,2열 수랭쿨러 지원"
"마이크로닉스  ELF M205 BLACK USB 3.0,마이크로닉스,PC케이스(M-ATX),미니타워(LP),Micro-ATX,,,O,,,,,,,190 mm,CPU쿨러: 60mm,"
"ABKO  NCORE 벤투스 USB3.0 화이트,ABKO,PC케이스(ATX),미들타워,표준-ATX,,O,O,,,,,O,최대 2개,최대 365 mm,CPU쿨러: 최대 158mm,2열 수랭쿨러 지원"
"마이크로닉스  LUCY A301 BLACK USB3.0,마이크로닉스,PC케이스(ATX),슬림(LP),표준-ATX,,O,O,,,,,,,250 mm,CPU쿨러: 60mm,"
"IN WIN  EM058 USB3.0,IN WIN,PC케이스(M-ATX),미니타워,표준-ATX,,,O,,,,,O,최대 1개,최대 350 mm,CPU쿨러: 최대 165mm,"
"3RSYS  L900 USB3.0 화이트,3RSYS,PC케이스(ATX),미들타워,표준-ATX,,O,O,,,,,O,최대 5개,최대 380 mm,CPU쿨러: 최대 172mm,2열 수랭쿨러 지원"
"마이크로닉스  24형 풀HD 일체형케이스 (파워 미포함),마이크로닉스,PC케이스(ATX),미들타워,SFX,,,O,,,,,O,최대 1개,최대 255 mm,,"
"IN WIN  GR ONE 블랙 EDGE 3.0,IN WIN,PC케이스(ATX),빅타워,표준-ATX,O,O,,,,,,,최대 8개,최대 340 mm,CPU쿨러: 최대 200mm,3열 수랭쿨러 지원"
"NZXT  S340 ELITE Black Red BRAVOTEC,NZXT,PC케이스(ATX),미들타워,표준-ATX,,O,O,,,,,O,최대 4개,최대 364 mm,CPU쿨러: 최대 161mm,2열 수랭쿨러 지원"
"ABKO  NCORE 히트 USB3.0,ABKO,PC케이스(M-ATX),미니타워,표준-ATX,,,O,,,,,O,최대 3개,332 mm,CPU쿨러: 155mm,"
"COX  AG 110A USB3.0,COX,PC케이스(ATX),미들타워,표준-ATX,,O,O,,,,,O,최대 3개,최대 360 mm,CPU쿨러: 최대 157mm,"
"IN WIN  707 게이밍 블랙,IN WIN,PC케이스(ATX),빅타워,표준-ATX,O,O,,,,,,,최대 8개,최대 365 mm,CPU쿨러: 최대 206mm,3열 수랭쿨러 지원"
"3RSYS  L5000,3RSYS,PC케이스(ATX),빅타워,표준-ATX,,O,O,,,,,,최대 9개,최대 430 mm,,"
"대양케이스  MoonLight 미니 화이트 LED 블랙 윈도우 USB 3.0,대양케이스,PC케이스(M-ATX),미니타워,표준-ATX,,,O,,,,,O,최대 3개,최대 320 mm,CPU쿨러: 최대 158mm,2열 수랭쿨러 지원"
"BRAVOTEC  스텔스 DX 화이트 파노라마 윈도우,BRAVOTEC,PC케이스(ATX),빅타워,표준-ATX,O,O,O,,,,,O,최대 8개,최대 325 mm,CPU쿨러: 최대 165mm,2열 수랭쿨러 지원"
"CORSAIR  GRAPHITE SERIES 780T 화이트,CORSAIR,PC케이스(ATX),빅타워,표준-ATX,O,O,O,,,,,O,최대 3개,최대 355 mm,CPU쿨러: 최대 200mm,2열 수랭쿨러 지원"
"IN WIN  GR ONE 화이트 EDGE 3.0,IN WIN,PC케이스(ATX),빅타워,표준-ATX,O,O,,,,,,,최대 8개,최대 340 mm,CPU쿨러: 최대 200mm,3열 수랭쿨러 지원"
"BIGS  스텔라 미니 USB 3.0,BIGS,PC케이스(M-ATX),미니타워,표준-ATX,,,O,,,,,O,최대 2개,최대 320 mm,CPU쿨러: 최대 145mm,"
"COX  AG 10L USB3.0,COX,PC케이스(M-ATX),미니타워(LP),Micro-ATX,,,O,,,,,O,최대 2개,최대 250 mm,CPU쿨러: 최대 75mm,"
"3RSYS  L910 풀 아크릴 윈도우,3RSYS,PC케이스(ATX),미들타워,표준-ATX,,O,O,,,,,O,최대 3개,최대 380 mm,CPU쿨러: 최대 172mm,2열 수랭쿨러 지원"
"대양케이스  콜라,대양케이스,PC케이스(ATX),미들타워,표준-ATX,,O,O,,,,,O,최대 1개,최대 250 mm,CPU쿨러: 최대 150mm,"
"ABKO  NCORE 마운틴 FT980 USB3.0 화이트,ABKO,PC케이스(ATX),미들타워,표준-ATX,,O,O,,,,,O,최대 4개,최대 390 mm,CPU쿨러: 최대 162mm,2열 수랭쿨러 지원"
"ABKO  NCORE 알리 USB3.0,ABKO,PC케이스(M-ATX),미니타워,표준-ATX,,,O,,,,,O,최대 3개,최대 280 mm,CPU쿨러: 최대 145mm,"
"대양케이스  Romance USB 3.0 윈도우 블랙,대양케이스,PC케이스(ATX),미들타워,표준-ATX,,O,O,,,,,,최대 2개,최대 365 mm,CPU쿨러: 최대 165mm,"
"BRAVOTEC  트레저 X6 630S 파노라마 윈도우 블랙,BRAVOTEC,PC케이스(ATX),빅타워,표준-ATX,O,O,O,,,,,O,최대 5개,최대 420 mm,CPU쿨러: 최대 170mm,3열 수랭쿨러 지원"
"엑슬비젼  CIRCLE EPIC 3.0 화이트,엑슬비젼,PC케이스(ATX),미들타워,표준-ATX,,O,O,,,,,,최대 3개,최대 370 mm,CPU쿨러: 최대 155mm,"
"아이구주  G20 USB 3.0,아이구주,PC케이스(ATX),미들타워,표준-ATX,,O,O,,,,,,최대 1개,최대 330 mm,CPU쿨러: 최대 150mm,"
"ABKO  NCORE 프린스 라이트 USB3.0,ABKO,PC케이스(M-ATX),미니타워,표준-ATX,,,O,,,,,O,최대 1개,최대 315 mm,,"
"아이구주  G1 USB 3.0,아이구주,PC케이스(ATX),미들타워,표준-ATX,,O,O,,,,,O,최대 2개,최대 340 mm,CPU쿨러: 최대 150mm,"
"CORSAIR  OBSIDIAN 450D,CORSAIR,PC케이스(ATX),미들타워,표준-ATX,O,O,O,,,,,O,최대 5개,최대 430 mm,CPU쿨러: 최대 165mm,3열 수랭쿨러 지원"
"BRAVOTEC  UMX4 Black 강화유리,BRAVOTEC,PC케이스(ATX),미들타워,표준-ATX,,O,O,,,,,O,최대 4개,최대 310 mm,CPU쿨러: 최대 162mm,2열 수랭쿨러 지원"
"CORSAIR CARBIDE SERIES AIR 540 화이트,CORSAIR,PC케이스(ATX),미들타워,표준-ATX,O,O,O,,,,,O,최대 4개,최대 320 mm,CPU쿨러: 최대 170mm,2열 수랭쿨러 지원"
"아이구주  G40 블랙홀 LED 풀 아크릴 윈도우,아이구주,PC케이스(ATX),미들타워,표준-ATX,,O,O,,,,,O,최대 5개,최대 350 mm,CPU쿨러: 최대 153mm,2열 수랭쿨러 지원"
"SAMA  STALLION KB10 USB3.0 강화유리,SAMA,PC케이스(ATX),미들타워,표준-ATX,,O,O,,,,,O,최대 5개,최대 390 mm,CPU쿨러: 최대 163mm,2열 수랭쿨러 지원"
"ABKO  NCORE 플래툰 USB3.0 강화유리 화이트,ABKO,PC케이스(ATX),빅타워,표준-ATX,O,O,O,,,,,O,최대 5개,최대 415 mm,CPU쿨러: 최대 165mm,2열 수랭쿨러 지원"
"대양케이스  BLAZER USB 3.0 윈도우,대양케이스,PC케이스(ATX),미들타워,표준-ATX,,O,O,,,,,,2개,최대 360 mm,CPU쿨러: 160mm,"
"CORSAIR CARBIDE SERIES 88R,CORSAIR,PC케이스(M-ATX),미니타워,표준-ATX,,,O,,,,,O,최대 2개,최대 383 mm,CPU쿨러: 최대 150mm,2열 수랭쿨러 지원"
"CORSAIR CARBIDE SERIES 100R Silent Edition,CORSAIR,PC케이스(ATX),미들타워,표준-ATX,,O,O,,,,,O,,최대 414 mm,CPU쿨러: 최대 150mm,"
"CORSAIR  AIR 240 화이트,CORSAIR,PC케이스(M-ATX),미니타워,표준-ATX,,,O,,,,,O,최대 6개,최대 290 mm,CPU쿨러: 최대 120mm,"
"3RSYS  R370 메이플,3RSYS,PC케이스(M-ATX),미니타워,표준-ATX,,,O,,,,,,,330 mm,,"
"CORSAIR  OBSIDIAN 750D Airflow,CORSAIR,PC케이스(ATX),빅타워,표준-ATX,O,O,O,,,,,O,최대 10개,최대 450 mm,CPU쿨러: 최대 170mm,3열 수랭쿨러 지원"
"CORSAIR CARBIDE SERIES 200R,CORSAIR,PC케이스(ATX),미들타워,표준-ATX,,O,O,,,,,,,최대 410 mm,,"
"ABKO  NCORE G280 트루퍼 USB3.0 화이트,ABKO,PC케이스(ATX),미들타워,,,O,O,,,,,O,최대 4개,최대 380mm mm,CPU쿨러: 최대 162mm,2열 수랭쿨러 지원"
"CORSAIR CARBIDE SERIES AIR 540 Silver,CORSAIR,PC케이스(ATX),미들타워,표준-ATX,O,O,O,,,,,O,최대 4개,최대 320 mm,CPU쿨러: 170mm,2열 수랭쿨러 지원"
"COX  A1 피아노 USB3.0 아크릴 윈도우,COX,PC케이스(ATX),미니타워,표준-ATX,,,O,,,,,O,최대 5개,302 mm,CPU쿨러: 155mm,"
"ABKO  NCORE 레인보우 X 튜닝 LED 컨트롤 블랙,ABKO,PC케이스(ATX),미들타워,표준-ATX,,O,O,,,,,O,최대 2개,최대 360 mm,CPU쿨러: 최대 161mm,2열 수랭쿨러 지원"
"대양케이스  SAPA USB 3.0,대양케이스,PC케이스(ATX),미들타워,표준-ATX,,O,O,,,,,,최대 1개,최대 350 mm,CPU쿨러: 최대 160mm,"
"3RSYS  L300 미르 USB3.0 화이트,3RSYS,PC케이스(ATX),미들타워,표준-ATX,,O,O,,,,,O,최대 2개,최대 350 mm,CPU쿨러: 최대 153mm,"
"ABKO  NCORE 마운틴 AM100 USB3.0 강화유리,ABKO,PC케이스(M-ATX),미니타워,표준-ATX,,,O,,,,,O,최대 6개,최대 370 mm,CPU쿨러: 최대 155mm,2열 수랭쿨러 지원"
"GMC  엘리트 화이트 USB 3.0,GMC,PC케이스(ATX),미들타워,표준-ATX,,O,O,,,,,O,최대 3개,최대 273 mm,,"
"잘만  Z3 PLUS 화이트,잘만,PC케이스(ATX),미들타워,표준-ATX,,O,O,,,,,,최대 1개,최대 360 mm,,"
"ABKO  NCORE 트윅스 USB3.0,ABKO,PC케이스(M-ATX),미니타워,표준-ATX,,,O,,,,,O,최대 5개,최대 335 mm,,"
"SilverStone Redline RL06BR-PRO iBORA,SilverStone,PC케이스(ATX),미들타워,표준-ATX,,O,O,,,,,,최대 5개,최대 348 mm,CPU쿨러: 최대 158mm,2열 수랭쿨러 지원"
"ABKO  Alu-500RTX,ABKO,PC케이스(RTX),미들타워,표준-ATX,,O,O,,,,,,최대 1개,최대 300 mm,CPU쿨러: 최대 162mm,"
"BRAVOTEC  스텔스 FX470 파노라마 윈도우 화이트,BRAVOTEC,PC케이스(ATX),빅타워,표준-ATX,O,O,O,,,,,O,최대 8개,최대 325 mm,CPU쿨러: 최대 165mm,3열 수랭쿨러 지원"
"잘만  Z11 NEO,잘만,PC케이스(ATX),미들타워,표준-ATX,,O,O,,,,,,최대 6개,최대 400 mm,CPU쿨러: 최대 175mm,2열 수랭쿨러 지원"
"IN WIN  805 인피니티 블랙,IN WIN,PC케이스(ATX),미들타워,표준-ATX,,O,O,,,,,O,최대 2개,최대 320 mm,CPU쿨러: 최대 156mm,2열 수랭쿨러 지원"
"마이크로닉스  듀크 풀 아크릴 윈도우,마이크로닉스,PC케이스(ATX),미들타워,표준-ATX,,O,O,,,,,O,최대 2개,최대 370 mm,CPU쿨러: 최대 156mm,2열 수랭쿨러 지원"
"AONE  G1 스피카 USB3.0,AONE,PC케이스(ATX),미들타워,표준-ATX,,O,O,,,,,,최대 2개,최대 380mm mm,CPU쿨러: 최대 160mm,"
"GMC  B7 샤이니,GMC,PC케이스(ATX),미들타워,표준-ATX,,O,O,,,,,O,최대 2개,최대 360 mm,CPU쿨러: 최대 160mm,"
"ABKO  NCORE 레인보우 X 튜닝 LED 컨트롤 화이트,ABKO,PC케이스(ATX),미들타워,표준-ATX,,O,O,,,,,O,최대 2개,최대 360 mm,CPU쿨러: 최대 161mm,2열 수랭쿨러 지원"
"CORSAIR  GRAPHITE SERIES 780T BLACK,CORSAIR,PC케이스(ATX),빅타워,표준-ATX,O,O,O,,,,,O,최대 3개,최대 355 mm,CPU쿨러: 최대 200mm,2열 수랭쿨러 지원"
"SilverStone Milo ML05B iBORA,SilverStone,HTPC 케이스,미니ITX(리틀밸리),SFX,,,,,,,,O,,,,"
"NZXT  NOCTIS 450 Black BRAVOTEC,NZXT,PC케이스(ATX),미들타워,표준-ATX,,O,O,,,,,O,최대 8개,최대 406 mm,CPU쿨러: 최대 180mm,3열 수랭쿨러 지원"
"SilverStone Redline RL06WS-PRO iBORA,SilverStone,PC케이스(ATX),미들타워,표준-ATX,,O,O,,,,,,최대 5개,최대 348 mm,CPU쿨러: 최대 158mm,2열 수랭쿨러 지원"
"GMC  엘리트 블랙 USB 3.0,GMC,PC케이스(ATX),미들타워,표준-ATX,,O,O,,,,,O,1개,최대 273 mm,,"
"BRAVOTEC  스텔스 DX 블랙 파노라마 윈도우,BRAVOTEC,PC케이스(ATX),빅타워,표준-ATX,O,O,O,,,,,O,최대 8개,최대 325 mm,CPU쿨러: 최대 165mm,2열 수랭쿨러 지원"
"대양케이스  Calio USB 3.0 화이트 윈도우,대양케이스,PC케이스(ATX),미들타워,표준-ATX,,O,O,,,,,,최대 5개,최대 360 mm,CPU쿨러: 최대 170mm,2열 수랭쿨러 지원"
"IN WIN  805 TG3.0 블랙,IN WIN,PC케이스(ATX),미들타워,표준-ATX,,O,O,,,,,,최대 2개,최대 320 mm,CPU쿨러: 최대 156mm,2열 수랭쿨러 지원"
"3RSYS  J300 USB3.0,3RSYS,PC케이스(M-ATX),미니타워,표준-ATX,,,O,,,,,,최대 3개,최대 310 mm,CPU쿨러: 최대 140mm,"
"대양케이스  Calio USB 3.0 블랙 윈도우,대양케이스,PC케이스(ATX),미들타워,표준-ATX,,O,O,,,,,,최대 5개,최대 360 mm,CPU쿨러: 최대 170mm,2열 수랭쿨러 지원"
"ABKO  NCORE 마운틴 FT980 USB3.0 레드,ABKO,PC케이스(ATX),미들타워,표준-ATX,,O,O,,,,,O,최대 4개,최대 390 mm,CPU쿨러: 최대 162mm,2열 수랭쿨러 지원"
"IN WIN  C583 블랙 USB 3.0,IN WIN,PC케이스(ATX),미들타워,표준-ATX,,O,O,,,,,,,280 mm,CPU쿨러: 165mm,"
"BRAVOTEC  디파이 R50 화이트,BRAVOTEC,PC케이스(M-ATX),미니타워,표준-ATX,,,O,,,,,O,최대 7개,최대 320 mm,CPU쿨러: 최대 155mm,2열 수랭쿨러 지원"
"ABKO  NCORE 크록스 USB3.0 풀 아크릴 윈도우 블랙,ABKO,PC케이스(ATX),미들타워,표준-ATX,,O,O,,,,,O,4개,375 mm,CPU쿨러: 162mm,"
"ABKO  NCORE 마운틴 AT1000 USB3.0 강화유리,ABKO,PC케이스(ATX),미들타워,표준-ATX,,O,O,,,,,O,최대 7개,최대 430 mm,CPU쿨러: 최대 165mm,2열 수랭쿨러 지원"
"NZXT  S340 ELITE Black BRAVOTEC,NZXT,PC케이스(ATX),미들타워,표준-ATX,,O,O,,,,,O,최대 4개,최대 364 mm,CPU쿨러: 최대 161mm,2열 수랭쿨러 지원"
"BRAVOTEC  트레저 X6 630S 파노라마 윈도우 화이트,BRAVOTEC,PC케이스(ATX),빅타워,표준-ATX,O,O,O,,,,,O,최대 5개,최대 420 mm,CPU쿨러: 최대 170mm,3열 수랭쿨러 지원"
"COX  A3 아리아 USB3.0 풀 아크릴 윈도우 튜닝 LED 컨트롤,COX,PC케이스(ATX),미들타워,표준-ATX,,O,O,,,,,O,최대 3개,370 mm,CPU쿨러: 최대 156mm,2열 수랭쿨러 지원"
"ABKO  NCORE 크록스 USB3.0 풀 아크릴 윈도우 화이트,ABKO,PC케이스(ATX),미들타워,표준-ATX,,O,O,,,,,O,4개,375 mm,CPU쿨러: 162mm,"
"쿨러마스터  CM690 III,쿨러마스터,PC케이스(ATX),미들타워,표준-ATX,,O,O,,,,,,,423 mm,CPU쿨러: 171mm,2열 수랭쿨러 지원"
"CORSAIR CARBIDE SERIES 100R Window Edition,CORSAIR,PC케이스(ATX),미들타워,표준-ATX,,O,O,,,,,O,,최대 414 mm,CPU쿨러: 최대 150mm,"
"GMC  T360,GMC,PC케이스(ATX),미들타워,표준-ATX,,O,O,,,,,O,최대 1개,최대 400 mm,CPU쿨러: 최대 150mm,"
"CORSAIR CARBIDE SERIES SPEC-ALPHA Black & Silver,CORSAIR,PC케이스(ATX),미들타워,표준-ATX,,O,O,,,,,O,최대 4개,최대 380 mm,CPU쿨러: 최대 156mm,"
"대양케이스  Romance USB 3.0 윈도우 화이트,대양케이스,PC케이스(ATX),미들타워,표준-ATX,,O,O,,,,,,최대 2개,최대 365 mm,CPU쿨러: 최대 165mm,"
"쿨러마스터  K280 USB 3.0,쿨러마스터,PC케이스(ATX),미들타워,표준-ATX,,O,O,,,,,,,최대 315 mm,CPU쿨러: 최대 162mm,"
"쿨러마스터  MasterCase Maker 5 LED Strip 대양케이스,쿨러마스터,PC케이스(ATX),미들타워,표준-ATX,,O,O,,,,,O,최대 7개,최대 412 mm,CPU쿨러: 최대 190mm,2열 수랭쿨러 지원"
"쿨러마스터  COSMOS II Ultra Tower 대양케이스,쿨러마스터,PC케이스(ATX),빅타워,표준-ATX,O,O,O,,,,,,,최대 385 mm,CPU쿨러: 최대 190mm,"
"잘만  ZM-R1 화이트,잘만,PC케이스(ATX),미들타워,표준-ATX,,O,O,,,,,O,최대 1개,최대 360 mm,,2열 수랭쿨러 지원"
"대양케이스  B2-SPIRIT USB 3.0,대양케이스,PC케이스(ATX),빅타워,표준-ATX,O,O,O,,,,,,최대 13개,최대 400 mm,CPU쿨러: 최대 200mm,2열 수랭쿨러 지원"
"3RSYS  L910 풀 윈도우 튜닝LED바,3RSYS,PC케이스(ATX),미들타워,표준-ATX,,O,O,,,,,O,최대 3개,최대 380 mm,CPU쿨러: 최대 172mm,2열 수랭쿨러 지원"
"대양케이스  M700,대양케이스,PC케이스(M-ATX),미니타워,표준-ATX,,,O,,,,,O,최대 2개,최대 340 mm,CPU쿨러: 최대 156mm,"
"IN WIN  Z645 USB 3.0,IN WIN,PC케이스(M-ATX),미니타워,표준-ATX,,,O,,,,,O,,320 mm,CPU쿨러: 155mm,"
"쿨러마스터  COSMOS SE WINDOW,쿨러마스터,PC케이스(ATX),빅타워,표준-ATX,,O,O,,,,,O,최대 18개,최대 395 mm,CPU쿨러: 최대 175mm,2열 수랭쿨러 지원"
"대양케이스  RICH USB 3.0,대양케이스,PC케이스(RTX),미니타워,표준-ATX,,,O,,,,,,최대 2개,최대 330 mm,CPU쿨러: 최대 150mm,"
"대양케이스  G8 피씨방,대양케이스,PC케이스(ATX),미들타워,표준-ATX,,O,O,,,,,,최대 1개,최대 300 mm,CPU쿨러: 160mm,"
"아이구주  G25 블랙홀 LED 풀 아크릴 윈도우,아이구주,PC케이스(ATX),미들타워,표준-ATX,,O,O,,,,,O,최대 3개,최대 350 mm,CPU쿨러: 최대 153mm,2열 수랭쿨러 지원"
"3RSYS  V300,3RSYS,PC케이스(M-ATX),미니타워(LP),Micro-ATX,,,O,,,,,,최대 1개,최대 210 mm,,"
"ABKO  NCORE 오로라 RGB 튜닝 LED 강화유리 화이트,ABKO,PC케이스(ATX),미들타워,표준-ATX,,O,O,,,,,O,최대 4개,380 mm,CPU쿨러: 162mm,2열 수랭쿨러 지원"
"COX  A1 알토 USB3.0 블랙,COX,PC케이스(ATX),미니타워,표준-ATX,,,O,,,,,O,최대 3개,335 mm,CPU쿨러: 165mm,"
"BRAVOTEC  UMX3 Black 강화유리,BRAVOTEC,PC케이스(M-ATX),미니타워,표준-ATX,,,O,,,,,O,최대 3개,최대 320 mm,CPU쿨러: 최대 163mm,1열 수랭쿨러 지원"
"쿨러마스터  N200,쿨러마스터,PC케이스(M-ATX),미니타워,표준-ATX,,,O,,,,,O,,최대 355 mm,CPU쿨러: 최대 160mm,"
"대양케이스  GALAXY USB 3.0 풀 아크릴 윈도우,대양케이스,PC케이스(ATX),미들타워,표준-ATX,,O,O,,,,,,최대 4개,최대 360 mm,CPU쿨러: 최대 160mm,2열 수랭쿨러 지원"
"ABKO  NCORE 마틴 USB3.0,ABKO,PC케이스(ATX),미들타워,표준-ATX,,O,O,,,,,O,최대 2개,최대 340 mm,CPU쿨러: 155mm,"
"AONE  M5 미니미 USB3.0,AONE,PC케이스(M-ATX),미니타워,표준-ATX,,,O,,,,,,최대 3개,최대 280 mm,CPU쿨러: 최대 150mm,"
"IN WIN  909 X-VIEW,IN WIN,PC케이스(ATX),빅타워,표준-ATX,O,O,O,,,,,,최대 6개,최대 320 mm,CPU쿨러: 최대 175mm,3열 수랭쿨러 지원"
"IN WIN  EF-054 USB3.0,IN WIN,PC케이스(M-ATX),미니타워,표준-ATX,,,O,,,,,O,최대 1개,최대 330 mm,CPU쿨러: 최대 145mm,"
"ABKO  NCORE G200 타노스 IG USB3.0 풀 아크릴 윈도우 블랙,ABKO,PC케이스(ATX),미들타워,표준-ATX,,O,O,,,,,O,최대 4개,최대 380 mm,CPU쿨러: 최대 162mm,2열 수랭쿨러 지원"
"3RSYS  L910 화이트 풀 윈도우 튜닝LED바,3RSYS,PC케이스(ATX),미들타워,표준-ATX,,O,O,,,,,O,최대 3개,최대 380 mm,CPU쿨러: 최대 172mm,2열 수랭쿨러 지원"
"대양케이스  StRong,대양케이스,PC케이스(ATX),미들타워,표준-ATX,,O,O,,,,,,최대 1개,최대 350 mm,CPU쿨러: 최대 160mm,"
"2MONS  엘포즈,2MONS,PC케이스(M-ATX),미니타워(LP),Micro-ATX,,,O,,,,,,최대 2개,190 mm,,"
"ABKO  X10 BeLLUM,ABKO,PC케이스(RTX),미들타워,표준-ATX,,O,O,,,,,,최대 2개,최대 300 mm,CPU쿨러: 최대 162mm,"
"쿨러마스터  CM690 III WINDOW,쿨러마스터,PC케이스(ATX),미들타워,표준-ATX,,O,O,,,,,,,423 mm,CPU쿨러: 171mm,2열 수랭쿨러 지원"
"CORSAIR  CRYSTAL SERIES 460X,CORSAIR,PC케이스(ATX),미들타워,표준-ATX,,O,O,,,,,O,최대 3개,최대 370 mm,CPU쿨러: 최대 170mm,3열 수랭쿨러 지원"
"COX  CX30 USB 3.0,COX,PC케이스(ATX),미들타워,표준-ATX,,O,O,,,,,O,최대 3개,최대 340 mm,CPU쿨러: 최대 150mm,"
"ABKO  NCORE G200 타노스 IG USB3.0 풀 아크릴 윈도우 화이트,ABKO,PC케이스(ATX),미들타워,표준-ATX,,O,O,,,,,O,최대 4개,최대 380 mm,CPU쿨러: 최대 162mm,2열 수랭쿨러 지원"
"쿨러마스터  Silencio 652,쿨러마스터,PC케이스(ATX),미들타워,표준-ATX,,O,O,,,,,,,최대 423 mm,CPU쿨러: 최대 168mm,"
"쿨러마스터  K350 USB 3.0,쿨러마스터,PC케이스(ATX),미들타워,표준-ATX,,O,O,,,,,,,최대 315 mm,,"
"ABKO  Alu-200 Black USB 3.0,ABKO,PC케이스(ATX),미들타워,표준-ATX,,O,O,,,,,,최대 1개,최대 350 mm,CPU쿨러: 150mm,"
"쿨러마스터  COSMOS 1000 대양케이스,쿨러마스터,PC케이스(ATX),빅타워,표준-ATX,O,O,O,,,,,,,,,"
"AEROCOOL  DS CUBE WINDOW Black Edition 대양케이스,AEROCOOL,PC케이스(M-ATX),미니타워,표준-ATX,,,O,,,,,O,,최대 350 mm,CPU쿨러: 최대 200mm,"
"Antec  P280,Antec,PC케이스(ATX),미들타워,표준-ATX,,O,O,,,,,O,,최대 330 mm,CPU쿨러: 최대 170mm,"
"COX  A1 알토 USB3.0 화이트,COX,PC케이스(ATX),미니타워,표준-ATX,,,O,,,,,O,최대 3개,335 mm,CPU쿨러: 165mm,"
"GMC  아즈텍,GMC,PC케이스(M-ATX),미니타워,표준-ATX,,,O,,,,,O,최대 1개,최대 350 mm,CPU쿨러: 최대 150mm,"
"대양케이스  Cyonic RAINBOW 풀 아크릴 윈도우 USB 3.0,대양케이스,PC케이스(ATX),미들타워,표준-ATX,,O,O,,,,,O,최대 4개,최대 380 mm,CPU쿨러: 최대 140mm,2열 수랭쿨러 지원"
"NZXT  Phantom 530 Black BRAVOTEC,NZXT,PC케이스(ATX),빅타워,표준-ATX,O,O,O,,,,,,,최대 310mm mm,CPU쿨러: 183mm,"
"IN WIN  EN021 HD AUDIO,IN WIN,PC케이스(M-ATX),미니타워,표준-ATX,,,O,,,,,,최대 1개,최대 330 mm,CPU쿨러: 최대 145mm,"
"IN WIN  Z583 블랙 USB 3.0,IN WIN,PC케이스(M-ATX),미니타워,표준-ATX,,,O,,,,,O,,320 mm,CPU쿨러: 155mm,"
"2MONS  에이밴드 USB ST.,2MONS,PC케이스(ATX),미들타워,표준-ATX,,O,O,,,,,,최대 1개,최대 360 mm,,"
"GMC  마야,GMC,PC케이스(M-ATX),미니타워,표준-ATX,,,O,,,,,,최대 1개,최대 340 mm,CPU쿨러: 최대 152mm,"
"쿨러마스터  HAF STACKER 945R,쿨러마스터,PC케이스(ATX),빅타워,표준-ATX,O,O,O,,,,,O,,최대 354, 360(915R) mm,CPU쿨러: 최대 180, 80(915R)mm,"
"쿨러마스터  K550 USB 3.0,쿨러마스터,PC케이스(ATX),미들타워,표준-ATX,,O,O,,,,,,,기본 281 mm /  최대 400 mm,,"
"쿨러마스터  N300,쿨러마스터,PC케이스(ATX),미들타워,표준-ATX,,O,O,,,,,,,최대 320 mm,,"
"NZXT  Phantom 240 화이트 BRAVOTEC,NZXT,PC케이스(ATX),미들타워,표준-ATX,,O,O,,,,,O,최대 6개,최대 400 mm,CPU쿨러: 최대 158mm,2열 수랭쿨러 지원"
"쿨러마스터  HAF XB EVO,쿨러마스터,PC케이스(ATX),데스크탑,표준-ATX,,O,O,,,,,O,,334 mm,CPU쿨러: 180mm,"
"CORSAIR  OBSIDIAN 350D,CORSAIR,PC케이스(M-ATX),미니타워,표준-ATX,,,O,,,,,O,최대 2개,최대 380 mm,CPU쿨러: 최대 160mm,2열 수랭쿨러 지원"
"마이크로닉스  BLANC Mini USB 3.0,마이크로닉스,PC케이스(M-ATX),미니타워,표준-ATX,,,O,,,,,,1개,최대 350 mm,CPU쿨러: 최대 150mm,"
"BRAVOTEC  QT01 USB 3.0,BRAVOTEC,PC케이스(ATX),미들타워,표준-ATX,,O,O,,,,,O,최대 5개,최대 320 mm,CPU쿨러: 최대 160mm,"
"대양케이스  Dark Force,대양케이스,PC케이스(ATX),미들타워,표준-ATX,,O,O,,,,,,최대 1개,최대 240 mm,CPU쿨러: 최대 150mm,"
"DEEPCOOL  TriStellar SW BRAVOTEC,DEEPCOOL,미니ITX,미니타워,표준-ATX,,,,,,,,O,최대 3개,최대 320 mm,CPU쿨러: 최대 85mm,1열 수랭쿨러 지원"
"IN WIN  805 TG3.0 레드,IN WIN,PC케이스(ATX),미들타워,표준-ATX,,O,O,,,,,,최대 2개,최대 320 mm,CPU쿨러: 최대 156mm,2열 수랭쿨러 지원"
"NZXT  H440 2017 화이트 BRAVOTEC,NZXT,PC케이스(ATX),미들타워,표준-ATX,,O,O,,,,,O,최대 8개,최대 406 mm,CPU쿨러: 최대 180mm,3열 수랭쿨러 지원"
"ABKO  NCORE H100 대항마 USB3.0 풀 아크릴 윈도우 블랙,ABKO,PC케이스(ATX),미들타워,표준-ATX,,O,O,,,,,O,2개,375 mm,CPU쿨러: 162mm,2열 수랭쿨러 지원"
"쿨러마스터  Silencio 352,쿨러마스터,PC케이스(M-ATX),미니타워,표준-ATX,,,O,,,,,O,최대 4개,최대 355 mm,CPU쿨러: 최대 155mm,"
"BRAVOTEC  RM3 Black 강화유리,BRAVOTEC,PC케이스(M-ATX),미니타워,표준-ATX,,,O,,,,,O,최대 5개,최대 310 mm,CPU쿨러: 최대 170mm,1열 수랭쿨러 지원"
"BRAVOTEC  트레저 X8 870T 타이탄 글래스 화이트,BRAVOTEC,PC케이스(ATX),미들타워,표준-ATX,O,O,O,,,,,O,최대 6개,최대 335 mm,CPU쿨러: 최대 168mm,2열 수랭쿨러 지원"
"쿨러마스터  HAF STACKER 935,쿨러마스터,PC케이스(ATX),빅타워,표준-ATX,O,O,O,,,,,,,최대 354 mm,CPU쿨러: 최대 180mm,"
"BRAVOTEC  RM3 Silver 강화유리,BRAVOTEC,PC케이스(M-ATX),미니타워,표준-ATX,,,O,,,,,O,최대 5개,최대 310 mm,CPU쿨러: 최대 170mm,1열 수랭쿨러 지원"
"Antec  P280 화이트 WINDOW,Antec,PC케이스(ATX),미들타워,표준-ATX,,O,O,,,,,O,,최대 330 mm,CPU쿨러: 최대 170mm,"
"쿨러마스터  CM Force 500,쿨러마스터,PC케이스(ATX),미들타워,표준-ATX,,O,O,,,,,,,320mm mm,CPU쿨러: 163.9mm,2열 수랭쿨러 지원"
"GMC  뮤즈 3.0,GMC,PC케이스(M-ATX),미니타워,표준-ATX,,,O,,,,,,최대 1개,최대 350 mm,,"
"ABKO  LP-V9 USB 3.0,ABKO,PC케이스(M-ATX),슬림(LP),Micro-ATX,,,O,,,,,O,최대 1개,최대 245mm mm,,"
"IN WIN  909 X-VIEW 블랙,IN WIN,PC케이스(ATX),빅타워,표준-ATX,O,O,O,,,,,,최대 6개,최대 320 mm,CPU쿨러: 최대 175mm,3열 수랭쿨러 지원"
"ABKO  NCORE 아파치 USB3.0 풀 아크릴 윈도우 화이트,ABKO,PC케이스(ATX),미들타워,표준-ATX,,O,O,,,,,O,최대 3개,최대 345 mm,CPU쿨러: 최대 150mm,"
"쿨러마스터  SILENCIO 550 (화이트),쿨러마스터,PC케이스(ATX),미들타워,표준-ATX,,O,O,,,,,,,281~400 mm,,"
"AONE  K6 블루스톰II USB3.0,AONE,PC케이스(ATX),미들타워,표준-ATX,,O,O,,,,,O,최대 2개,최대 350 mm,CPU쿨러: 최대 153mm,2열 수랭쿨러 지원"
"마이크로닉스  24인치 풀HD 일체형 케이스,마이크로닉스,PC케이스(ATX),미들타워,SFX,,,O,,,,,O,최대 1개,최대 255 mm,,"
"쿨러마스터  Silencio 652S,쿨러마스터,PC케이스(ATX),미들타워,표준-ATX,,O,O,,,,,,최대 10개,최대 423 mm,CPU쿨러: 최대 168mm,"
"CORSAIR CARBIDE SERIES SPEC-ALPHA Black & Yellow,CORSAIR,PC케이스(ATX),미들타워,표준-ATX,,O,O,,,,,O,최대 4개,최대 380 mm,CPU쿨러: 최대 156mm,"
"대양케이스  Ami,대양케이스,PC케이스(M-ATX),미니타워,표준-ATX,,,O,,,,,O,최대 1개,최대 340 mm,CPU쿨러: 최대 156mm,"
"쿨러마스터  HAF STACKER 945F,쿨러마스터,PC케이스(ATX),빅타워,표준-ATX,O,O,O,,,,,O,,최대 354, 360(915F) mm,CPU쿨러: 최대 180, 170(915F)mm,"
"2MONS  에스룩 블랙,2MONS,PC케이스(ATX),슬림(일반),표준-ATX,,O,O,,,,,,최대 1개,최대 220 mm,,"
"쿨러마스터  Mini 110,쿨러마스터,HTPC 케이스,미니ITX(리틀밸리),,,,,,,,,O,,,CPU쿨러: 55mm,"
"3RSYS  L910 화이트 풀 아크릴 윈도우,3RSYS,PC케이스(ATX),미들타워,표준-ATX,,O,O,,,,,O,최대 3개,최대 380 mm,CPU쿨러: 최대 172mm,2열 수랭쿨러 지원"
"DEEPCOOL  GENOME 화이트 블루 BRAVOTEC,DEEPCOOL,PC케이스(ATX),미들타워,표준-ATX,,O,O,,,,,O,2개,최대 330 mm,CPU쿨러: 최대 168mm,3열 수랭쿨러 지원"
"2MONS  에이밴드 USB 3.0,2MONS,PC케이스(ATX),미들타워,표준-ATX,,O,O,,,,,,최대 1개,최대 360 mm,,"
"ABKO  NCORE F1 스나이퍼 PC방,ABKO,PC케이스(ATX),미들타워,표준-ATX,,O,O,,,,,O,최대 3개,최대 285 mm,CPU쿨러: 최대 145mm,"
"2MONS  에이밴드 USB ST. + LUMEN 600 가야르,2MONS,PC케이스(ATX),미들타워,표준-ATX,,O,O,,,,,,최대 1개,최대 360 mm,,"
"SilverStone RAVEN RV04B-W iBORA,SilverStone,PC케이스(RTX),빅타워,표준-ATX,O,O,O,,,,,,,,,"
"SAMA  STALLION BA1 토파즈 USB3.0 강화유리,SAMA,PC케이스(ATX),미들타워,표준-ATX,,O,O,,,,,O,최대 5개,최대 365 mm,CPU쿨러: 최대 165mm,2열 수랭쿨러 지원"
"Phanteks  ECLIPSE P400S 화이트,Phanteks,PC케이스(ATX),미들타워,표준-ATX,O,O,O,,,,,O,최대 2개,최대 395 mm,CPU쿨러: 최대 160mm,3열 수랭쿨러 지원"
"2MONS  에이밴드 USB 3.0 + LUMEN 550 PLUS V2.3,2MONS,PC케이스(ATX),미들타워,표준-ATX,,O,O,,,,,,최대 1개,최대 360 mm,,"
"MEG  TUNDRA,MEG,PC케이스(ATX),미들타워,표준-ATX,O,O,O,,,,,O,최대 5개,최대 315 mm,CPU쿨러: 최대 160mm,3열 수랭쿨러 지원"
"대양케이스  REEVEN RHEIA,대양케이스,PC케이스(ATX),미들타워,표준-ATX,,O,O,,,,,O,2개,최대 400 mm,CPU쿨러: 180mm,2열 수랭쿨러 지원"
"2MONS  에이밴드 USB ST. + LUMEN 550 가야르,2MONS,PC케이스(ATX),미들타워,표준-ATX,,O,O,,,,,,최대 1개,최대 360 mm,,"
"Phanteks  ECLIPSE P400S BLACK,Phanteks,PC케이스(ATX),미들타워,표준-ATX,O,O,O,,,,,O,최대 2개,최대 395 mm,CPU쿨러: 최대 160mm,3열 수랭쿨러 지원"
"쿨러마스터  MasterCase5 대양케이스,쿨러마스터,PC케이스(ATX),미들타워,표준-ATX,,O,O,,,,,O,,412 mm,CPU쿨러: 190mm,2열 수랭쿨러 지원"
"Antec  P380,Antec,PC케이스(ATX),빅타워,표준-ATX,O,O,O,,,,,O,최대 8개,최대 465 mm,CPU쿨러: 최대 180mm,"
"2MONS  에이밴드 USB ST. + LUMEN 500LY 가야르,2MONS,PC케이스(ATX),미들타워,표준-ATX,,O,O,,,,,,최대 1개,최대 360 mm,,"
"ABKO NCORE 코로나 USB3.0 풀아크릴 윈도우 블랙,ABKO,PC케이스(ATX),미들타워,표준-ATX,,O,O,,,,,O,최대 3개,최대 370 mm,CPU쿨러: 최대 156mm,2열 수랭쿨러 지원"
"2MONS  에이밴드 USB 3.0 + LUMEN 500 LIGHT V2.3,2MONS,PC케이스(ATX),미들타워,표준-ATX,,O,O,,,,,,최대 1개,최대 360 mm,,"
"BRAVOTEC  VR2 Black 강화유리,BRAVOTEC,PC케이스(M-ATX),미니타워,표준-ATX,,,O,,,,,O,최대 4개,최대 320 mm,CPU쿨러: 최대 190mm,2열 수랭쿨러 지원"
"쿨러마스터  MasterCase5 Pro 대양케이스,쿨러마스터,PC케이스(ATX),미들타워,표준-ATX,,O,O,,,,,O,2개,412 mm,CPU쿨러: 190mm,2열 수랭쿨러 지원"
"2MONS  에이밴드 USB 3.0 + LUMEN 600 PLUS V2.3,2MONS,PC케이스(ATX),미들타워,표준-ATX,,O,O,,,,,,최대 1개,최대 360 mm,,"
"Phanteks  ENTHOO PRIMO Special Edition BW,Phanteks,PC케이스(ATX),빅타워,표준-ATX,O,O,O,,,,,,최대 12개,최대 515 mm,CPU쿨러: 최대 207mm,3열 수랭쿨러 지원"
"쿨러마스터  N600,쿨러마스터,PC케이스(ATX),미들타워,표준-ATX,,O,O,,,,,,,최대 430 mm,CPU쿨러: 최대 167mm,"
"BRAVOTEC  RM4 Black 강화유리,BRAVOTEC,PC케이스(ATX),미들타워,표준-ATX,,O,O,,,,,O,최대 5개,최대 380 mm,CPU쿨러: 최대 170mm,3열 수랭쿨러 지원"
"Phanteks  ECLIPSE P400 BLACK,Phanteks,PC케이스(ATX),미들타워,표준-ATX,O,O,O,,,,,O,최대 2개,최대 395 mm,CPU쿨러: 최대 160mm,3열 수랭쿨러 지원"
"SAMA  STALLION K902B RGB 컨트롤 강화유리 화이트,SAMA,PC케이스(ATX),빅타워,표준-ATX,O,O,O,,,,,O,최대 7개,최대 455 mm,CPU쿨러: 180mm,3열 수랭쿨러 지원"
"Phanteks  Enthoo EVOLV ATX GS,Phanteks,PC케이스(ATX),미들타워,표준-ATX,,O,O,,,,,O,최대 3개,최대 420 mm,CPU쿨러: 최대 194mm,3열 수랭쿨러 지원"
"마이크로닉스  32인치 풀HD 일체형 케이스,마이크로닉스,PC케이스(ATX),미들타워,표준-ATX,,O,O,,,,,O,최대 2개,최대 268 mm,,"
"Phanteks  ENTHOO Luxe 화이트,Phanteks,PC케이스(ATX),빅타워,표준-ATX,O,O,,,,,,,최대 8개,최대 472 mm,CPU쿨러: 최대 193mm,"
"Phanteks  ECLIPSE P400 화이트,Phanteks,PC케이스(ATX),미들타워,표준-ATX,O,O,O,,,,,O,최대 2개,최대 395 mm,CPU쿨러: 최대 160mm,3열 수랭쿨러 지원"
"SilverStone Precision PS08W iBORA,SilverStone,PC케이스(M-ATX),미니타워,표준-ATX,,,O,,,,,O,,360 mm,,"
"Fractal Design  Define Mini C,Fractal Design,PC케이스(M-ATX),미니타워,표준-ATX,,,O,,,,,O,최대 5개,최대 315 mm,CPU쿨러: 최대 168mm,2열 수랭쿨러 지원"
"Antec  GX1200,Antec,PC케이스(ATX),미들타워,표준-ATX,,O,O,,,,,O,최대 5개,최대 410 mm,CPU쿨러: 최대 160mm,3열 수랭쿨러 지원"
"대양케이스  Blue Iron USB 3.0,대양케이스,PC케이스(ATX),미들타워,표준-ATX,,O,O,,,,,,최대 2개,최대 390 mm,CPU쿨러: 최대 155mm,"
"Phanteks  Enthoo EVOLV Gray,Phanteks,PC케이스(M-ATX),미니타워,표준-ATX,,,O,,,,,O,최대 5개,최대 318 mm,CPU쿨러: 최대 192mm,"
"쿨러마스터  SILENCIO 550 대양케이스,쿨러마스터,PC케이스(ATX),미들타워,표준-ATX,,O,O,,,,,,,281~400 mm,,"
"Phanteks  Enthoo EVOLV ATX TG GS,Phanteks,PC케이스(ATX),미들타워,표준-ATX,O,O,O,,,,,O,최대 2개,최대 420 mm,CPU쿨러: 최대 194mm,3열 수랭쿨러 지원"
"Phanteks  Enthoo EVOLV 화이트,Phanteks,PC케이스(M-ATX),미니타워,표준-ATX,,,O,,,,,O,최대 5개,최대 318 mm,CPU쿨러: 최대 192mm,"
"쿨러마스터  HAF XB EVO WINDOW,쿨러마스터,PC케이스(ATX),데스크탑,표준-ATX,,O,O,,,,,O,,334 mm,CPU쿨러: 180mm,"
"SNK테크  JACKPOT3,SNK테크,PC케이스(ATX),미들타워,표준-ATX,,O,O,,,,,O,최대 1개,최대 300 mm,,"
"Phanteks  Enthoo EVOLV ATX Black,Phanteks,PC케이스(ATX),미들타워,표준-ATX,,O,O,,,,,O,최대 3개,최대 420 mm,CPU쿨러: 최대 194mm,3열 수랭쿨러 지원"
"Phanteks  Enthoo EVOLV Black,Phanteks,PC케이스(M-ATX),미니타워,표준-ATX,,,O,,,,,O,최대 5개,최대 318 mm,CPU쿨러: 최대 192mm,"
"마이크로닉스  24인치 풀HD 일체형케이스 MB400,마이크로닉스,미니ITX,미들타워,DC to DC,,,,,,,,O,최대 1개,,,"
"NZXT  NOCTIS 450 화이트 BRAVOTEC,NZXT,PC케이스(ATX),미들타워,표준-ATX,,O,O,,,,,O,최대 8개,최대 406 mm,CPU쿨러: 최대 180mm,3열 수랭쿨러 지원"
"Phanteks  Enthoo EVOLV ATX TG Black,Phanteks,PC케이스(ATX),미들타워,표준-ATX,O,O,O,,,,,O,최대 2개,최대 420 mm,CPU쿨러: 최대 194mm,3열 수랭쿨러 지원"
"SilverStone Precision PS11B-Q iBORA,SilverStone,PC케이스(ATX),미들타워,표준-ATX,,O,O,,,,,,최대 2개,최대 411 mm,CPU쿨러: 최대 161mm,"
"SilverStone Precision PS12B iBORA,SilverStone,PC케이스(M-ATX),미니타워,표준-ATX,,,O,,,,,O,최대 1개,최대 360 mm,CPU쿨러: 최대 140mm,"
"쿨러마스터  HAF 932 AMD EDITION 대양케이스,쿨러마스터,PC케이스(ATX),빅타워,표준-ATX,O,O,O,,,,,,,300 mm,,"
"쿨러마스터  STORM SNIPER 대양케이스,쿨러마스터,PC케이스(ATX),미들타워,표준-ATX,,O,O,,,,,,,,,"
"SilverStone Milo ML03B iBORA,SilverStone,HTPC 케이스,데스크탑,표준-ATX,,,O,,,,,O,,,,"
"GMC  Noblesse K-1 MUSE,GMC,HTPC 케이스,미들타워,표준-ATX,,O,O,,,,,,,,,"
"SilverStone  PRIMERA PM01BR-W iBORA,SilverStone,PC케이스(ATX),미들타워,표준-ATX,,O,O,,,,,,최대 9개,최대 419 mm,CPU쿨러: 최대 180mm,3열 수랭쿨러 지원"
"대양케이스  G1 PLUS 피씨방,대양케이스,PC케이스(ATX),미들타워,표준-ATX,,O,O,,,,,,최대 3개,최대 325 mm,CPU쿨러: 최대 150mm,"
"ABKO  Alu-102 Black,ABKO,PC케이스(ATX),미들타워,표준-ATX,,O,O,,,,,,최대 1개,최대 340 mm,,"
"Phanteks  Enthoo Mini XL,Phanteks,PC케이스(ATX),미들타워,표준-ATX,,,O,,,,,O,최대 8개,최대 410 mm,CPU쿨러: 최대 215mm,"
"DEEPCOOL  GENOME ROG Edition BRAVOTEC,DEEPCOOL,PC케이스(ATX),미들타워,표준-ATX,,O,O,,,,,O,2개,최대 330 mm,CPU쿨러: 최대 168mm,3열 수랭쿨러 지원"
"쿨러마스터  ELITE 311 레드블랙 대양케이스,쿨러마스터,PC케이스(ATX),미들타워,표준-ATX,,O,,,,,,,,281 mm,,"
"쿨러마스터  MASTERBOX5 Black Mesh,쿨러마스터,PC케이스(ATX),미들타워,표준-ATX,,O,O,,,,,O,1개,410 mm,CPU쿨러: 167mm,2열 수랭쿨러 지원"
"마이크로닉스  22인치 풀HD 일체형케이스 MB100,마이크로닉스,미니ITX,미들타워,DC to DC,,,,,,,,O,최대 1개,,,"
"쿨러마스터  MASTERBOX5 화이트 Mirror,쿨러마스터,PC케이스(ATX),미들타워,표준-ATX,,O,O,,,,,O,1개,410 mm,CPU쿨러: 167mm,2열 수랭쿨러 지원"
"Phanteks  Enthoo EVOLV ATX TG AG,Phanteks,PC케이스(ATX),미들타워,표준-ATX,O,O,O,,,,,O,최대 2개,최대 420 mm,CPU쿨러: 최대 194mm,3열 수랭쿨러 지원"
"쿨러마스터 CM STORM TROOPER WINDOW USB 3.0 대양케이스,쿨러마스터,PC케이스(ATX),빅타워,표준-ATX,,O,O,,,,,,,최대 322 mm,CPU쿨러: 최대 186mm,2열 수랭쿨러 지원"
"쿨러마스터  ELITE 343 대양케이스,쿨러마스터,PC케이스(M-ATX),미니타워,표준-ATX,,,O,,,,,,,250 mm,CPU쿨러: 최대 148mm,"
"쿨러마스터  MASTERCASE PRO 5 엔비디아 에디션,쿨러마스터,PC케이스(ATX),미들타워,표준-ATX,,O,O,,,,,O,최대 7개,최대 412 mm,CPU쿨러: 최대 190mm,2열 수랭쿨러 지원"
"AEROCOOL  DS CUBE WINDOW 블랙/화이트 Edition 대양케이스,AEROCOOL,PC케이스(M-ATX),미니타워,표준-ATX,,,O,,,,,O,,최대 350 mm,CPU쿨러: 최대 200mm,"
"3RSYS  L5000 윈도우,3RSYS,PC케이스(ATX),빅타워,표준-ATX,,O,O,,,,,,최대 9개,최대 430 mm,,"
"SilverStone  PRIMERA PM01WA-W iBORA,SilverStone,PC케이스(ATX),미들타워,표준-ATX,,O,O,,,,,,최대 9개,최대 419 mm,CPU쿨러: 최대 180mm,3열 수랭쿨러 지원"
"AEROCOOL  DS CUBE WINDOW Gold Edition 대양케이스,AEROCOOL,PC케이스(M-ATX),미니타워,표준-ATX,,,O,,,,,O,,최대 350 mm,CPU쿨러: 최대 200mm,"
"쿨러마스터  ELITE 361 대양케이스,쿨러마스터,PC케이스(ATX),슬림(일반),표준-ATX,,O,O,,,,,,,최대 312 mm,,"
"쿨러마스터  HAF 922 RED REVOLUTION 대양케이스,쿨러마스터,PC케이스(ATX),빅타워,표준-ATX,O,O,O,,,,,,,340 mm,,"
"AEROCOOL  DS CUBE WINDOW Green Edition 대양케이스,AEROCOOL,PC케이스(M-ATX),미니타워,표준-ATX,,,O,,,,,O,,최대 350 mm,CPU쿨러: 최대 200mm,"
"AEROCOOL  DS CUBE WINDOW Red Edition 대양케이스,AEROCOOL,PC케이스(M-ATX),미니타워,표준-ATX,,,O,,,,,O,,최대 350 mm,CPU쿨러: 최대 200mm,"
"쿨러마스터  ELITE 311 블루블랙 대양케이스,쿨러마스터,PC케이스(ATX),미들타워,표준-ATX,,O,,,,,,,,281 mm,,"
"쿨러마스터 CM STORM STRYKER 대양케이스,쿨러마스터,PC케이스(ATX),빅타워,표준-ATX,,O,O,,,,,,,최대 322 mm,,"
"마이크로닉스  Aluma XL-20 E-ATX 블랙,마이크로닉스,PC케이스(ATX),빅타워,표준-ATX,O,O,O,,,,,O,최대 4개,최대 400 mm,CPU쿨러: 최대 170mm,3열 수랭쿨러 지원"
"2MONS  에스룩 블랙 + LUMEN 550 가야르,2MONS,PC케이스(ATX),슬림(일반),표준-ATX,,O,O,,,,,,,최대 220 mm,,"
"AEROCOOL  DS CUBE WINDOW Orange Edition 대양케이스,AEROCOOL,PC케이스(M-ATX),미니타워,표준-ATX,,,O,,,,,O,,최대 350 mm,CPU쿨러: 최대 200mm,"
"AEROCOOL  DS CUBE WINDOW Pink Edition 대양케이스,AEROCOOL,PC케이스(M-ATX),미니타워,표준-ATX,,,O,,,,,O,,최대 350 mm,CPU쿨러: 최대 200mm,"
"AEROCOOL  DS CUBE WINDOW Blue Edition 대양케이스,AEROCOOL,PC케이스(M-ATX),미니타워,표준-ATX,,,O,,,,,O,,최대 350 mm,CPU쿨러: 최대 200mm,"
"Phanteks  ENTHOO Pro Titanium Green,Phanteks,PC케이스(ATX),빅타워,표준-ATX,O,O,O,,,,,,최대 7개,최대 472 mm,CPU쿨러: 최대 193mm,3열 수랭쿨러 지원"
"쿨러마스터  CM590 III 블루 LED 윈도우 MID TOWER,쿨러마스터,PC케이스(ATX),미들타워,표준-ATX,,O,O,,,,,O,최대 3개,최대 405 mm,CPU쿨러: 최대 159mm,2열 수랭쿨러 지원"
"2MONS  에스룩 블랙 + LUMEN 600 PLUS V2.3,2MONS,PC케이스(ATX),슬림(일반),표준-ATX,,O,O,,,,,,,최대 220 mm,,"
"3RSYS  J200 USB3.0,3RSYS,PC케이스(ATX),미들타워,표준-ATX,,O,,,,,,,최대 2개,최대 380 mm,CPU쿨러: 최대 155mm,"
"2MONS  에스룩 USB3.0,2MONS,PC케이스(ATX),슬림(일반),표준-ATX,,O,O,,,,,,최대 1개,최대 240 mm,CPU쿨러: 최대 100mm,"
"SilverStone Milo ML06B iBORA,SilverStone,HTPC 케이스,미니ITX(리틀밸리),SFX,,,,,,,,O,최대 4개,,CPU쿨러: 최대 70mm,"
"GMC  AVC-M1 Silver,GMC,HTPC 케이스,,Micro-ATX,,,O,,,,,O,,최대 330 mm,,"
"GMC  이지스 프로,GMC,PC케이스(ATX),미들타워,표준-ATX,,O,O,,,,,O,최대 2개,,,"
"비프렌드 아이매직 Point,비프렌드,PC케이스(ATX),미들타워,표준-ATX,,O,O,,,,,,최대 2개,최대 350 mm,,"
"쿨러마스터  ELITE 344 실버 대양케이스,쿨러마스터,PC케이스(M-ATX),미니타워,표준-ATX,,,O,,,,,,,250 mm,,"
"NZXT  Phantom 530 화이트 BRAVOTEC,NZXT,PC케이스(ATX),빅타워,표준-ATX,O,O,O,,,,,,,최대 310mm mm,CPU쿨러: 183mm,"
"SNK테크  JACKPOT-C2,SNK테크,PC케이스(ATX),미들타워,표준-ATX,,O,O,,,,,O,최대 4개,최대 320 mm,CPU쿨러: 140mm,"
"쿨러마스터  STORM SCOUT 대양케이스,쿨러마스터,PC케이스(ATX),미들타워,표준-ATX,,O,O,,,,,,,270 mm,,"
"SilverStone Precision PS14B iBORA,SilverStone,PC케이스(ATX),미들타워,표준-ATX,,O,O,,,,,,최대 6개,최대 401 mm,CPU쿨러: 최대 165mm,2열 수랭쿨러 지원"
"AEROCOOL  DS 200 Black Edition 대양케이스,AEROCOOL,PC케이스(ATX),미들타워,표준-ATX,,O,O,,,,,O,,410 mm,CPU쿨러: 170mm,"
"쿨러마스터  CM STORM Enforcer 대양케이스,쿨러마스터,PC케이스(ATX),미들타워,표준-ATX,,O,O,,,,,,,270 mm,,"
"Antec  P193,Antec,PC케이스(ATX),미들타워,,,O,O,,,,,,,330 mm,,"
"SilverStone Precision PS13B-W iBORA,SilverStone,PC케이스(ATX),미들타워,표준-ATX,,O,O,,,,,,최대 1개,최대 347 mm,CPU쿨러: 최대 159mm,1열 수랭쿨러 지원"
"SilverStone Redline RL05BR-W iBORA,SilverStone,PC케이스(ATX),미들타워,표준-ATX,,O,O,,,,,,최대 4개,최대 373 mm,CPU쿨러: 최대 165mm,"
"써멀테이크  Core X9 Snow Edition - E-ATX Cube Chassis 아스크텍,써멀테이크,PC케이스(ATX),미들타워,표준-ATX,O,O,O,,,,,O,최대 8개,최대 400 mm,CPU쿨러: 최대 250mm,3열 수랭쿨러 지원"
"SilverStone Precision PS13B iBORA,SilverStone,PC케이스(ATX),미들타워,표준-ATX,,O,O,,,,,,최대 1개,최대 347 mm,CPU쿨러: 최대 162mm,1열 수랭쿨러 지원"
"쿨러마스터  USP-100 Red Edition 대양케이스,쿨러마스터,PC케이스(ATX),미들타워,표준-ATX,,O,O,,,,,,,300 mm,,"
"써멀테이크  Core P5 아스크텍,써멀테이크,PC케이스(ATX),빅타워,표준-ATX,,O,O,,,,,O,최대 4개,최대 320 mm,CPU쿨러: 최대 180mm,3열 수랭쿨러 지원"
"쿨러마스터  USP-100 Black Edition Window 대양케이스,쿨러마스터,PC케이스(ATX),미들타워,표준-ATX,,O,O,,,,,,,300 mm,,"
"AEROCOOL  DS 200 Black/White Edition 대양케이스,AEROCOOL,PC케이스(ATX),미들타워,표준-ATX,,O,O,,,,,O,,410 mm,CPU쿨러: 170mm,"
"리안리  PC-O11WX 올블랙 튜닝 윈도우Ver.,리안리,PC케이스(ATX),미들타워,표준-ATX,O,O,O,,,,,O,최대 4개,최대 430 mm,CPU쿨러: 최대 150mm,3열 수랭쿨러 지원"
"써멀테이크  Core X71 - Full Tower Chassis 아스크텍,써멀테이크,PC케이스(ATX),빅타워,표준-ATX,,O,O,,,,,O,최대 5개,최대 420 mm,CPU쿨러: 최대 180mm,3열 수랭쿨러 지원"
"REX COOL  R-9 KANO USB 3.0 블랙,REX COOL,PC케이스(ATX),슬림(LP),표준-ATX,,O,O,,,,,,최대 1개,최대 250 mm,CPU쿨러: 최대 60mm,"
"써멀테이크  Core V71 - Full-Tower Chassis 아스크텍,써멀테이크,PC케이스(ATX),빅타워,표준-ATX,O,O,O,,,,,,,최대 400 mm,CPU쿨러: 최대 185mm,3열 수랭쿨러 지원"
"써멀테이크  VN10006W2N Level 10 GT Snow Edition 아스크텍,써멀테이크,PC케이스(ATX),빅타워,표준-ATX,O,O,O,,,,,,,최대 360 mm,CPU쿨러: 최대 190mm,2열 수랭쿨러 지원"
"BIGS  아스터 블랙,BIGS,PC케이스(M-ATX),미니타워,표준-ATX,,,O,,,,,O,최대 2개,최대 320 mm,CPU쿨러: 최대 145mm,"
"써멀테이크  Core P3 SE Snow Edition - Mid Tower Chassis 아스크텍,써멀테이크,PC케이스(ATX),미들타워,표준-ATX,,O,O,,,,,O,최대 4개,최대 450 mm,CPU쿨러: 최대 180mm,3열 수랭쿨러 지원"
"써멀테이크  Core V51 - Window Mid-Tower Chassis 아스크텍,써멀테이크,PC케이스(ATX),미들타워,표준-ATX,O,O,O,,,,,O,최대 5개,최대 480 mm,CPU쿨러: 최대 185mm,3열 수랭쿨러 지원"
"써멀테이크  Suppressor F51 Window 아스크텍,써멀테이크,PC케이스(ATX),미들타워,표준-ATX,O,O,O,,,,,O,최대 6개,최대 465 mm,CPU쿨러: 최대 185mm,3열 수랭쿨러 지원"
"써멀테이크  View27 아스크텍,써멀테이크,PC케이스(ATX),미들타워,표준-ATX,,O,O,,,,,O,최대 6개,최대 410 mm,CPU쿨러: 최대 155mm,3열 수랭쿨러 지원"
"KRAFT KOREA  D4 SILVER USB 3.0,KRAFT KOREA,PC케이스(M-ATX),미니타워,표준-ATX,,,O,,,,,,,최대 230 mm,CPU쿨러: 최대 75mm,"
"써멀테이크  Suppressor F31 아스크텍,써멀테이크,PC케이스(ATX),미들타워,표준-ATX,,O,O,,,,,O,최대 6개,최대 420 mm,CPU쿨러: 최대 180mm,3열 수랭쿨러 지원"
"be quiet  PURE BASE 600 BLACK,be quiet,PC케이스(ATX),미들타워,표준-ATX,,O,O,,,,,O,최대 8개,최대 425 mm,CPU쿨러: 최대 165mm,3열 수랭쿨러 지원"
"REX COOL  R-1 슬라이딩 케이스 블랙그레이,REX COOL,PC케이스(ATX),미들타워,표준-ATX,,O,O,,,,,,,최대 270 mm,,"
"비프렌드 아이매직 솔리드,비프렌드,PC케이스(ATX),미들타워,표준-ATX,,O,O,,,,,,최대 2개,최대 320 mm,CPU쿨러: 최대 145mm,"
"be quiet  PURE BASE 600 SILVER,be quiet,PC케이스(ATX),미들타워,표준-ATX,,O,O,,,,,O,최대 8개,최대 425 mm,CPU쿨러: 최대 165mm,3열 수랭쿨러 지원"
"피닉스CNS  지니어스 M-502 화이트 U3,피닉스CNS,PC케이스(M-ATX),미니타워,표준-ATX,,,O,,,,,,최대 3개,최대 350 mm,CPU쿨러: 최대 150mm,"
"MK2  트론 USB 3.0,MK2,PC케이스(M-ATX),미니타워,표준-ATX,,,O,,,,,O,최대 2개,최대 300 mm,,"
"RAIDMAX  나월 티타늄,RAIDMAX,PC케이스(ATX),미들타워,표준-ATX,,O,O,,,,,,최대 3개,최대 400 mm,CPU쿨러: 최대 183mm,"
"REX COOL  R-1 슬라이딩 케이스 화이트퍼플,REX COOL,PC케이스(ATX),미들타워,표준-ATX,,O,O,,,,,,,최대 270 mm,,"
"DAMONCOM  DM-565 USB 3.0,DAMONCOM,PC케이스(M-ATX),미니타워,표준-ATX,,,O,,,,,,,최대 320 mm,,"
"KRAFT KOREA  S4 SILVER USB 3.0,KRAFT KOREA,PC케이스(M-ATX),미니타워,표준-ATX,,,O,,,,,O,최대 4개,최대 220 mm,CPU쿨러: 최대 70mm,"
"KRAFT KOREA  IBOOK PLUS CASE,KRAFT KOREA,HTPC 케이스,미니ITX(리틀밸리),DC to DC,,,O,,,,,O,최대 1개,,CPU쿨러: 최대 47mm,"
"REX COOL  R-11 SMILE USB3.0,REX COOL,PC케이스(M-ATX),미니타워,Micro-ATX,,,O,,,,,O,최대 2개,최대 220 mm,CPU쿨러: 최대 100mm,"
"DAMONCOM  DM-200S,DAMONCOM,PC케이스(M-ATX),슬림(일반),Micro-ATX,,,O,,,,,,,330 mm,,"
"아이폴코리아  X2 USB 3.0 실버,아이폴코리아,PC케이스(M-ATX),미니타워,표준-ATX,,,O,,,,,,최대 2개,최대 320 mm,CPU쿨러: 최대 150mm,"
"BIGS  LUNA 블랙,BIGS,PC케이스(M-ATX),미니타워,표준-ATX,,,O,,,,,,최대 3개,,,"
"BIGS  LUNA 메탈 USB 3.0,BIGS,PC케이스(M-ATX),미니타워,표준-ATX,,,O,,,,,,,최대 330 mm,,"
"BIGS  LUNA 화이트,BIGS,PC케이스(M-ATX),미니타워,표준-ATX,,,O,,,,,,최대 3개,최대 330 mm,,"
"리안리  PC-D666WRX 레드&블랙 투톤,리안리,PC케이스(ATX),빅타워,표준-ATX,O,O,O,,,,,O,최대 6개,최대 420mm, 320 mm,CPU쿨러: 최대 165mm, 155mm,"
"REX COOL  R-2 블링블링 season2,REX COOL,PC케이스(M-ATX),미니타워(LP),Micro-ATX,,,O,,,,,O,1개,최대 250 mm,CPU쿨러: 최대 75mm,"
"아이폴코리아  X2 USB 3.0 블랙,아이폴코리아,PC케이스(M-ATX),미니타워,표준-ATX,,,,,,,,,최대 2개,최대 320 mm,CPU쿨러: 최대 150mm,"
"NCTOP  EASY E10 그레이,NCTOP,PC케이스(M-ATX),슬림(일반),Micro-ATX,,,O,,,,,,,최대 340 mm,CPU쿨러: 최대 110mm,"
"REX COOL  R-10 Slim Q,REX COOL,PC케이스(M-ATX),슬림(LP),Micro-ATX,,,O,,,,,,,최대 254 mm,,"
"DAMONCOM  DM-210S USB 3.0,DAMONCOM,PC케이스(M-ATX),슬림(일반),Micro-ATX,,,O,,,,,,최대 1개,최대 330 mm,,"
"REX COOL  R-9 KANO USB 3.0 화이트,REX COOL,PC케이스(ATX),슬림(LP),표준-ATX,,O,O,,,,,,최대 1개,최대 250 mm,CPU쿨러: 최대 60mm,"
"Phanteks  ECLIPSE P400S TG WHITE,Phanteks,PC케이스(ATX),미들타워,표준-ATX,O,O,O,,,,,O,최대 2개,최대 395 mm,CPU쿨러: 최대 160mm,3열 수랭쿨러 지원"
"Phanteks  Enthoo LUXE TG AG,Phanteks,PC케이스(ATX),빅타워,표준-ATX,O,O,O,,,,,O,최대 8개,최대 347 mm,CPU쿨러: 최대 193mm,3열 수랭쿨러 지원"
"비프렌드 아이매직 젠틀맨 USB 3.0,비프렌드,PC케이스(ATX),미들타워,표준-ATX,,O,O,,,,,,최대 1개,최대 270 mm,CPU쿨러: 최대 145mm,"
"아이폴코리아  X2 USB 3.0 골드,아이폴코리아,PC케이스(M-ATX),미니타워,표준-ATX,,,O,,,,,,최대 2개,최대 320 mm,CPU쿨러: 최대 150mm,"
"XOCOM  XO302 컬러링 블랙크롬,XOCOM,PC케이스(M-ATX),미니타워(LP),Micro-ATX, TFX,,,O,,,,,O,,,,"
"리안리  PC-D600WB 블랙,리안리,PC케이스(ATX),빅타워,표준-ATX,O,O,O,,,,,,,최대 330 mm,CPU쿨러: 180mm,"
"KRAFT KOREA  D4 블랙 메탈 USB 3.0,KRAFT KOREA,PC케이스(M-ATX),미니타워,표준-ATX,,,O,,,,,O,최대 2개,최대 230 mm,CPU쿨러: 최대 75mm,"
"MK2  TH-1 UPGRADE,MK2,PC케이스(ATX),미들타워,표준-ATX,,O,O,,,,,O,최대 3개,최대 320 mm,CPU쿨러: 최대 150mm,"
"KRAFT KOREA  MOZART Black USB2.0,KRAFT KOREA,PC케이스(ATX),미들타워,표준-ATX,,O,O,,,,,,최대 1개,최대 350 mm,CPU쿨러: 최대 160mm,"
"엠제이테크놀로지  ENERGY OPTIMUS T USB 3.0,엠제이테크놀로지,PC케이스(ATX),미들타워,표준-ATX,,O,O,,,,,,최대 3개,최대 295 mm,CPU쿨러: 최대 120mm,"
"KRAFT KOREA  MOZART Black USB3.0,KRAFT KOREA,PC케이스(ATX),미들타워,표준-ATX,,O,O,,,,,,최대 1개,최대 350 mm,CPU쿨러: 최대 160mm,"
"Phanteks  Enthoo PRO M TG BK,Phanteks,PC케이스(ATX),미들타워,표준-ATX,O,O,O,,,,,O,1개,최대 420 mm,CPU쿨러: 최대 194mm,3열 수랭쿨러 지원"
"Fractal Design  CORE 3500 Window,Fractal Design,PC케이스(ATX),미들타워,표준-ATX,O,O,O,,,,,O,최대 2개,최대 430 mm,CPU쿨러: 최대 180mm,3열 수랭쿨러 지원"
"쿨러마스터  N500,쿨러마스터,PC케이스(ATX),미들타워,표준-ATX,,O,O,,,,,,,최대 405 mm,,"
"KRAFT KOREA  S6 SILVER USB 3.0,KRAFT KOREA,PC케이스(M-ATX),미들타워,표준-ATX,,,O,,,,,,,최대 280 mm,CPU쿨러: 최대 140mm,"
"KRAFT KOREA  CANTATA 실버,KRAFT KOREA,PC케이스(M-ATX),슬림(일반),Micro-ATX,,,O,,,,,,최대 1개,최대 320 mm,CPU쿨러: 최대 100mm,"
"NCTOP  N-60 데드풀,NCTOP,PC케이스(ATX),미들타워,표준-ATX,,O,O,,,,,,최대 1개,최대 340 mm,CPU쿨러: 최대 145mm,"
"RAIDMAX  호루스 MX,RAIDMAX,PC케이스(M-ATX),미니타워,표준-ATX,,,O,,,,,O,최대 3개,최대 390 mm,,"
"KRAFT KOREA  S5 SILVER USB 3.0,KRAFT KOREA,PC케이스(M-ATX),슬림(일반),Micro-ATX,,,O,,,,,O,최대 4개,최대 220 mm,CPU쿨러: 최대 120mm,"
"RAIDMAX  세이란 II,RAIDMAX,PC케이스(ATX),미들타워,표준-ATX,,O,O,,,,,O,최대 3개,최대 390 mm,,"
"KRAFT KOREA  MEZZO 2.0 SILVER,KRAFT KOREA,PC케이스(M-ATX),미니타워,표준-ATX,,,O,,,,,O,최대 2개,최대 260 mm,,"
"한정테크  TRON300 EX PLUS 화이트,한정테크,PC케이스(ATX),미들타워,표준-ATX,,,,,,,,,,기본 300 mm / 최대 420 mm,,"
"피닉스CNS  모델A 블랙,피닉스CNS,PC케이스(M-ATX),미니타워,표준-ATX,,,O,,,,,,최대 2개,최대 330 mm,,"
"NCTOP  ASLAN A37 USB2.0,NCTOP,PC케이스(ATX),미들타워,표준-ATX,,O,O,,,,,,최대 1개,최대 340 mm,,"
"KRAFT KOREA  S5 BLACK USB 3.0,KRAFT KOREA,PC케이스(M-ATX),슬림(일반),Micro-ATX,,,O,,,,,O,최대 4개,최대 220 mm,CPU쿨러: 최대 120mm,"
"XOCOM  XO302 컬러링 블랙그린,XOCOM,PC케이스(M-ATX),미니타워(LP),Micro-ATX, TFX,,,O,,,,,O,,,,"
"아이폴코리아  G3 블랙 USB3.0,아이폴코리아,PC케이스(ATX),미들타워,표준-ATX,,O,O,,,,,,최대 1개,최대 350 mm,,"
"KRAFT KOREA  트라이탄 USB 3.0,KRAFT KOREA,PC케이스(ATX),미들타워,표준-ATX,,O,O,,,,,,,최대 350 mm,CPU쿨러: 160mm,"
"BIGS  푸파 화이트,BIGS,PC케이스(M-ATX),미니타워,표준-ATX,,,O,,,,,O,최대 2개,최대 267 mm,CPU쿨러: 최대 140mm,"
"DAMONCOM  DM-350S 블랙 USB 3.0,DAMONCOM,PC케이스(M-ATX),슬림(일반),Micro-ATX,,,O,,,,,,,320 mm,,"
"다오테크  W2 USB 3.0,다오테크,PC케이스(ATX),미들타워,표준-ATX,,O,O,,,,,O,,,,"
"피닉스CNS  ix USB2.0,피닉스CNS,PC케이스(ATX),미들타워,표준-ATX,,O,O,,,,,O,최대 3개,최대 350 mm,,"
"유한하이테크  LP-Y602 SOBEC 화이트,유한하이테크,PC케이스(M-ATX),미니타워(LP),TFX,,,O,,,,,O,,,,"
"DAMONCOM  DM-21 블랙 USB3.0,DAMONCOM,PC케이스(M-ATX),슬림(LP),Micro-ATX,,,,,,,,O,1개,,,"
"피닉스CNS  COMFORT 블랙,피닉스CNS,PC케이스(M-ATX),미니타워,표준-ATX,,,O,,,,,O,최대 3개,최대 320 mm,CPU쿨러: 최대 145mm,"
"KRAFT KOREA  MARK6 GREEN,KRAFT KOREA,PC케이스(ATX),미들타워,,,O,O,,,,,O,,,,"
"KRAFT KOREA  MOZART Red USB2.0,KRAFT KOREA,PC케이스(ATX),미들타워,표준-ATX,,O,O,,,,,,최대 1개,최대 350 mm,CPU쿨러: 최대 160mm,"
"피닉스CNS  행복 USB3.0 메탈,피닉스CNS,PC케이스(ATX),미들타워,표준-ATX,,O,O,,,,,,최대 2개,최대 290 mm,CPU쿨러: 최대 150mm,"
"Phanteks  Enthoo EVOLV MATX TG GS,Phanteks,PC케이스(M-ATX),미니타워,표준-ATX,,,O,,,,,O,2개,최대 319 mm,CPU쿨러: 최대 192mm,3열 수랭쿨러 지원"
"써멀테이크  Core V21 - Micro Chassis 아스크텍,써멀테이크,PC케이스(M-ATX),미니타워,표준-ATX,,,O,,,,,O,최대 6개,최대 350 mm,CPU쿨러: 최대 185mm,2열 수랭쿨러 지원"
"KRAFT KOREA  ISLAND,KRAFT KOREA,PC케이스(M-ATX),슬림(일반),Micro-ATX,,,O,,,,,O,,,,"
"DAMONCOM  DM-9800,DAMONCOM,PC케이스(ATX),미들타워,표준-ATX,,O,,,,,,,,최대 250 mm,,"
"DAMONCOM  DM-502 USB 3.0,DAMONCOM,PC케이스(M-ATX),미니타워,표준-ATX,,,O,,,,,,최대 1개,최대 320 mm,,"
"ANIX  METALLIC 7COLOR RGB 튜닝 강화유리,ANIX,PC케이스(ATX),미들타워,표준-ATX,,O,O,,,,,O,최대 2개,최대 360 mm,CPU쿨러: 최대 162mm,"
"KRAFT KOREA  MOZART Silver USB3.0,KRAFT KOREA,PC케이스(ATX),미들타워,표준-ATX,,O,O,,,,,,최대 1개,최대 350 mm,CPU쿨러: 최대 160mm,"
"써멀테이크  VN10001W2N Level 10 GT 아스크텍,써멀테이크,PC케이스(ATX),빅타워,표준-ATX,O,O,O,,,,,,,최대 360 mm,CPU쿨러: 최대 190mm,2열 수랭쿨러 지원"
"XOCOM  XO302 컬러링 블랙보라,XOCOM,PC케이스(M-ATX),미니타워(LP),Micro-ATX, TFX,,,O,,,,,O,,,,"
"제넥스  퓨어 USB 3.0 BLACK,제넥스,PC케이스(RTX),미니타워,Micro-ATX,,,O,,,,,O,최대 2개,최대 325 mm,,"
"Phanteks  ENTHOO Pro 화이트,Phanteks,PC케이스(ATX),빅타워,표준-ATX,O,O,O,,,,,,최대 7개,최대 472 mm,CPU쿨러: 최대 193mm,3열 수랭쿨러 지원"
"유한하이테크  LP-Y602 SOBEC 올블랙,유한하이테크,PC케이스(M-ATX),미니타워(LP),TFX,,,O,,,,,O,,,,"
"피닉스CNS  모델A 메탈USB3.0,피닉스CNS,PC케이스(M-ATX),미니타워,표준-ATX,,,O,,,,,,최대 2개,최대 330 mm,,"
"RAIDMAX  바이퍼2 레드,RAIDMAX,PC케이스(ATX),미들타워,표준-ATX,,O,O,,,,,,최대 3개,최대 390 mm,CPU쿨러: 최대 160mm,"
"유한하이테크  LP-Y602 SOBEC 블랙,유한하이테크,PC케이스(M-ATX),미니타워(LP),TFX,,,O,,,,,O,,,,"
"RAIDMAX  뱀파이어 화이트,RAIDMAX,PC케이스(ATX),빅타워,표준-ATX,,O,O,O,,,,O,최대 7개,최대 330 mm,CPU쿨러: 최대 190mm,"
"DAMONCOM  DM-360 블랙 USB 3.0,DAMONCOM,PC케이스(M-ATX),미니타워,표준-ATX,,,O,,,,,,최대 3개,최대 280 mm,,"
"피닉스CNS  베이직,피닉스CNS,PC케이스(ATX),미들타워,표준-ATX,,O,O,,,,,,최대 3개,최대 380 mm,CPU쿨러: 최대 160mm,"
"RAIDMAX  바이퍼2 그린,RAIDMAX,PC케이스(ATX),미들타워,표준-ATX,,O,O,,,,,,최대 3개,최대 390 mm,CPU쿨러: 최대 160mm,"
"유한하이테크  LP-Y602 SOBEC 올블랙 USB3.0,유한하이테크,PC케이스(M-ATX),미니타워(LP),TFX,,,O,,,,,O,,,,"
"한정테크  TR310 EX PLUS 화이트,한정테크,PC케이스(ATX),미들타워,표준-ATX,,O,O,,,,,,,최대 420 mm,,"
"KRAFT KOREA  TIGIO,KRAFT KOREA,PC케이스(ATX),미니타워,표준-ATX,,,O,,,,,O,최대 1개,최대 325 mm,CPU쿨러: 최대 140mm,"
"DAMONCOM  DM-360 화이트 USB 3.0,DAMONCOM,PC케이스(M-ATX),미니타워,표준-ATX,,,O,,,,,,최대 3개,최대 280 mm,,"
"DAMONCOM  DM-570 USB 3.0,DAMONCOM,PC케이스(M-ATX),미니타워,표준-ATX,,,O,,,,,,최대 1개,최대 360 mm,,"
"DAMONCOM  DM-340S,DAMONCOM,PC케이스(M-ATX),슬림(일반),Micro-ATX,,,O,,,,,,,최대 320 mm,,"
"피닉스CNS  LAZENCA 윈도우 블랙,피닉스CNS,PC케이스(ATX),미들타워,표준-ATX,,O,O,,,,,O,최대 3개,최대 380 mm,CPU쿨러: 최대 160mm,"
"KRAFT KOREA  Mark9,KRAFT KOREA,PC케이스(ATX),미들타워,표준-ATX,,O,O,,,,,O,최대 5개,최대 330 mm,CPU쿨러: 최대 160mm,"
"XOCOM  XO302 컬러링 블랙오렌지,XOCOM,PC케이스(M-ATX),미니타워(LP),Micro-ATX, TFX,,,O,,,,,O,,,,"
"KRAFT KOREA  KIYOMI,KRAFT KOREA,PC케이스(M-ATX),슬림(일반),Micro-ATX,,,O,,,,,O,,,,"
"DAMONCOM  DM-502,DAMONCOM,PC케이스(M-ATX),미니타워,표준-ATX,,,O,,,,,,최대 1개,최대 320 mm,,"
"KRAFT KOREA  MEZZO PC방 Silver,KRAFT KOREA,PC케이스(M-ATX),미니타워,표준-ATX,,,O,,,,,O,최대 2개,최대 260 mm,,"
"XOCOM  XO302 컬러링 블랙레드,XOCOM,PC케이스(M-ATX),미니타워(LP),Micro-ATX, TFX,,,O,,,,,O,,,,"
"KRAFT KOREA  IBOOK PLUS 120W DC to DC (12V 5A 60W),KRAFT KOREA,HTPC 케이스,미니ITX(리틀밸리),DC to DC,,,O,,,,,O,최대 1개,,CPU쿨러: 최대 47mm,"
"BIGS  아스터 화이트,BIGS,PC케이스(M-ATX),미니타워,표준-ATX,,,O,,,,,O,최대 2개,최대 320 mm,CPU쿨러: 최대 145mm,"
"DAMONCOM  DM-9800 USB 3.0,DAMONCOM,PC케이스(ATX),미들타워,표준-ATX,,O,O,,,,,,최대 1개,최대 250 mm,,"
"KRAFT KOREA  TIGIO USB3.0,KRAFT KOREA,PC케이스(ATX),미니타워,표준-ATX,,,O,,,,,O,최대 1개,최대 325 mm,CPU쿨러: 최대 140mm,"
"RAIDMAX  닌자2,RAIDMAX,PC케이스(ATX),미들타워,표준-ATX,,O,O,,,,,O,최대 3개,최대 390 mm,CPU쿨러: 최대 160mm,1열 수랭쿨러 지원"
"XOCOM  XO302 컬러링 블랙블루,XOCOM,PC케이스(M-ATX),미니타워(LP),Micro-ATX, TFX,,,O,,,,,O,,,,"
"MK2  MAG USB3.0,MK2,PC케이스(ATX),미들타워,표준-ATX,,O,O,,,,,O,최대 4개,최대 320 mm,CPU쿨러: 최대 152mm,"
"RAIDMAX  아구스타AX,RAIDMAX,PC케이스(ATX),빅타워,표준-ATX,,O,O,,,,,,최대 6개,최대 420 mm,CPU쿨러: 최대 165mm,2열 수랭쿨러 지원"
"쿨러마스터  N400,쿨러마스터,PC케이스(ATX),미들타워,표준-ATX,,O,O,,,,,,,최대 320 mm,,"
"KRAFT KOREA  NP-502 PREMIUM USB3.0 Black,KRAFT KOREA,PC케이스(ATX),미들타워,표준-ATX,,O,O,,,,,,최대 3개,최대 350 mm,CPU쿨러: 최대 160mm,"
"NCTOP  ULTRON A-36 USB2.0,NCTOP,PC케이스(ATX),미들타워,표준-ATX,,O,O,,,,,,최대 1개,최대 340 mm,,"
"GIGAZONE  Q9 메탈블랙,GIGAZONE,PC케이스(M-ATX),슬림(LP),Micro-ATX,,,O,,,,,,최대 1개,최대 250 mm,,"
"엠제이테크놀로지  ENERGY OPTIMUS K-1 TINA 퍼펙트 USB 3.0 Black,엠제이테크놀로지,PC케이스(ATX),미들타워,표준-ATX,,O,O,,,,,,,최대 350 mm,,"
"DAMONCOM  DM-560 USB 2.0,DAMONCOM,PC케이스(M-ATX),미니타워,표준-ATX,,,O,,,,,,,최대 300 mm,,"
"KRAFT KOREA  TITAN 블랙,KRAFT KOREA,PC케이스(ATX),미들타워,표준-ATX,,O,O,,,,,,,300 mm,,"
"피닉스CNS  모델A 메탈,피닉스CNS,PC케이스(M-ATX),미니타워,표준-ATX,,,O,,,,,,최대 2개,최대 330 mm,,"
"피닉스CNS  행복 USB3.0 실버,피닉스CNS,PC케이스(ATX),미들타워,표준-ATX,,O,O,,,,,,최대 2개,최대 290 mm,CPU쿨러: 최대 150mm,"
"피닉스CNS  행복 USB3.0 블랙,피닉스CNS,PC케이스(ATX),미들타워,표준-ATX,,O,O,,,,,,최대 2개,최대 290 mm,CPU쿨러: 최대 150mm,"
"KRAFT KOREA  CANTATA 레드,KRAFT KOREA,PC케이스(M-ATX),슬림(일반),Micro-ATX,,,O,,,,,,최대 1개,최대 320 mm,CPU쿨러: 최대 100mm,"
"DAMONCOM  DM-50 올블랙,DAMONCOM,PC케이스(ATX),미들타워,표준-ATX,,O,,,,,,,,,,"
"DAMONCOM  DM-7 LP USB 3.0,DAMONCOM,PC케이스(M-ATX),슬림(LP),TFX,,,O,,,,,,최대 1개,최대 250 mm,,"
"유한하이테크  LP-Y602 SOBEC 화이트 USB3.0,유한하이테크,PC케이스(M-ATX),미니타워(LP),TFX,,,O,,,,,O,,,,"
"제넥스  케이스컴 RX-94,제넥스,PC케이스(ATX),미들타워,표준-ATX,,O,O,,,,,,최대 4개,최대 390 mm,CPU쿨러: 최대 170mm,"
"컴비스테크놀러지  CV-303 LUXY,컴비스테크놀러지,PC케이스(M-ATX),미니타워,표준-ATX,,,O,,,,,,,최대 360 mm,,"
"피닉스CNS  프랭크,피닉스CNS,PC케이스(ATX),미들타워,표준-ATX,,O,O,,,,,,최대 3개,최대 370 mm,,"
"피닉스CNS  지니어스 M-501 블랙,피닉스CNS,PC케이스(M-ATX),미니타워,표준-ATX,,,O,,,,,,최대 3개,최대 350 mm,CPU쿨러: 최대 150mm,"
"NCTOP  EASY E10 레드,NCTOP,PC케이스(M-ATX),슬림(일반),Micro-ATX,,,O,,,,,,,최대 340 mm,CPU쿨러: 최대 110mm,"
"피닉스CNS  지니어스 M-502 블랙 U3,피닉스CNS,PC케이스(M-ATX),미니타워,표준-ATX,,,O,,,,,,최대 3개,최대 350 mm,CPU쿨러: 최대 150mm,"
"피닉스CNS  프랭크 USB3.0,피닉스CNS,PC케이스(ATX),미들타워,표준-ATX,,O,O,,,,,,최대 3개,최대 370 mm,,"
"GIGAZONE  Q7,GIGAZONE,PC케이스(M-ATX),슬림(LP),Micro-ATX,,,O,,,,,,,최대 250 mm,,"
"KRAFT KOREA  NQ-302 BLACK,KRAFT KOREA,PC케이스(ATX),미들타워,표준-ATX,,O,O,,,,,,최대 3개,최대 370 mm,CPU쿨러: 최대 150mm,"
"DAMONCOM  DM-260 화이트 USB 3.0,DAMONCOM,PC케이스(ATX),슬림(일반),표준-ATX,,O,O,,,,,,최대 2개,최대 250 mm,,"
"피닉스CNS  오딘 블랙 USB3.0,피닉스CNS,PC케이스(M-ATX),미니타워,표준-ATX,,,O,,,,,O,최대 1개,최대 250 mm,CPU쿨러: 최대 170mm,"
"피닉스CNS  COMFORT 블랙 USB3.0,피닉스CNS,PC케이스(M-ATX),미니타워,표준-ATX,,,O,,,,,O,최대 3개,최대 320 mm,CPU쿨러: 최대 145mm,"
"NCTOP  E-30 ELSA,NCTOP,PC케이스(M-ATX),슬림(일반),Micro-ATX,,,O,,,,,,최대 1개,최대 330 mm,,"
"REX COOL  R-10 Slim View,REX COOL,PC케이스(M-ATX),슬림(LP),Micro-ATX,,,O,,,,,,,최대 254 mm,,"
"피닉스CNS  지니어스 M-502 화이트,피닉스CNS,PC케이스(M-ATX),미니타워,표준-ATX,,,O,,,,,,최대 3개,최대 350 mm,CPU쿨러: 최대 150mm,"
"유한하이테크  ZEST K3 4USB,유한하이테크,PC케이스(M-ATX),미니타워,표준-ATX,,,O,,,,,,최대 3개,최대 320 mm,CPU쿨러: 최대 150mm,"
"DAMONCOM  DM-7 LP,DAMONCOM,PC케이스(M-ATX),슬림(LP),TFX,,,O,,,,,,,,,"
"Phanteks  ENTHOO PRIMO Special Edition Red,Phanteks,PC케이스(ATX),빅타워,표준-ATX,O,O,O,,,,,,최대 12개,최대 515 mm,CPU쿨러: 최대 207mm,3열 수랭쿨러 지원"
"BITFENIX  RONIN,BITFENIX,PC케이스(ATX),미들타워,표준-ATX,,O,O,,,,,O,최대 6개,최대 420 mm,CPU쿨러: 최대 160mm,"
"피닉스CNS  지니어스 M-502 블랙,피닉스CNS,PC케이스(M-ATX),미니타워,표준-ATX,,,O,,,,,,최대 3개,최대 350 mm,CPU쿨러: 최대 150mm,"
"피닉스CNS  COMFORT 메탈 USB3.0,피닉스CNS,PC케이스(M-ATX),미니타워,표준-ATX,,,O,,,,,O,최대 3개,최대 320 mm,CPU쿨러: 최대 145mm,"
"ANIX  LOOK 화이트3.0 아크릴,ANIX,PC케이스(ATX),미들타워,표준-ATX,,O,O,,,,,O,최대 2개,최대 350 mm,CPU쿨러: 최대 153mm,"
"RAIDMAX  바이퍼2 블루,RAIDMAX,PC케이스(ATX),미들타워,표준-ATX,,O,O,,,,,,최대 3개,최대 390 mm,CPU쿨러: 최대 160mm,"
"피닉스CNS  LAZENCA 윈도우 화이트,피닉스CNS,PC케이스(ATX),미들타워,표준-ATX,,O,O,,,,,O,최대 3개,최대 380 mm,CPU쿨러: 최대 160mm,"
"DAMONCOM  DM-9800 (SK-II 500SA V2),DAMONCOM,PC케이스(ATX),미들타워,표준-ATX,,O,,,,,,,,최대 250 mm,,"
"DAMONCOM  DM-21 블랙 USB 3.0 (SK-II M450S),DAMONCOM,PC케이스(M-ATX),슬림(LP),Micro-ATX,,,,,,,,O,1개,,,"
"GIGAZONE  Q6,GIGAZONE,PC케이스(M-ATX),슬림(LP),Micro-ATX,,,O,,,,,,,최대 250 mm,,"
"SonicGearLab  아마겟돈 마이크로트론 Miicrotron T2Z USB 3.0,SonicGearLab,PC케이스(M-ATX),미들타워,표준-ATX,,,O,,,,,O,최대 3개,최대 370 mm,CPU쿨러: 최대 160mm,2열 수랭쿨러 지원"
"리안리  PC-V33A 실버,리안리,PC케이스(ATX),미들타워,표준-ATX,,O,O,,,,,,최대 4개,최대 330 mm,CPU쿨러: 최대 190mm,2열 수랭쿨러 지원"
"써멀테이크  Core P3 SE Black - Mid Tower Chassis 아스크텍,써멀테이크,PC케이스(ATX),미들타워,표준-ATX,,O,O,,,,,O,최대 4개,최대 450 mm,CPU쿨러: 최대 180mm,3열 수랭쿨러 지원"
"ANIX  RAINBOW+ 7COLOR RGB 아크릴,ANIX,PC케이스(M-ATX),미니타워,표준-ATX,,,O,,,,,O,최대 2개,최대 300 mm,CPU쿨러: 최대 160mm,"
"피닉스CNS  S슬림 메탈,피닉스CNS,PC케이스(M-ATX),슬림(일반),Micro-ATX,,,O,,,,,,최대 1개,최대 240 mm,,"
"DAMONCOM  DM-560 (SK-II 500SA V2),DAMONCOM,PC케이스(M-ATX),미니타워,표준-ATX,,,O,,,,,,,최대 300 mm,,"
"KRAFT KOREA  NQ-302 화이트,KRAFT KOREA,PC케이스(ATX),미들타워,표준-ATX,,O,O,,,,,,최대 3개,최대 370 mm,CPU쿨러: 최대 150mm,"
"DAMONCOM  DM-260 블랙 USB 3.0,DAMONCOM,PC케이스(ATX),슬림(일반),표준-ATX,,O,O,,,,,,최대 2개,최대 250 mm,,"
"KRAFT KOREA  IBOOK PLUS 120W DC to DC (12V 8.5A 102W),KRAFT KOREA,HTPC 케이스,미니ITX(리틀밸리),DC to DC,,,O,,,,,O,최대 1개,,CPU쿨러: 최대 47mm,"
"비프렌드 아이매직 G450 USB 3.0 화이트,비프렌드,PC케이스(ATX),미들타워,표준-ATX,,O,O,,,,,O,최대 4개,최대 360 mm,CPU쿨러: 162mm,"
"NCTOP  P49 MONSTER USB 3.0 화이트,NCTOP,PC케이스(ATX),미들타워,표준-ATX,,O,O,,,,,,최대 2개,최대 375 mm,CPU쿨러: 최대 160mm,"
"써멀테이크  Core X31 RGB Edition - Mid Tower Chassis 아스크텍,써멀테이크,PC케이스(ATX),미들타워,표준-ATX,,O,O,,,,,O,최대 8개,최대 420 mm,CPU쿨러: 최대 180mm,3열 수랭쿨러 지원"
"KRAFT KOREA  NP-502 Black,KRAFT KOREA,PC케이스(ATX),미들타워,표준-ATX,,O,O,,,,,,최대 3개,최대 350 mm,CPU쿨러: 최대 160mm,"
"ANIX  LOOK 블랙 3.0 아크릴,ANIX,PC케이스(ATX),미들타워,표준-ATX,,O,O,,,,,O,최대 2개,최대 350 mm,CPU쿨러: 최대 153mm,"
"유한하이테크  LP-Y602 SOBEC 블랙 USB3.0,유한하이테크,PC케이스(M-ATX),미니타워(LP),TFX,,,O,,,,,O,,,,"
"DAMONCOM  DM-560 (SK-II 600SA V2),DAMONCOM,PC케이스(M-ATX),미니타워,표준-ATX,,,O,,,,,,,최대 300 mm,,"
"DAMONCOM  DM-360 블랙 USB 3.0 (SK-II 600SA V2),DAMONCOM,PC케이스(M-ATX),미니타워,표준-ATX,,,O,,,,,,최대 3개,최대 280 mm,,"
"DAMONCOM  DM-340S (SK-II M450S),DAMONCOM,PC케이스(M-ATX),슬림(일반),Micro-ATX,,,O,,,,,,,최대 320 mm,,"
"GQI  HT-4000 USB 3.0 골드,GQI,HTPC 케이스,미니타워(LP),Micro-ATX,,,O,,,,,,최대 1개,,,"
"아이폴코리아  X2 USB 3.0 레드,아이폴코리아,PC케이스(M-ATX),미니타워,표준-ATX,,,O,,,,,,최대 2개,최대 320 mm,CPU쿨러: 최대 150mm,"
"DAMONCOM  DM-360 화이트 USB 3.0 (SK-II 500SA V2),DAMONCOM,PC케이스(M-ATX),미니타워,표준-ATX,,,O,,,,,,최대 3개,최대 280 mm,,"
"DAMONCOM  DM-570 USB 3.0 (SK-II 500SA V2),DAMONCOM,PC케이스(M-ATX),미니타워,표준-ATX,,,O,,,,,,최대 1개,최대 360 mm,,"
"DAMONCOM  DM-360 화이트 USB 3.0 (SK-II 600SA V2),DAMONCOM,PC케이스(M-ATX),미니타워,표준-ATX,,,O,,,,,,최대 3개,최대 280 mm,,"
"DAMONCOM  DM-21 블랙 USB 3.0 (SK-II M500DM),DAMONCOM,PC케이스(M-ATX),슬림(LP),Micro-ATX,,,,,,,,O,1개,,,"
"DAMONCOM  DM-565 USB 3.0 (SK-II 500SA V2),DAMONCOM,PC케이스(M-ATX),미니타워,표준-ATX,,,O,,,,,,,최대 320 mm,,"
"DAMONCOM  DM-360 블랙 USB 3.0 (SK-II 500SA V2),DAMONCOM,PC케이스(M-ATX),미니타워,표준-ATX,,,O,,,,,,최대 3개,최대 280 mm,,"
"DAMONCOM  DM-9 LP USB 3.0,DAMONCOM,PC케이스(M-ATX),슬림(LP),TFX,,,O,,,,,,최대 1개,최대 250 mm,,"
"KRAFT KOREA  NQ-302 화이트 TUNING USB3.0,KRAFT KOREA,PC케이스(ATX),미들타워,표준-ATX,,O,O,,,,,,최대 3개,최대 370 mm,CPU쿨러: 최대 150mm,"
"리안리  PC-7N 실버,리안리,PC케이스(ATX),미들타워,표준-ATX,,O,O,,,,,O,최대 4개,최대 370 mm,CPU쿨러: 최대 170mm,2열 수랭쿨러 지원"
"DAMONCOM  DM-21 블랙 USB 3.0 (SK-II M500S),DAMONCOM,PC케이스(M-ATX),슬림(LP),Micro-ATX,,,,,,,,O,1개,,,"
"NCTOP  N-09 호크아이 USB 2.0,NCTOP,PC케이스(M-ATX),미니타워,표준-ATX,,,O,,,,,,최대 1개,최대 290 mm,CPU쿨러: 최대 145mm,"
"써멀테이크  Urban R31 - windowed mid-tower chassis 아스크텍,써멀테이크,PC케이스(ATX),미들타워,표준-ATX,,O,O,,,,,,최대 6개,최대 290 mm,CPU쿨러: 최대 155mm,"
"NCTOP  MIRASOL WIN,NCTOP,PC케이스(M-ATX),슬림(일반),Micro-ATX,,,O,,,,,,최대 1개,최대 320 mm,,"
"써멀테이크  The Tower 900 E-ATX Vertical Super 아스크텍,써멀테이크,PC케이스(ATX),빅타워,표준-ATX,O,O,O,,,,,O,최대 8개,최대 400 mm,CPU쿨러: 최대 260mm,3열 수랭쿨러 지원"
"피닉스CNS  모델A 블랙 USB3.0,피닉스CNS,PC케이스(M-ATX),미니타워,표준-ATX,,,O,,,,,,최대 2개,최대 330 mm,,"
"비프렌드 아이매직 G450 USB 3.0 블랙,비프렌드,PC케이스(ATX),미들타워,표준-ATX,,O,O,,,,,O,최대 4개,최대 360 mm,CPU쿨러: 162mm,"
"써멀테이크  Core X5 - ATX Cube Chassis 아스크텍,써멀테이크,PC케이스(ATX),미들타워,표준-ATX,O,O,O,,,,,O,최대 7개,최대 480 mm,CPU쿨러: 최대 230mm,3열 수랭쿨러 지원"
"DAMONCOM  DM-9800 USB 3.0 (SK-II 600SA V2),DAMONCOM,PC케이스(ATX),미들타워,표준-ATX,,O,O,,,,,,최대 1개,최대 250 mm,,"
"DAMONCOM  DM-9800 USB 3.0 (SK-II 500SA V2),DAMONCOM,PC케이스(ATX),미들타워,표준-ATX,,O,O,,,,,,최대 1개,최대 250 mm,,"
"KRAFT KOREA  NQ-302 BLACK TUNING USB3.0,KRAFT KOREA,PC케이스(ATX),미들타워,표준-ATX,,O,O,,,,,,최대 3개,최대 370 mm,CPU쿨러: 최대 150mm,"
