"ASRock  B250M PRO4 에즈윈,ASRock,인텔 CPU용,인텔(소켓1151),(인텔) B250,Micro-ATX (24.5 x 24.5cm),DDR4,4개,최대 64GB,CrossFire X,PCIe3.0 x16,PCI-Express 3.0 x16,(M.2) 2개,O,O,O,,,,,,,O,,PS/2 포트 2개,O,,,"
"ASUS PRIME B250M-A STCOM,ASUS,인텔 CPU용,인텔(소켓1151),(인텔) B250,Micro-ATX (24.4 x 20.6cm),DDR4,4개,최대 64GB,,PCIe3.0 x16,,(M.2) 2개,O,O,O,,,,,,,O,,PS/2 포트 2개,O,,,"
"MSI  B250M 박격포,MSI,인텔 CPU용,인텔(소켓1151),(인텔) B250,Micro-ATX (24.4 x 24.4cm),DDR4,4개,최대 64GB,CrossFire X,PCIe3.0 x16,PCI-Express 3.0 x16,(M.2) 1개,,O,O,O,,,,,,O,,PS/2 콤보 1개,O,,,"
"ASRock  B250M PRO4 디앤디컴,ASRock,인텔 CPU용,인텔(소켓1151),(인텔) B250,Micro-ATX (24.4 x 24.4cm),DDR4,4개,최대 64GB,CrossFire X,PCIe3.0 x16,PCI-Express 3.0 x16,(M.2) 2개,O,O,O,,,,,,,O,,PS/2 포트 2개,O,,,"
"ASUS  B150M-A/M.2 iBORA,ASUS,인텔 CPU용,인텔(소켓1151),(인텔) B150,Micro-ATX (24.4 x 24.4cm),DDR4,4개,최대 64GB,,PCIe3.0 x16,,(M.2) 1개,O,O,O,,,,,,,O,,PS/2 포트 2개,O,,,"
"ASUS  H110M-K iBORA,ASUS,인텔 CPU용,인텔(소켓1151),(인텔) H110,Micro-ATX (24.4 x 24.4cm),DDR4,2개,최대 32GB,,PCIe3.0 x16,,(M.2) 미지원,O,O,,,,,,,,O,,PS/2 포트 2개,O,,,"
"GIGABYTE  GA-B250M-DS3H 듀러블에디션 피씨디렉트,GIGABYTE,인텔 CPU용,인텔(소켓1151),(인텔) B250,Micro-ATX (22.6 x 19.3cm),DDR4,4개,최대 64GB,,,,(M.2) 1개,O,O,O,,,,,,,O,,PS/2 콤보 1개,O,,,"
"ASRock  Z270 EXTREME 4 에즈윈,ASRock,인텔 CPU용,인텔(소켓1151),(인텔) Z270,일반-ATX (24.4 x 30.5cm),DDR4,4개,최대 64GB,CrossFire X + SLI,PCIe3.0 x16,PCI-Express 3.0 x16,(M.2) 3개,O,O,O,,,,,,,O,,PS/2 포트 2개,O,,,"
"ASUS PRIME B250M-A iBORA,ASUS,인텔 CPU용,인텔(소켓1151),(인텔) B250,Micro-ATX (24.4 x 20.6cm),DDR4,4개,최대 64GB,,PCIe3.0 x16,,(M.2) 2개,O,O,O,,,,,,,O,,PS/2 포트 2개,O,,,"
"ASRock  H110M-HDV 에즈윈,ASRock,인텔 CPU용,인텔(소켓1151),(인텔) H110,Micro-ATX (23.0 x 18.2cm),DDR4,2개,최대 32GB,,,,(M.2) 미지원,O,O,O,,,,,,,O,,PS/2 콤보 1개,O,,,"
"GIGABYTE  GA-H110M-DS2V 듀러블에디션 피씨디렉트,GIGABYTE,인텔 CPU용,인텔(소켓1151),(인텔) H110,Micro-ATX (24.4 x 24.4cm),DDR4,2개,최대 32GB,,PCIe3.0 x16,,(M.2) 미지원,O,O,,,,,,,,O,,PS/2 콤보 1개,O,,,"
"GIGABYTE  GA-H270-Gaming 3 게이밍에디션 피씨디렉트,GIGABYTE,인텔 CPU용,인텔(소켓1151),(인텔) H270,일반-ATX (30.5 x 24.4cm),DDR4,4개,최대 64GB,CrossFire X,PCIe3.0 x16,PCI-Express 3.0 x16,(M.2) 2개,,O,O,,,,,,,O,O,PS/2 콤보 1개,O,,,"
"ASUS PRIME Z270-A STCOM,ASUS,인텔 CPU용,인텔(소켓1151),(인텔) Z270,일반-ATX (30.5 x 24.4cm),DDR4,4개,최대 64GB,CrossFire X + SLI,PCIe3.0 x16,PCI-Express 3.0 x16,(M.2) 2개,,O,O,O,,,,,,O,O,PS/2 콤보 1개,O,,,"
"ASUS ROG STRIX Z270F GAMING iBORA,ASUS,인텔 CPU용,인텔(소켓1151),(인텔) Z270,일반-ATX (30.5 x 23.4cm),DDR4,4개,최대 64GB,CrossFire X + SLI,PCIe3.0 x16,PCI-Express 3.0 x16,(M.2) 2개,,O,O,O,,,,,,O,O,PS/2 콤보 1개,O,,,"
"ASRock  H110M-DVS R2.0 디앤디컴,ASRock,인텔 CPU용,인텔(소켓1151),(인텔) H110,Micro-ATX (24.4 x 24.4cm),DDR4,2개,최대 32GB,,,,(M.2) 미지원,O,O,,,,,,,,O,,PS/2 콤보 1개,O,,,"
"ASRock  H110M-DVS R2.0 에즈윈,ASRock,인텔 CPU용,인텔(소켓1151),(인텔) H110,Micro-ATX (24.4 x 24.4cm),DDR4,2개,최대 32GB,,,,(M.2) 미지원,O,O,,,,,,,,O,,PS/2 콤보 1개,O,,,"
"ASRock  B250M-HDV 에즈윈,ASRock,인텔 CPU용,인텔(소켓1151),(인텔) B250,Micro-ATX (22.5 x 18.5cm),DDR4,2개,최대 32GB,,PCIe3.0 x16,,(M.2) 1개,O,O,O,,,,,,,O,,PS/2 콤보 1개,O,,,"
"MSI  Z270 크레이트 게이밍,MSI,인텔 CPU용,인텔(소켓1151),(인텔) Z270,일반-ATX (30.5 x 24.4cm),DDR4,4개,최대 64GB,CrossFire X + SLI,PCIe3.0 x16,PCI-Express 3.0 x16,(M.2) 2개,,O,O,,,,,,,O,O,PS/2 콤보 1개,O,,,"
"GIGABYTE  GA-B150M-DS3H 듀러블에디션 피씨디렉트,GIGABYTE,인텔 CPU용,인텔(소켓1151),(인텔) B150,Micro-ATX (24.4 x 24.4cm),DDR4,4개,최대 64GB,,PCIe3.0 x16,,(M.2) 1개,O,O,O,,,,,,,O,,PS/2 콤보 1개,O,,,"
"ASRock  H110M-DGS 디앤디컴,ASRock,인텔 CPU용,인텔(소켓1151),(인텔) H110,Micro-ATX (24.4 x 24.4cm),DDR4,2개,최대 32GB,,,,(M.2) 미지원,,O,,,,,,,,O,,PS/2 포트 2개,O,,,"
"ECS DURATHON2 H110M4-C2H 코잇,ECS,인텔 CPU용,인텔(소켓1151),(인텔) H110,Micro-ATX (24.4 x 24.4cm),DDR4,2개,최대 32GB,,,,(M.2) 미지원,O,,O,,,,,,,O,,PS/2 포트 2개,O,,,"
"ASUS  H81M-K iBORA,ASUS,인텔 CPU용,인텔(소켓1150),(인텔) H81,Micro-ATX (24.4 x 24.4cm),DDR3,2개,최대 16GB,,PCIe x16,없음,(M.2) 미지원,O,O,,,,,,,,O,,PS/2 포트 2개,O,,,"
"ASUS  H110M-A/M.2 iBORA,ASUS,인텔 CPU용,인텔(소켓1151),(인텔) H110,Micro-ATX (24.4 x 24.4cm),DDR4,2개,최대 32GB,,PCIe3.0 x16,,(M.2) 1개,O,O,O,,,,,,,O,,PS/2 포트 2개,O,,,"
"ASRock  H110M-DGS 에즈윈 (벌크),ASRock,인텔 CPU용,인텔(소켓1151),(인텔) H110,Micro-ATX (24.4 x 24.4cm),DDR4,2개,최대 32GB,,,,,,O,,,,,,,,O,,PS/2 포트 2개,O,,,"
"Supermicro 슈퍼오 C7-B250-CB-ML STCOM,Supermicro,인텔 CPU용,인텔(소켓1151),(인텔) B250,Micro-ATX (24.4 x 24.4cm),DDR4,4개,최대 64GB,,PCIe3.0 x16,,(M.2) 1개,,O,O,O,,,,,,O,,PS/2 콤보 1개,O,,,"
"GIGABYTE  GA-H110M-DS2V 듀러블에디션 제이씨현,GIGABYTE,인텔 CPU용,인텔(소켓1151),(인텔) H110,Micro-ATX (24.4 x 24.4cm),DDR4,2개,최대 32GB,,PCIe3.0 x16,,(M.2) 미지원,O,O,,,,,,,,O,,PS/2 콤보 1개,O,,,"
"ECS  DELUXE H81H3-M3 제이씨현,ECS,인텔 CPU용,인텔(소켓1150),(인텔) H81,Micro-ATX (24.4 x 24.4cm),DDR3,2개,최대 16GB,,PCIe x16,없음,(M.2) 미지원,O,O,O,,,,,,,O,,PS/2 포트 2개,O,,,"
"MSI  H110M PRO-VD PLUS,MSI,인텔 CPU용,인텔(소켓1151),(인텔) H110,Micro-ATX (24.4 x 24.4cm),DDR4,2개,최대 32GB,,PCIe3.0 x16,,(M.2) 미지원,O,O,,,,,,,,O,,PS/2 포트 2개,O,,,"
"GIGABYTE  GA-B250M-D3H 듀러블에디션 피씨디렉트,GIGABYTE,인텔 CPU용,인텔(소켓1151),(인텔) B250,Micro-ATX (24.4 x 22.5cm),DDR4,4개,최대 64GB,CrossFire X,PCIe3.0 x16,PCI-Express 3.0 x16,(M.2) 1개,O,O,O,O,,,,,,O,,PS/2 콤보 1개,O,,,"
"ASRock  B85M PRO4 에즈윈,ASRock,인텔 CPU용,인텔(소켓1150),(인텔) B85,Micro-ATX (24.4 x 24.4cm),DDR3,4개,최대 32GB,CrossFire X,PCIe3.0 x16,PCI-Express x16,(M.2) 미지원,O,O,O,,,,,,,O,,키보드 포트 1개,O,,,"
"ASUS  H110M-A/M.2 STCOM,ASUS,인텔 CPU용,인텔(소켓1151),(인텔) H110,Micro-ATX (24.4 x 24.4cm),DDR4,2개,최대 32GB,,PCIe3.0 x16,,(M.2) 1개,O,O,O,,,,,,,O,,PS/2 포트 2개,O,,,"
"ECS  ESSENTIALS H81H3-M4 코잇,ECS,인텔 CPU용,인텔(소켓1150),(인텔) H81,Micro-ATX (24.4 x 24.4cm),DDR3,2개,최대 16GB,,PCIe x16,없음,(M.2) 미지원,O,O,,,,,,,,O,,PS/2 포트 2개,O,,,"
"ASRock  Z270M PRO4 에즈윈,ASRock,인텔 CPU용,인텔(소켓1151),(인텔) Z270,Micro-ATX (24.5 x 24.5cm),DDR4,4개,최대 64GB,CrossFire X,PCIe3.0 x16,PCI-Express 3.0 x16,(M.2) 2개,O,O,O,,,,,,,O,,PS/2 포트 2개,O,,,"
"ASUS STRIX Z270I GAMING iBORA,ASUS,인텔 CPU용,인텔(소켓1151),(인텔) Z270,M-iTX (17.0x17.0cm),DDR4,2개,최대 32GB,,PCIe3.0 x16,,(M.2) 2개,,,O,O,,,,,,O,O,,O,,O,O"
"ASRock  X99 Taichi 에즈윈,ASRock,인텔 CPU용,인텔(소켓2011-V3),(인텔) X99,일반-ATX (30.5 x 24.4cm),DDR4,8개,최대 128GB 이상,,PCIe3.0 x16,PCI-Express 3.0 x16,(M.2) 2개,,,,,,,,O,,O,O,PS/2 콤보 1개,O,,O,O"
"BIOSTAR RACING B250 GT3 이엠텍,BIOSTAR,인텔 CPU용,인텔(소켓1151),(인텔) B250,Micro-ATX (24.4 x 23cm),DDR4,4개,최대 64GB,CrossFire X,PCIe3.0 x16,PCI-Express 3.0 x4,(M.2) 2개,,O,O,,,,,,,,,PS/2 콤보 1개,O,,,"
"ASUS STRIX X99 GAMING STCOM,ASUS,인텔 CPU용,인텔(소켓2011-V3),(인텔) X99,일반-ATX (30.5 x 24.4cm),DDR4,8개,최대 128GB 이상,CrossFire X,PCIe3.0 x16,PCI-Express 3.0 x16,(M.2) 1개,,,,,,,,,,O,O,PS/2 콤보 1개,O,,O,O"
"아이노비아  H61M-D3,아이노비아,인텔 CPU용,인텔(소켓1155),(인텔) H61,Micro-ATX (24.4 x 24.4cm),DDR3,2개,최대 16GB,,PCIe3.0 x16,,(M.2) 미지원,,,,,,,,,,,,,,,,"
"ASRock  J3455-ITX 디앤디컴,ASRock,인텔 CPU용,인텔(CPU내장),(인텔)셀러론 J3455,Mini-iTX (17.0 x 17.0cm),DDR3/DDR3L(노트북용),2개,최대 16GB,,,,(M.2) 1개,O,O,O,,,,,,,,,PS/2 포트 2개,O,,,"
"ASUS PRIME H270-PRO iBORA,ASUS,인텔 CPU용,인텔(소켓1151),(인텔) H270,일반-ATX (30.5 x 22.6cm),DDR4,4개,최대 64GB,CrossFire X,PCIe3.0 x16,PCI-Express 3.0 x16,(M.2) 2개,,O,O,O,,,,,,O,O,PS/2 콤보 1개,O,,,"
"ASUS  H110M-K 코잇,ASUS,인텔 CPU용,인텔(소켓1151),(인텔) H110,Micro-ATX (22.6 x 18.3cm),DDR4,2개,최대 32GB,,PCIe3.0 x16,,(M.2) 미지원,O,O,,,,,,,,O,,PS/2 포트 2개,O,,,"
"ASUS  B85M-G iBORA,ASUS,인텔 CPU용,인텔(소켓1150),(인텔) B85,Micro-ATX (24.4 x 24.4cm),DDR3,4개,최대 32GB,,PCIe3.0 x16,없음,(M.2) 미지원,O,O,O,,,,,,,O,,PS/2 포트 2개,O,,,"
"ECS DURATHON2 H110M4-C3V 코잇,ECS,인텔 CPU용,인텔(소켓1151),(인텔) H110,Micro-ATX (24.4 x 24.4cm),DDR4,2개,최대 32GB,,,,(M.2) 미지원,O,O,,,,,,,,O,,PS/2 포트 2개,O,,,"
"ASUS  H110M-A/M.2 코잇,ASUS,인텔 CPU용,인텔(소켓1151),(인텔) H110,Micro-ATX (22.6 x 18.5cm),DDR4,2개,최대 32GB,,PCIe3.0 x16,,(M.2) 1개,O,O,O,,,,,,,O,,PS/2 포트 2개,O,,,"
"GIGABYTE  GA-Z270M-D3H 듀러블에디션 피씨디렉트,GIGABYTE,인텔 CPU용,인텔(소켓1151),(인텔) Z270,Micro-ATX (24.4 x 22.5cm),DDR4,4개,최대 64GB,CrossFire X,PCIe3.0 x16,PCI-Express 3.0 x16,(M.2) 1개,O,O,O,,,,,,,O,,PS/2 콤보 1개,O,,,"
"ECS DURATHON2 H110M4-C21 제이씨현,ECS,인텔 CPU용,인텔(소켓1151),(인텔) H110,Micro-ATX (24.4 x 24.4cm),DDR4,2개,최대 32GB,,,,(M.2) 미지원,O,,,,,,,,,,,PS/2 포트 2개,O,,,"
"ASUS  H110M-K iBORA (벌크),ASUS,인텔 CPU용,인텔(소켓1151),(인텔) H110,Micro-ATX (24.4 x 24.4cm),DDR4,2개,최대 32GB,,PCIe3.0 x16,,(M.2) 미지원,O,O,,,,,,,,O,,PS/2 포트 2개,O,,,"
"ASRock  H110M-DGS R3.0 에즈윈 (벌크),ASRock,인텔 CPU용,인텔(소켓1151),(인텔) H110,Micro-ATX (24.4 x 24.4cm),DDR4,2개,최대 32GB,,PCIe3.0 x16,,,,O,,,,,,,,O,,PS/2 콤보 1개,O,,,"
"GIGABYTE  GA-B250N-Phoenix WiFi 듀러블에디션 제이씨현,GIGABYTE,인텔 CPU용,인텔(소켓1151),(인텔) B250,M-iTX (17.0x17.0cm),DDR4,2개,최대 32GB,,PCIe3.0 x16,,(M.2) 1개,,,O,O,,,,,,,,PS/2 콤보 1개,O,,O,O"
"ASUS ROG MAXIMUS IX HERO STCOM,ASUS,인텔 CPU용,인텔(소켓1151),(인텔) Z270,일반-ATX (30.5 x 24.4cm),DDR4,4개,최대 64GB,CrossFire X + SLI,PCIe3.0 x16,PCI-Express 3.0 x16,(M.2) 2개,,,O,O,,,,,,O,O,,O,,,"
"ASUS PRIME B250M-K STCOM,ASUS,인텔 CPU용,인텔(소켓1151),(인텔) B250,Micro-ATX (22.6 x 18.5cm),DDR4,2개,최대 32GB,,PCIe3.0 x16,,(M.2) 1개,O,O,,,,,,,,O,,PS/2 포트 2개,O,,,"
"GIGABYTE  GA-Z270X-Gaming 9 어로스 제이씨현,GIGABYTE,인텔 CPU용,인텔(소켓1151),(인텔) Z270,Extended-ATX (30.5 x 26.4cm),DDR4,4개,최대 64GB,CrossFire X + SLI,PCIe3.0 x16,PCI-Express 3.0 x16,(M.2) 2개,,,O,O,,,,,,O,O,PS/2 콤보 1개,O,,O,O"
"ASRock  Z270 SUPERCARRIER 에즈윈,ASRock,인텔 CPU용,인텔(소켓1151),(인텔) Z270,일반-ATX (30.5 x 24.4cm),DDR4,4개,최대 64GB,Quad CrossFire X + Quad SLI,PCIe3.0 x16,PCI-Express 3.0 x16,(M.2) 3개,,,O,O,O,O,,,,,O,PS/2 콤보 1개,O,,,"
"GIGABYTE  GA-H81M-D2V 피씨디렉트,GIGABYTE,인텔 CPU용,인텔(소켓1150),(인텔) H81,Micro-ATX (24.4 x 24.4cm),DDR3,2개,최대 16GB,,PCIe x16,없음,(M.2) 미지원,O,O,,,,,,,,O,,PS/2 콤보 1개,,,,"
"ASUS PRIME H270-PRO STCOM,ASUS,인텔 CPU용,인텔(소켓1151),(인텔) H270,일반-ATX (30.5 x 22.6cm),DDR4,4개,최대 64GB,CrossFire X,PCIe3.0 x16,PCI-Express 3.0 x16,(M.2) 2개,,O,O,O,,,,,,O,O,PS/2 콤보 1개,O,,,"
"MSI  B250M 박격포 아틱,MSI,인텔 CPU용,인텔(소켓1151),(인텔) B250,Micro-ATX (24.4 x 24.4cm),DDR4,4개,최대 64GB,CrossFire,PCIe3.0 x16,,(M.2) 1개,,O,O,O,,,,,,O,,PS/2 콤보 1개,O,,,"
"GIGABYTE  GA-H81M-DS2V 제이씨현,GIGABYTE,인텔 CPU용,인텔(소켓1150),(인텔) H81,Micro-ATX (24.4 x 24.4cm),DDR3,2개,최대 16GB,,PCIe x16,없음,(M.2) 미지원,O,O,,,,,,,,O,,PS/2 콤보 1개,O,,,"
"GIGABYTE  GA-Z270-Gaming K3 게이밍에디션 제이씨현,GIGABYTE,인텔 CPU용,인텔(소켓1151),(인텔) Z270,일반-ATX (30.5 x 24.4cm),DDR4,4개,최대 64GB,CrossFire X,PCIe3.0 x16,PCI-Express 3.0 x16,(M.2) 1개,,O,O,,,,,,,O,O,PS/2 콤보 1개,O,,,"
"ASRock  Z270 Taichi 에즈윈,ASRock,인텔 CPU용,인텔(소켓1151),(인텔) Z270,일반-ATX (24.4 x 30.5cm),DDR4,4개,최대 64GB,CrossFire X + SLI,PCIe3.0 x16,PCI-Express 3.0 x16,(M.2) 3개,,,O,O,,,,,,O,O,PS/2 콤보 1개,O,,O,O"
"BIOSTAR RACING B250 GT5 이엠텍,BIOSTAR,인텔 CPU용,인텔(소켓1151),(인텔) B250,일반-ATX (30.5 x 22.5cm),DDR4,4개,최대 64GB,CrossFire X,PCIe3.0 x16,PCI-Express 3.0 x4,(M.2) 2개,O,O,O,,,,,,,,,PS/2 콤보 1개,O,,,"
"ECS  H110I-C33 코잇,ECS,인텔 CPU용,인텔(소켓1151),(인텔) H110,Mini-iTX (17.0 x 17.0cm),DDR4,2개,최대 32GB,,PCIe3.0 x16,,(M.2) 2개,O,O,O,,,,,,,O,,PS/2 포트 2개,O,,,"
"GIGABYTE  GA-H110-D3 듀러블에디션 제이씨현,GIGABYTE,인텔 CPU용,인텔(소켓1151),(인텔) H110,일반-ATX (30.5 x 24.4cm),DDR4,2개,최대 32GB,,PCIe3.0 x16,,(M.2) 1개,O,,,,,,,O,O,O,,PS/2 포트 2개,O,,,"
"ASUS ROG STRIX Z270H GAMING 코잇,ASUS,인텔 CPU용,인텔(소켓1151),(인텔) Z270,일반-ATX (30.5 x 23.4cm),DDR4,4개,최대 64GB,CrossFire X + SLI,PCIe3.0 x16,PCI-Express 3.0 x16,(M.2) 2개,,O,O,,,,,,,O,O,PS/2 콤보 1개,O,,,"
"ASRock  H270 PRO4 디앤디컴,ASRock,인텔 CPU용,인텔(소켓1151),(인텔) H270,일반-ATX (24.4 x 30.5cm),DDR4,4개,최대 64GB,CrossFire X,PCIe3.0 x16,PCI-Express 3.0 x16,(M.2) 3개,O,O,O,,,,,,,O,,PS/2 콤보 1개,O,,,"
"GIGABYTE  GA-B250M-DS3H 듀러블에디션 제이씨현,GIGABYTE,인텔 CPU용,인텔(소켓1151),(인텔) B250,Micro-ATX (24.4 x 22.5cm),DDR4,4개,최대 64GB,,PCIe3.0 x16,,(M.2) 1개,O,O,O,,,,,,,O,,PS/2 콤보 1개,O,,,"
"GIGABYTE  GA-B150M-DS3H 듀러블에디션 제이씨현,GIGABYTE,인텔 CPU용,인텔(소켓1151),(인텔) B150,Micro-ATX (24.4 x 24.4cm),DDR4,4개,최대 64GB,,PCIe3.0 x16,,(M.2) 1개,O,O,O,,,,,,,O,,PS/2 콤보 1개,O,,,"
"ASRock  J3455B-ITX 디앤디컴,ASRock,인텔 CPU용,인텔(CPU내장),(인텔)셀러론 J3455,Mini-iTX (17.0 x 17.0cm),DDR3/DDR3L,2개,최대 16GB,,,,(M.2) 미지원,O,,O,,,,,,,,,PS/2 포트 2개,O,,,"
"GIGABYTE  GA-B150M-D3H 듀러블에디션 제이씨현,GIGABYTE,인텔 CPU용,인텔(소켓1151),(인텔) B150,Micro-ATX (24.4 x 24.4cm),DDR4,4개,최대 64GB,CrossFire X,PCIe3.0 x16,PCI-Express 3.0 x16,(M.2) 1개,O,O,O,,,,,,,O,,PS/2 콤보 1개,O,,,"
"ECS DURATHON2 H110M4-C21 코잇,ECS,인텔 CPU용,인텔(소켓1151),(인텔) H110,Micro-ATX (24.4 x 24.4cm),DDR4,2개,최대 32GB,,,,(M.2) 미지원,,,,,,,,,,,,PS/2 포트 2개,O,,,"
"ASRock  B250 PRO4 디앤디컴,ASRock,인텔 CPU용,인텔(소켓1151),(인텔) B250,일반-ATX (22.4 x 30.5cm),DDR4,4개,최대 64GB,CrossFire X,PCIe3.0 x16,PCI-Express 3.0 x16,(M.2) 2개,O,O,O,,,,,,,O,,PS/2 콤보 1개,O,,,"
"ASUS ROG MAXIMUS IX EXTREME iBORA,ASUS,인텔 CPU용,인텔(소켓1151),(인텔) Z270,E-ATX (30.5x27.2cm),DDR4,4개,최대 64GB,CrossFire X + SLI(Quad),PCIe3.0 x16,PCI-Express 3.0 x8,(M.2) 2개,,,O,O,,,,,,O,O,PS/2 없음,O,,,O"
"ASUS  Z10PE-D16 WS STCOM,ASUS,인텔 CPU용,인텔(소켓2011-V3),기타,Extended-ATX (30.5 x 33.0cm),DDR4,16개,최대 128GB 이상,CrossFire X,PCIe3.0 x16,PCI-Express 3.0 x16,(M.2) 1개,,,,,,,,,,O,,PS/2 콤보 1개,O,,,"
"GIGABYTE  GA-Z270X-Gaming 7 어로스 피씨디렉트,GIGABYTE,인텔 CPU용,인텔(소켓1151),(인텔) Z270,일반-ATX (30.5 x 24.4cm),DDR4,4개,최대 64GB,CrossFire X + SLI,PCIe3.0 x16,PCI-Express 3.0 x16,(M.2) 2개,,,O,O,,,,,,O,O,PS/2 콤보 1개,O,,,"
"ASRock  Z270 Gaming-ITX/ac 디앤디컴,ASRock,인텔 CPU용,인텔(소켓1151),(인텔) Z270,Mini-iTX (17.0 x 17.0cm),DDR4,2개,최대 32GB,,PCIe3.0 x16,,(M.2) 2개,,,O,O,O,,,,,,O,PS/2 콤보 1개,O,,O,O"
"GIGABYTE  GA-H270-Gaming 3 게이밍에디션 제이씨현,GIGABYTE,인텔 CPU용,인텔(소켓1151),(인텔) H270,일반-ATX (30.5 x 24.4cm),DDR4,4개,최대 64GB,CrossFire X,PCIe3.0 x16,PCI-Express 3.0 x16,(M.2) 2개,,O,O,,,,,,,O,O,PS/2 콤보 1개,O,,,"
"ASUS  H110M-K STCOM,ASUS,인텔 CPU용,인텔(소켓1151),(인텔) H110,Micro-ATX (24.4 x 24.4cm),DDR4,2개,최대 32GB,,,,(M.2) 미지원,O,O,,,,,,,,O,,PS/2 포트 2개,O,,,"
"GIGABYTE  GA-B250-HD3 듀러블에디션 피씨디렉트,GIGABYTE,인텔 CPU용,인텔(소켓1151),(인텔) B250,일반-ATX (30.5 x 22.5cm),DDR4,4개,최대 64GB,CrossFire X,PCIe3.0 x16,PCI-Express 3.0 x16,(M.2) 1개,O,O,O,,,,,,,O,,PS/2 콤보 1개,O,,,"
"ASRock  J3455-ITX 에즈윈,ASRock,인텔 CPU용,인텔(CPU내장),(인텔)셀러론 J3455,Mini-iTX (17.0 x 17.0cm),DDR3/DDR3L(노트북용),2개,최대 16GB,,,,(M.2) 1개,O,O,O,,,,,,,,,PS/2 포트 2개,O,,,"
"Supermicro 슈퍼오 C7-B250-CB-MK STCOM,Supermicro,인텔 CPU용,인텔(소켓1151),(인텔) B250,Micro-ATX (24.4 x 24.4cm),DDR4,2개,최대 32GB,,PCIe3.0 x16,PCI-Express 3.0 x4,(M.2) 1개,,O,O,O,,,,,,O,,PS/2 콤보 1개,O,,,"
"ASUS PRIME H270M-PLUS iBORA,ASUS,인텔 CPU용,인텔(소켓1151),(인텔) H270,Micro-ATX (24.38 x 23.88cm),DDR4,4개,최대 64GB,CrossFire X,PCIe3.0 x16,PCI-Express 3.0 x16,(M.2) 2개,O,O,O,,,,,,,O,,PS/2 콤보 1개,O,,,"
"Supermicro 슈퍼오 C7-Z270-PG STCOM,Supermicro,인텔 CPU용,인텔(소켓1151),(인텔) Z270,일반-ATX (30.5 x 24.4cm),DDR4,4개,최대 64GB,,PCIe3.0 x16,,(M.2) 2개,,,O,O,,,,,,O,O,PS/2 콤보 1개,O,,,"
"GIGABYTE  GA-H110N 듀러블에디션 제이씨현,GIGABYTE,인텔 CPU용,인텔(소켓1151),(인텔) H110,Mini-iTX (17.0 x 17.0cm),DDR4,2개,최대 32GB,,PCIe3.0 x16,,(M.2) 1개,O,O,O,,,,,,,O,,PS/2 콤보 1개,O,,,"
"ASRock  B250M-HDV 디앤디컴,ASRock,인텔 CPU용,인텔(소켓1151),(인텔) B250,Micro-ATX (18.2 x 22.5cm),DDR4,2개,최대 32GB,,PCIe3.0 x16,,(M.2) 1개,O,O,O,,,,,,,O,,PS/2 콤보 1개,O,,,"
"ASRock  Z270M PRO4 디앤디컴,ASRock,인텔 CPU용,인텔(소켓1151),(인텔) Z270,Micro-ATX (24.4 x 24.4cm),DDR4,4개,최대 64GB,CrossFire X,PCIe3.0 x16,PCI-Express 3.0 x16,(M.2) 2개,O,O,O,,,,,,,O,,PS/2 포트 2개,O,,,"
"MSI  X99A MPOWER 웨이코스,MSI,인텔 CPU용,인텔(소켓2011-V3),(인텔) X99,일반-ATX (30.5 x 24.4cm),DDR4,8개,최대 128GB 이상,CrossFire X,PCIe3.0 x16,PCI-Express 3.0 x16,(M.2) 1개,,,,,,,,,,O,O,PS/2 콤보 1개,O,,,"
"MSI  Z270 XPOWER 게이밍 티타늄,MSI,인텔 CPU용,인텔(소켓1151),(인텔) Z270,일반-ATX (30.5 x 24.4cm),DDR4,4개,최대 64GB,CrossFire + SLI,PCIe3.0 x16,PCI-Express 3.0 x16,(M.2) 3개,,,O,O,,,,,,O,O,PS/2 콤보 1개,O,,,"
"ASRock  H270M-ITX/ac 디앤디컴,ASRock,인텔 CPU용,인텔(소켓1151),(인텔) H270,Mini-iTX (17.0 x 17.0cm),DDR4,2개,최대 32GB,,PCIe3.0 x16,,(M.2) 1개,,O,O,,,,,,,O,,PS/2 콤보 1개,O,,,"
"ASUS PRIME B250-PLUS STCOM,ASUS,인텔 CPU용,인텔(소켓1151),(인텔) B250,일반-ATX (30.5 x 21.8cm),DDR4,4개,최대 64GB,CrossFire X,PCIe3.0 x16,PCI-Express 3.0 x16,(M.2) 2개,O,O,O,,,,,,,O,,PS/2 콤보 1개,O,,,"
"ASRock  Z270 PRO4 에즈윈,ASRock,인텔 CPU용,인텔(소켓1151),(인텔) Z270,일반-ATX (30.5 x 22cm),DDR4,4개,최대 64GB,CrossFire X,PCIe3.0 x16,PCI-Express 3.0 x16,(M.2) 2개,O,O,O,,,,,,,O,,PS/2 포트 2개,O,,,"
"ASRock  H81M-DGS R2.0 디앤디컴,ASRock,인텔 CPU용,인텔(소켓1150),(인텔) H81,Micro-ATX (24.4 x 24.4cm),DDR3,2개,최대 16GB,,PCIe x16,없음,(M.2) 미지원,O,O,,,,,,,,O,,PS/2 콤보 1개,O,,,"
"Supermicro 슈퍼오 C7-Z270-CG STCOM,Supermicro,인텔 CPU용,인텔(소켓1151),(인텔) Z270,일반-ATX (30.5 x 24.4cm),DDR4,4개,최대 64GB,,PCIe3.0 x16,,(M.2) 2개,,O,O,O,,,,,,,O,PS/2 콤보 1개,O,,,"
"ASUS  B85M-G STCOM,ASUS,인텔 CPU용,인텔(소켓1150),(인텔) B85,Micro-ATX (24.4 x 24.4cm),DDR3,4개,최대 32GB,,PCIe3.0 x16,없음,(M.2) 미지원,O,O,O,,,,,,,O,,PS/2 포트 2개,O,,,"
"MSI  B250I 게이밍 프로 AC,MSI,인텔 CPU용,인텔(소켓1151),(인텔) B250,Mini-iTX (17.0 x 17.0cm),DDR4,2개,최대 32GB,,,,(M.2) 2개,,O,O,,,,,,,O,,PS/2 콤보 1개,O,,,"
"ECS  ESSENTIALS H81H3-I HDMI 코잇,ECS,인텔 CPU용,인텔(소켓1150),(인텔) H81,Mini-iTX (17.0 x 17.0cm),DDR3,2개,최대 16GB,,PCIe x16,없음,(M.2) 미지원,O,,O,,,,,,,O,,PS/2 포트 2개,O,,,"
"MSI  Z270 게이밍 프로 카본,MSI,인텔 CPU용,인텔(소켓1151),(인텔) Z270,일반-ATX (30.4 x 24.3cm),DDR4,4개,최대 64GB,CrossFire + SLI,PCIe3.0 x16,PCI-Express 3.0 x16,(M.2) 2개,,O,O,,,,,,,O,O,PS/2 콤보 1개,O,,,"
"ASUS ROG MAXIMUS IX FORMULA iBORA,ASUS,인텔 CPU용,인텔(소켓1151),(인텔) Z270,일반-ATX (30.5 x 24.4cm),DDR4,4개,최대 64GB,CrossFire X + SLI,PCIe3.0 x16,PCI-Express 3.0 x16,(M.2) 2개,,,O,O,,,,,,O,O,,O,,O,O"
"ASUS PRIME B250M-PLUS 코잇,ASUS,인텔 CPU용,인텔(소켓1151),(인텔) B250,Micro-ATX (24.4 x 22.4cm),DDR4,4개,최대 64GB,CrossFire X,PCIe3.0 x16,PCI-Express 3.0 x16,(M.2) 2개,O,O,O,,,,,,,O,,PS/2 콤보 1개,O,,,"
"GIGABYTE  GA-B250M-D2V 듀러블에디션 제이씨현,GIGABYTE,인텔 CPU용,인텔(소켓1151),(인텔) B250,Micro-ATX (22.6 x 17.4cm),DDR4,2개,최대 32GB,,PCIe3.0 x16,,,O,O,,,,,,,,O,,PS/2 포트 2개,O,,,"
"마이크로닉스  TH110-HM (120W 파워어댑터 포함),마이크로닉스,인텔 CPU용,인텔(소켓1151),(인텔) H110,Mini-iTX (17.0 x 17.0cm),DDR3/DDR3L,2개,최대 32GB,,,,(M.2) 미지원,,,O,,,,,,,,,,O,,,"
"Supermicro 슈퍼오 C7-Z270-CG-L STCOM,Supermicro,인텔 CPU용,인텔(소켓1151),(인텔) Z270,일반-ATX (30.5 x 24.4cm),DDR4,4개,최대 64GB,,PCIe3.0 x16,,(M.2) 2개,,O,O,O,,,,,,O,O,PS/2 콤보 1개,O,,,"
"GIGABYTE  GA-H110M-S2H 듀러블에디션 제이씨현,GIGABYTE,인텔 CPU용,인텔(소켓1151),(인텔) H110,Micro-ATX (24.4 x 24.4cm),DDR4,2개,최대 32GB,,PCIe3.0 x16,,(M.2) 미지원,O,O,O,,,,,,,O,,PS/2 포트 2개,O,,,"
"ASUS  RAMPAGE V EDITION 10 STCOM,ASUS,인텔 CPU용,인텔(소켓2011-V3),(인텔) X99,Extended-ATX (30.5 x 33.0cm),DDR4,8개,최대 128GB 이상,CrossFire X,PCIe3.0 x16,PCI-Express 3.0 x16,(M.2) 1개,,,,,,,,,,O,O,PS/2 콤보 1개,O,,O,O"
"GIGABYTE  GA-H110M-A 듀러블에디션 제이씨현,GIGABYTE,인텔 CPU용,인텔(소켓1151),(인텔) H110,Micro-ATX (24.4 x 24.4cm),DDR4,2개,최대 32GB,,PCIe3.0 x16,,(M.2) 미지원,,,O,,,,,,,O,,PS/2 포트 2개,O,,,"
"ASUS STRIX B250G GAMING STCOM,ASUS,인텔 CPU용,인텔(소켓1151),(인텔) B250,M-ATX (24.4x21.8cm),DDR4,4개,최대 64GB,,,,(M.2) 2개,,O,O,,,,,,,O,,PS/2 콤보 1개,O,,,"
"MSI  B250M PRO-VDH + 옵테인 메모리 16GB,MSI,인텔 CPU용,인텔(소켓1151),(인텔) B250,Micro-ATX (24.4 x 22.8cm),DDR4,4개,최대 64GB,,PCIe3.0 x16,,(M.2) 2개,O,O,O,,,,,,,O,,PS/2 콤보 1개,O,,,"
"MSI  Z270 게이밍 M7,MSI,인텔 CPU용,인텔(소켓1151),(인텔) Z270,일반-ATX (30.5 x 24.4cm),DDR4,4개,최대 64GB,CrossFire + SLI,PCIe3.0 x16,PCI-Express 3.0 x16,(M.2) 3개,,,O,O,,,,,,O,O,PS/2 콤보 1개,O,,,"
"GIGABYTE  GA-X99P-SLI 듀러블에디션 썬더볼트 제이씨현,GIGABYTE,인텔 CPU용,인텔(소켓2011-V3),(인텔) X99,일반-ATX (30.5 x 24.4cm),DDR4,8개,최대 128GB 이상,CrossFire X + SLI,PCIe3.0 x16,PCI-Express 3.0 x16,(M.2) 1개,,,,O,O,,,,,O,O,PS/2 콤보 1개,O,,,"
"ASRock  B150M PRO4/HYPER 디앤디컴,ASRock,인텔 CPU용,인텔(소켓1151),(인텔) B150,Micro-ATX (24.4 x 24.4cm),DDR4,4개,최대 64GB,CrossFire X,PCIe3.0 x16,PCI-Express 3.0 x16,(M.2) 1개,O,O,O,,,,,,,O,,PS/2 콤보 1개,O,,,"
"Supermicro 슈퍼오 C7-H270-CG-ML STCOM,Supermicro,인텔 CPU용,인텔(소켓1151),(인텔) H270,Micro-ATX (24.4 x 24.4cm),DDR4,4개,최대 64GB,,PCIe3.0 x16,,(M.2) 1개,,O,O,O,,,,,,O,,PS/2 콤보 1개,O,,,"
"ASUS ROG STRIX Z270F GAMING STCOM,ASUS,인텔 CPU용,인텔(소켓1151),(인텔) Z270,일반-ATX (30.5 x 24.4cm),DDR4,4개,최대 64GB,CrossFire X + SLI,PCIe3.0 x16,PCI-Express 3.0 x16,(M.2) 2개,,O,O,O,,,,,,O,O,PS/2 콤보 1개,O,,,"
"Supermicro 슈퍼오 C7-Q270-CB-ML STCOM,Supermicro,인텔 CPU용,인텔(소켓1151),(인텔) Q270,Micro-ATX (24.4 x 24.4cm),DDR4,4개,최대 64GB,,PCIe3.0 x16,,(M.2) 1개,,O,O,O,,,,,,O,,PS/2 콤보 1개,O,,,"
"ASUS ROG STRIX Z270G GAMING iBORA,ASUS,인텔 CPU용,인텔(소켓1151),(인텔) Z270,Micro-ATX (24.4 x 24.4cm),DDR4,4개,최대 64GB,CrossFire X + SLI,PCIe3.0 x16,PCI-Express 3.0 x16,(M.2) 2개,,,O,O,,,,,,O,O,PS/2 콤보 1개,O,,O,O"
"ASRock  Z270 PRO4 디앤디컴,ASRock,인텔 CPU용,인텔(소켓1151),(인텔) Z270,일반-ATX (22.4 x 30.5cm),DDR4,4개,최대 64GB,CrossFire X,PCIe3.0 x16,PCI-Express 3.0 x16,(M.2) 3개,O,O,O,,,,,,,O,,PS/2 콤보 1개,O,,,"
"ASUS  RAMPAGE V EDITION 10 iBORA,ASUS,인텔 CPU용,인텔(소켓2011-V3),(인텔) X99,Extended-ATX (30.5 x 33.0cm),DDR4,8개,최대 128GB 이상,CrossFire X,PCIe3.0 x16,PCI-Express 3.0 x16,(M.2) 1개,,,,,,,,,,O,O,PS/2 콤보 1개,O,,O,O"
"GIGABYTE  GA-H110M-S2PH 듀러블에디션 제이씨현,GIGABYTE,인텔 CPU용,인텔(소켓1151),(인텔) H110,Micro-ATX (24.4 x 24.4cm),DDR4,2개,최대 32GB,,PCIe3.0 x16,,(M.2) 미지원,O,,O,,,,,O,O,O,,PS/2 포트 2개,O,,,"
"ASRock  B250 PRO4 에즈윈,ASRock,인텔 CPU용,인텔(소켓1151),(인텔) B250,일반-ATX (30.5 x 22cm),DDR4,4개,최대 64GB,CrossFire X,PCIe3.0 x16,PCI-Express 3.0 x16,(M.2) 1개,O,O,O,,,,,,,O,,PS/2 콤보 1개,O,,,"
"ASRock  H110M-ITX/ac 에즈윈,ASRock,인텔 CPU용,인텔(소켓1151),(인텔) H110,Mini-iTX (17.0 x 17.0cm),DDR4,2개,최대 32GB,,PCIe3.0 x16,없음,(M.2) 미지원,,O,O,,,,,,,O,,PS/2 콤보 1개,O,,O,O"
"MSI  H270M 박격포 아틱,MSI,인텔 CPU용,인텔(소켓1151),(인텔) H270,Micro-ATX (24.4 x 24.4cm),DDR4,4개,최대 64GB,CrossFire,PCIe3.0 x16,,(M.2) 1개,,O,O,O,,,,,,O,,PS/2 콤보 1개,O,,,"
"GIGABYTE  GA-H270-HD3 듀러블에디션 피씨디렉트,GIGABYTE,인텔 CPU용,인텔(소켓1151),(인텔) H270,일반-ATX (30.5 x 24.4cm),DDR4,4개,최대 64GB,CrossFire X,PCIe3.0 x16,PCI-Express 3.0 x16,(M.2) 1개,O,O,O,,,,,,,O,,PS/2 콤보 1개,O,,,"
"MSI  B250M PRO-VD,MSI,인텔 CPU용,인텔(소켓1151),(인텔) B250,Micro-ATX (22.6 x 18.5cm),DDR4,2개 이하,최대 32GB,,,,(M.2) 1개,O,O,,,,,,,,O,,PS/2 콤보 1개,O,,,"
"ASRock  H110M-DVS R2.0 디앤디컴 (벌크),ASRock,인텔 CPU용,인텔(소켓1151),(인텔) H110,Micro-ATX (24.4 x 24.4cm),DDR4,2개,최대 32GB,,,,,O,O,,,,,,,,O,,PS/2 콤보 1개,O,,,"
"ASRock  H110M-HDV 디앤디컴,ASRock,인텔 CPU용,인텔(소켓1151),(인텔) H110,Micro-ATX (23.0 x 18.2cm),DDR4,2개,최대 32GB,,,,(M.2) 미지원,O,O,O,,,,,,,O,,PS/2 콤보 1개,O,,,"
"GIGABYTE  GA-N3150N-D3V 듀러블에디션 제이씨현,GIGABYTE,인텔 CPU용,인텔(CPU내장),,Mini-iTX (17.0 x 17.0cm),DDR3 노트북용,2개,최대 8GB,,없음,없음,(M.2) 1개,O,O,,,,,,O,,O,,PS/2 포트 2개,O,,,"
"ASUS ROG MAXIMUS IX FORMULA STCOM,ASUS,인텔 CPU용,인텔(소켓1151),(인텔) Z270,일반-ATX (30.5 x 24.4cm),DDR4,4개,최대 64GB,CrossFire X + SLI,PCIe3.0 x16,PCI-Express 3.0 x16,(M.2) 2개,,,O,O,,,,,,O,O,,O,,O,O"
"ASRock  H110M-DVS R2.0 에즈윈 (벌크),ASRock,인텔 CPU용,인텔(소켓1151),(인텔) H110,Micro-ATX (24.4 x 24.4cm),DDR4,2개,최대 32GB,,,,(M.2) 미지원,O,O,,,,,,,,O,,PS/2 콤보 1개,O,,,"
"ASUS  H110-PLUS STCOM,ASUS,인텔 CPU용,인텔(소켓1151),(인텔) H110,일반-ATX (30.5 x 24.4cm),DDR4,2개,최대 32GB,,,,(M.2) 미지원,O,O,,,,,,,O,O,,PS/2 포트 2개,O,,,"
"MSI  H110I PRO 웨이코스,MSI,인텔 CPU용,인텔(소켓1151),(인텔) H110,Mini-iTX (17.0 x 17.0cm),DDR4,2개,최대 32GB,,PCIe3.0 x16,,(M.2) 1개,,O,O,,,,,,,O,,PS/2 콤보 1개,O,,,"
"ASRock  H270M PRO4 디앤디컴,ASRock,인텔 CPU용,인텔(소켓1151),(인텔) H270,Micro-ATX (24.4 x 24.4cm),DDR4,4개,최대 64GB,CrossFire X,PCIe3.0 x16,PCI-Express 3.0 x16,(M.2) 2개,O,O,O,,,,,,,O,,PS/2 포트 2개,O,,,"
"MSI  H110M PRO-D 웨이코스,MSI,인텔 CPU용,인텔(소켓1151),(인텔) H110,Micro-ATX (24.4 x 24.4cm),DDR4,2개,최대 32GB,,PCIe3.0 x16,,(M.2) 미지원,,O,,,,,,,,O,,PS/2 콤보 1개,O,,,"
"ASRock  Z270 EXTREME 4 디앤디컴,ASRock,인텔 CPU용,인텔(소켓1151),(인텔) Z270,일반-ATX (24.4 x 30.5cm),DDR4,4개,최대 64GB,CrossFire X + SLI,PCIe3.0 x16,PCI-Express 3.0 x16,(M.2) 3개,O,O,O,,,,,,,O,,PS/2 콤보 1개,O,,,"
"ECS DURATHON2 H110M4-C3D 코잇,ECS,인텔 CPU용,인텔(소켓1151),(인텔) H110,Micro-ATX (24.4 x 24.4cm),DDR4,2개,최대 32GB,,,,(M.2) 미지원,O,,O,,,,,,,O,,PS/2 포트 2개,O,,,"
"ECS DURATHON2 H110M4-C2D 코잇,ECS,인텔 CPU용,인텔(소켓1151),(인텔) H110,Micro-ATX (24.4 x 24.4cm),DDR4,2개,최대 32GB,,,,(M.2) 미지원,,O,O,,,,,,,O,,PS/2 포트 2개,O,,,"
"GIGABYTE  GA-Z170M-D3H 듀러블에디션 제이씨현,GIGABYTE,인텔 CPU용,인텔(소켓1151),(인텔) Z170,Micro-ATX (24.4 x 24.4cm),DDR4,4개,최대 64GB,CrossFire X + SLI,PCIe3.0 x16,PCI-Express 3.0 x16,(M.2) 1개,O,O,O,,O,,,,,O,,PS/2 콤보 1개,O,,,"
"ASRock  Z270 Gaming-ITX/ac 에즈윈,ASRock,인텔 CPU용,인텔(소켓1151),(인텔) Z270,Mini-iTX (17.0 x 17.0cm),DDR4,2개,최대 32GB,,PCIe3.0 x16,,(M.2) 2개,,,O,O,O,,,,,,O,PS/2 콤보 1개,O,,O,O"
"ASUS  X99-E-10G WS STCOM,ASUS,인텔 CPU용,인텔(소켓2011-V3),(인텔) X99,Extended-ATX (30.5 x 26.7cm),DDR4,8개,최대 128GB 이상,CrossFire X + SLI,PCIe3.0 x16,PCI-Express 3.0 x16,(M.2) 1개,,,,,,,,,,O,O,,O,,,"
"ASUS PRIME B250-PLUS iBORA,ASUS,인텔 CPU용,인텔(소켓1151),(인텔) B250,일반-ATX (30.5 x 21.8cm),DDR4,4개,최대 64GB,CrossFire X,PCIe3.0 x16,,(M.2) 2개,O,O,O,,,,,,,O,,PS/2 콤보 1개,O,,,"
"ASUS PRIME Z270-K iBORA,ASUS,인텔 CPU용,인텔(소켓1151),(인텔) Z270,일반-ATX (30.5 x 24.4cm),DDR4,4개,최대 64GB,CrossFire X,PCIe3.0 x16,PCI-Express 3.0 x16,(M.2) 2개,O,O,O,,,,,,,O,O,PS/2 콤보 1개,O,,,"
"BIOSTAR RACING Z270 GT9 이엠텍,BIOSTAR,인텔 CPU용,인텔(소켓1151),(인텔) Z270,일반-ATX (30.5 x 24.4cm),DDR4,4개,최대 64GB,CrossFire X,PCIe3.0 x8,PCI-Express 3.0 x8,(M.2) 1개,,,O,O,,,,,,O,,PS/2 콤보 1개,O,O,,"
"ASUS PRIME H270-PRO 코잇,ASUS,인텔 CPU용,인텔(소켓1151),(인텔) H270,일반-ATX (30.5 x 22.6cm),DDR4,4개,최대 64GB,CrossFire X,PCIe3.0 x16,PCI-Express 3.0 x16,(M.2) 2개,,O,O,O,,,,,,O,O,PS/2 콤보 1개,O,,,"
"ASUS  P10S WS STCOM,ASUS,인텔 CPU용,인텔(소켓1151),(인텔) C236,일반-ATX (30.5 x 24.4cm),DDR4,4개,최대 64GB,CrossFire X,PCIe3.0 x16,PCI-Express 3.0 x16,(M.2) 2개,O,O,O,O,,,,,,O,O,PS/2 없음,O,,,"
"GIGABYTE  GA-Z270MX-Gaming 5 게이밍에디션 제이씨현,GIGABYTE,인텔 CPU용,인텔(소켓1151),(인텔) Z270,Micro-ATX (24.4 x 24.4cm),DDR4,4개,최대 64GB,CrossFire X + SLI,PCIe3.0 x16,PCI-Express 3.0 x16,(M.2) 1개,,,O,O,,,,,,O,O,PS/2 콤보 1개,O,,,"
"GIGABYTE  GA-Z270X-Gaming K7 어로스 피씨디렉트,GIGABYTE,인텔 CPU용,인텔(소켓1151),(인텔) Z270,일반-ATX (30.5 x 24.4cm),DDR4,4개,최대 64GB,CrossFire X + SLI,PCIe3.0 x16,PCI-Express 3.0 x16,(M.2) 2개,,,O,O,,,,,,O,O,PS/2 콤보 1개,O,,,"
"ASRock  Z270 Taichi 디앤디컴,ASRock,인텔 CPU용,인텔(소켓1151),(인텔) Z270,일반-ATX (24.4 x 30.5cm),DDR4,4개,최대 64GB,CrossFire X + SLI,PCIe3.0 x16,PCI-Express 3.0 x16,(M.2) 3개,,,O,O,,,,,,O,O,PS/2 콤보 1개,O,,O,O"
"GIGABYTE  GA-Z270X-Ultra Gaming 게이밍에디션 피씨디렉트,GIGABYTE,인텔 CPU용,인텔(소켓1151),(인텔) Z270,일반-ATX (30.5 x 24.4cm),DDR4,4개,최대 64GB,CrossFire X + SLI,PCIe3.0 x16,PCI-Express 3.0 x16,(M.2) 1개,,O,O,,,,,,,O,O,PS/2 콤보 1개,O,,,"
"ASRock  J3355B-ITX 디앤디컴,ASRock,인텔 CPU용,인텔(CPU내장),(인텔)셀러론 J3355,Mini-iTX (17.0 x 17.0cm),DDR3/DDR3L,2개,최대 16GB,,,,(M.2) 미지원,O,,O,,,,,,,,,PS/2 포트 2개,O,,,"
"MSI  Z270 토마호크,MSI,인텔 CPU용,인텔(소켓1151),(인텔) Z270,일반-ATX (30.4 x 24.3cm),DDR4,4개,최대 64GB,CrossFire,PCIe3.0 x16,,(M.2) 2개,,O,O,,,,,,,O,O,PS/2 콤보 1개,O,,,"
"ASRock  Z270 KILLER SLI 디앤디컴,ASRock,인텔 CPU용,인텔(소켓1151),(인텔) Z270,일반-ATX (24.4 x 30.5cm),DDR4,4개,최대 64GB,CrossFire X + SLI,PCIe3.0 x16,PCI-Express 3.0 x16,(M.2) 2개,,O,O,,,,,,,O,,PS/2 콤보 1개,O,,,"
"ASUS PRIME B250M-A 코잇,ASUS,인텔 CPU용,인텔(소켓1151),(인텔) B250,Micro-ATX (24.4 x 20.6cm),DDR4,4개,최대 64GB,,PCIe3.0 x16,,(M.2) 2개,O,O,O,,,,,,,O,,PS/2 포트 2개,O,,,"
"GIGABYTE  GA-B250M-D3H 듀러블에디션 제이씨현,GIGABYTE,인텔 CPU용,인텔(소켓1151),(인텔) B250,Micro-ATX (24.4 x 22.5cm),DDR4,4개,최대 64GB,CrossFire X,PCIe3.0 x16,PCI-Express 3.0 x16,(M.2) 1개,O,O,O,O,,,,,,O,,PS/2 콤보 1개,O,,,"
"GIGABYTE  GA-H170N-WiFi 듀러블에디션 제이씨현,GIGABYTE,인텔 CPU용,인텔(소켓1151),(인텔) H170,Mini-iTX (17.0 x 17.0cm),DDR4,2개,최대 32GB,,PCIe3.0 x16,,(M.2) 1개,,O,O,,,,,,,O,,PS/2 콤보 1개,O,,O,O"
"ASUS ROG STRIX Z270E GAMING 코잇,ASUS,인텔 CPU용,인텔(소켓1151),(인텔) Z270,일반-ATX (30.5 x 24.4cm),DDR4,4개,최대 64GB,CrossFire X + SLI,PCIe3.0 x16,PCI-Express 3.0 x16,(M.2) 2개,,O,O,O,,,,,,O,O,PS/2 콤보 1개,O,,O,O"
"ASUS  H81M-K STCOM,ASUS,인텔 CPU용,인텔(소켓1150),(인텔) H81,Micro-ATX (24.4 x 24.4cm),DDR3,2개,최대 16GB,,PCIe x16,없음,(M.2) 미지원,O,O,,,,,,,,O,,PS/2 포트 2개,O,,,"
"ASRock  B85M PRO4 디앤디컴,ASRock,인텔 CPU용,인텔(소켓1150),(인텔) B85,Micro-ATX (24.4 x 24.4cm),DDR3,4개,최대 32GB,CrossFire X,PCIe3.0 x16,PCI-Express x16,(M.2) 미지원,O,O,O,,,,,,,O,,키보드 포트 1개,O,,,"
"MSI  Z270 MPOWER 게이밍 티타늄,MSI,인텔 CPU용,인텔(소켓1151),(인텔) Z270,ATX (30.5x24.4cm),DDR4,4개,최대 64GB,CrossFire X + SLI,PCIe3.0 x16,PCI-Express 3.0 x16,(M.2) 3개,,,O,O,,,,,,O,O,PS/2 콤보 1개,O,,,"
"ASUS PRIME Z270M-PLUS STCOM,ASUS,인텔 CPU용,인텔(소켓1151),(인텔) Z270,Micro-ATX (24.38 x 23.88cm),DDR4,4개,최대 64GB,CrossFire X,PCIe3.0 x16,PCI-Express 3.0 x16,(M.2) 2개,O,O,O,,,,,,,O,,PS/2 포트 2개,O,,,"
"ASRock  H110M-DGS 디앤디컴 (벌크),ASRock,인텔 CPU용,인텔(소켓1151),(인텔) H110,Micro-ATX (24.4 x 24.4cm),DDR4,2개,최대 32GB,,,,,,O,,,,,,,,O,,PS/2 포트 2개,O,,,"
"MSI  B250M 바주카,MSI,인텔 CPU용,인텔(소켓1151),(인텔) B250,Micro-ATX (24.4 x 22.8cm),DDR4,4개,최대 64GB,,,,(M.2) 1개,,O,O,,,,,,,O,,PS/2 포트 2개,O,,,"
"ASUS  H110I-PLUS iBORA,ASUS,인텔 CPU용,인텔(소켓1151),(인텔) H110,Mini-iTX (17.0 x 17.0cm),DDR4,2개,최대 32GB,,,,(M.2) 미지원,O,O,O,,,,,,,O,,PS/2 콤보 1개,O,,,"
"ASUS PRIME B250-PRO iBORA,ASUS,인텔 CPU용,인텔(소켓1151),(인텔) B250,일반-ATX (30.5 x 21.8cm),DDR4,4개,최대 64GB,CrossFire X,PCIe3.0 x16,,(M.2) 2개,O,O,O,,,,,,,O,O,PS/2 콤보 1개,O,,,"
"GIGABYTE  GA-Z270N-Gaming 5 게이밍에디션 제이씨현,GIGABYTE,인텔 CPU용,인텔(소켓1151),(인텔) Z270,Mini-iTX (17.0 x 17.0cm),DDR4,4개,최대 32GB,,PCIe3.0 x16,PCI-Express 3.0 x16,(M.2) 1개,,,O,O,,,,,,O,O,PS/2 콤보 1개,O,,,"
"GIGABYTE  GA-Z270X-Gaming K5 어로스 피씨디렉트,GIGABYTE,인텔 CPU용,인텔(소켓1151),(인텔) Z270,일반-ATX (30.5 x 24.4cm),DDR4,4개,최대 64GB,CrossFire X + SLI,PCIe3.0 x16,PCI-Express 3.0 x16,(M.2) 2개,,,O,O,,,,,,O,O,PS/2 콤보 1개,O,,,"
"ASRock  Z270 Gaming K6 디앤디컴,ASRock,인텔 CPU용,인텔(소켓1151),(인텔) Z270,일반-ATX (24.4 x 30.5cm),DDR4,4개,최대 64GB,CrossFire X + SLI,PCIe3.0 x16,PCI-Express 3.0 x16,(M.2) 3개,O,O,O,,,,,,,O,,PS/2 콤보 1개,O,,,"
"ASUS  B150M-A/M.2 STCOM,ASUS,인텔 CPU용,인텔(소켓1151),(인텔) B150,Micro-ATX (24.4 x 24.4cm),DDR4,4개,최대 64GB,,PCIe3.0 x16,,(M.2) 1개,O,O,O,,,,,,,O,,PS/2 포트 2개,O,,,"
"ASRock  H81M-DGS R2.0 디앤디컴 (벌크),ASRock,인텔 CPU용,인텔(소켓1150),(인텔) H81,Micro-ATX (24.4 x 24.4cm),DDR3,2개,최대 16GB,,PCIe x16,없음,,O,O,,,,,,,,O,,PS/2 콤보 1개,O,,,"
"ASUS  Z270-WS iBORA,ASUS,인텔 CPU용,인텔(소켓1151),(인텔) Z270,일반-ATX (30.5 x 24.4cm),DDR4,4개,최대 64GB,CrossFire X + SLI,PCIe3.0 x16,PCI-Express 3.0 x16,(M.2) 2개,,,O,O,,,,,,O,O,,O,,,"
"GIGABYTE  GA-H110M-HD2 듀러블에디션 피씨디렉트,GIGABYTE,인텔 CPU용,인텔(소켓1151),(인텔) H110,Micro-ATX (24.4 x 24.4cm),DDR4,2개,최대 32GB,,PCIe3.0 x16,,(M.2) 미지원,O,O,O,,,,,,,O,,PS/2 포트 2개,O,,,"
"GIGABYTE  GA-B250N-Phoenix WiFi 듀러블에디션 피씨디렉트,GIGABYTE,인텔 CPU용,인텔(소켓1151),(인텔) B250,M-iTX (17.0x17.0cm),DDR4,2개,최대 32GB,,PCIe3.0 x16,,(M.2) 1개,,,O,O,,,,,,,,PS/2 콤보 1개,O,,O,O"
"ASUS  SABERTOOTH X99 iBORA,ASUS,인텔 CPU용,인텔(소켓2011-V3),(인텔) X99,일반-ATX (30.5 x 24.4cm),DDR4,8개,최대 64GB,CrossFire X,PCIe3.0 x16,PCI-Express 3.0 x16,(M.2) 1개,,,,,,,,,,O,O,PS/2 없음,O,,,"
"GIGABYTE  GA-Z270X-Gaming 7 어로스 + 옵테인 메모리 32GB 피씨디렉트,GIGABYTE,인텔 CPU용,인텔(소켓1151),(인텔) Z270,일반-ATX (30.5 x 24.4cm),DDR4,4개,최대 64GB,CrossFire X + SLI,PCIe3.0 x16,PCI-Express 3.0 x16,(M.2) 2개,,,O,O,,,,,,O,O,PS/2 콤보 1개,O,,,"
"ASRock  H110M-ITX 에즈윈,ASRock,인텔 CPU용,인텔(소켓1151),(인텔) H110,Mini-iTX (17.0 x 17.0cm),DDR4,2개,최대 32GB,,PCIe3.0 x16,없음,(M.2) 미지원,,O,O,,,,,,,O,,PS/2 콤보 1개,O,,,"
"GIGABYTE  GA-H270M-DS3H 듀러블에디션 제이씨현,GIGABYTE,인텔 CPU용,인텔(소켓1151),(인텔) H270,Micro-ATX (24.4 x 21.5cm),DDR4,4개,최대 64GB,CrossFire X,PCIe3.0 x16,PCI-Express 3.0 x16,(M.2) 1개,O,O,O,O,,,,,,O,,PS/2 콤보 1개,O,,,"
"GIGABYTE  GA-Z170MX-Gaming 5 게이밍에디션 피씨디렉트,GIGABYTE,인텔 CPU용,인텔(소켓1151),(인텔) Z170,Micro-ATX (24.4 x 24.4cm),DDR4,4개,최대 64GB,CrossFire X + SLI,PCIe3.0 x16,PCI-Express 3.0 x16,(M.2) 1개,O,O,O,,,,,,,O,O,PS/2 콤보 1개,O,,,"
"ASRock  H270M-ITX/ac 에즈윈,ASRock,인텔 CPU용,인텔(소켓1151),(인텔) H270,Mini-iTX (17.0 x 17.0cm),DDR4,2개,최대 32GB,,PCIe3.0 x16,,(M.2) 1개,,O,O,,,,,,,O,,PS/2 콤보 1개,O,,O,O"
"ASRock  Z270 Professional Gaming i7 에즈윈,ASRock,인텔 CPU용,인텔(소켓1151),(인텔) Z270,일반-ATX (30.5 x 24.4cm),DDR4,4개,최대 64GB,CrossFire X + SLI,PCIe3.0 x16,PCI-Express 3.0 x16,(M.2) 3개,,,O,O,,,,,,O,,PS/2 콤보 1개,O,,,"
"ASUS ROG STRIX Z270F GAMING 코잇,ASUS,인텔 CPU용,인텔(소켓1151),(인텔) Z270,일반-ATX (30.5 x 23.4cm),DDR4,4개,최대 64GB,CrossFire X + SLI,PCIe3.0 x16,PCI-Express 3.0 x16,(M.2) 2개,,O,O,O,,,,,,O,O,PS/2 콤보 1개,O,,,"
"GIGABYTE  GA-H110-D3 듀러블에디션 피씨디렉트,GIGABYTE,인텔 CPU용,인텔(소켓1151),(인텔) H110,일반-ATX (30.5 x 24.4cm),DDR4,2개,최대 32GB,,PCIe3.0 x16,,(M.2) 1개,O,,,,,,,O,O,O,,PS/2 포트 2개,O,,,"
"MSI  H110M PRO-D (벌크),MSI,인텔 CPU용,인텔(소켓1151),(인텔) H110,Micro-ATX (24.4 x 24.4cm),DDR4,2개,최대 32GB,,PCIe3.0 x16,,,,O,,,,,,,,O,,PS/2 콤보 1개,O,,,"
"GIGABYTE  GA-B250-HD3P 듀러블에디션 제이씨현,GIGABYTE,인텔 CPU용,인텔(소켓1151),(인텔) B250,일반-ATX (30.5 x 22.5cm),DDR4,4개,최대 64GB,CrossFire X,PCIe3.0 x16,PCI-Express 3.0 x16,(M.2) 1개,O,O,O,,,,,,,O,,PS/2 콤보 1개,O,,,"
"ASUS  X99-E STCOM,ASUS,인텔 CPU용,인텔(소켓2011-V3),(인텔) X99,Extended-ATX (30.5 x 33.0cm),DDR4,8개,최대 128GB 이상,CrossFire X + SLI,PCIe3.0 x16,PCI-Express 3.0 x16,(M.2) 1개,,,,,,,,,,O,O,PS/2 콤보 1개,,,,"
"GIGABYTE  GA-Z270-HD3 듀러블에디션 피씨디렉트,GIGABYTE,인텔 CPU용,인텔(소켓1151),(인텔) Z270,일반-ATX (30.5 x 22.5cm),DDR4,4개,최대 64GB,CrossFire X,PCIe3.0 x16,PCI-Express 3.0 x16,(M.2) 1개,O,O,O,,,,,,,O,,PS/2 콤보 1개,O,,,"
"GIGABYTE  GA-Z270X-Ultra Gaming 게이밍에디션 제이씨현,GIGABYTE,인텔 CPU용,인텔(소켓1151),(인텔) Z270,일반-ATX (30.5 x 24.4cm),DDR4,4개,최대 64GB,CrossFire X + SLI,PCIe3.0 x16,PCI-Express 3.0 x16,(M.2) 1개,,O,O,,,,,,,O,O,PS/2 콤보 1개,O,,,"
"ASUS ROG STRIX Z270G GAMING STCOM,ASUS,인텔 CPU용,인텔(소켓1151),(인텔) Z270,Micro-ATX (24.4 x 24.4cm),DDR4,4개,최대 64GB,CrossFire X + SLI,PCIe3.0 x16,PCI-Express 3.0 x16,(M.2) 2개,,,O,O,,,,,,O,O,PS/2 콤보 1개,O,,O,O"
"GIGABYTE  GA-Z270X-Gaming K7 어로스 제이씨현,GIGABYTE,인텔 CPU용,인텔(소켓1151),(인텔) Z270,일반-ATX (30.5 x 24.4cm),DDR4,4개,최대 64GB,CrossFire X + SLI,PCIe3.0 x16,PCI-Express 3.0 x16,(M.2) 2개,,,O,O,,,,,,O,O,PS/2 콤보 1개,O,,,"
"GIGABYTE  GA-Z270X-Gaming 9 어로스 피씨디렉트,GIGABYTE,인텔 CPU용,인텔(소켓1151),(인텔) Z270,Extended-ATX (30.5 x 26.4cm),DDR4,4개,최대 64GB,CrossFire X + SLI,PCIe3.0 x16,PCI-Express 3.0 x16,(M.2) 2개,,,O,O,,,,,,O,O,PS/2 콤보 1개,O,,O,O"
"GIGABYTE  GA-B250M-D3V 듀러블에디션 피씨디렉트,GIGABYTE,인텔 CPU용,인텔(소켓1151),(인텔) B250,Micro-ATX (24.4 x 17.4cm),DDR4,2개,최대 32GB,,PCIe3.0 x16,,(M.2) 1개,O,O,,,,,,,O,O,,PS/2 콤보 1개,O,,,"
"ASRock  Z170M ITX/ac 에즈윈,ASRock,인텔 CPU용,인텔(소켓1151),(인텔) Z170,Mini-iTX (17.0 x 17.0cm),DDR4,2개,최대 32GB,,PCIe3.0 x16,,(M.2) 미지원,,O,O,O,,,,,,O,,PS/2 콤보 1개,O,,O,O"
"GIGABYTE  GA-Z270X-UD5 듀러블에디션 썬더볼트 제이씨현,GIGABYTE,인텔 CPU용,인텔(소켓1151),(인텔) Z270,일반-ATX (30.5 x 24.4cm),DDR4,4개,최대 64GB,CrossFire X + SLI,PCIe3.0 x16,PCI-Express 3.0 x16,(M.2) 1개,,,O,O,,,,,,O,O,PS/2 콤보 1개,O,,,"
"ASUS  X99-DELUXE II iBORA,ASUS,인텔 CPU용,인텔(소켓2011-V3),(인텔) X99,일반-ATX (30.5 x 24.4cm),DDR4,8개,최대 128GB 이상,CrossFire X,PCIe3.0 x16,PCI-Express 3.0 x16,(M.2) 1개,,,,,,,,,,O,O,PS/2 없음,O,,O,O"
"MSI  Z270 게이밍 M5,MSI,인텔 CPU용,인텔(소켓1151),(인텔) Z270,일반-ATX (30.5 x 24.4cm),DDR4,4개,최대 64GB,CrossFire + SLI,PCIe3.0 x16,PCI-Express 3.0 x16,(M.2) 1개,,,O,O,,,,,,O,O,PS/2 콤보 1개,O,,,"
"MSI  B150M 바주카 웨이코스,MSI,인텔 CPU용,인텔(소켓1151),(인텔) B150,Micro-ATX (24.4 x 24.4cm),DDR4,4개,최대 64GB,,PCIe3.0 x16,,(M.2) 미지원,,O,O,,,,,,,O,,PS/2 포트 2개,O,,,"
"ASUS ROG MAXIMUS IX CODE STCOM,ASUS,인텔 CPU용,인텔(소켓1151),(인텔) Z270,일반-ATX (30.5 x 24.4cm),DDR4,4개,최대 64GB,CrossFire X + SLI,PCIe3.0 x16,PCI-Express 3.0 x16,(M.2) 2개,,,O,O,,,,,,O,O,,O,,O,O"
"GIGABYTE  GA-X150-PLUS WS 듀러블에디션 피씨디렉트,GIGABYTE,인텔 CPU용,인텔(소켓1151),(인텔) C232,일반-ATX (30.5 x 24.4cm),DDR4,4개,최대 64GB,CrossFire X,PCIe3.0 x16,PCI-Express 3.0 x16,(M.2) 1개,,,,,,,,,,O,,PS/2 포트 2개,O,,,"
"GIGABYTE  GA-H270M-DS3H 듀러블에디션 피씨디렉트,GIGABYTE,인텔 CPU용,인텔(소켓1151),(인텔) H270,Micro-ATX (24.4 x 21.5cm),DDR4,4개,최대 64GB,CrossFire X,PCIe3.0 x16,PCI-Express 3.0 x16,(M.2) 1개,O,O,O,O,,,,,,O,,PS/2 콤보 1개,O,,,"
"GIGABYTE  GA-Z170N-WIFI 듀러블에디션 제이씨현,GIGABYTE,인텔 CPU용,인텔(소켓1151),(인텔) Z170,Mini-iTX (17.0 x 17.0cm),DDR4,2개,최대 32GB,,PCIe3.0 x16,,(M.2) 1개,,O,O,,,,,,,O,,PS/2 콤보 1개,O,,O,O"
"ECS  BSWI-D2-J3060M 코잇,ECS,인텔 CPU용,인텔(CPU내장),(인텔)셀러론 J3060,Mini-iTX (17.0 x 17.0cm),DDR3L,1개,최대 8GB,,,,(M.2) 1개,O,,O,,,,,,,O,,PS/2 포트 2개,O,,,"
"ASUS ROG MAXIMUS IX APEX STCOM,ASUS,인텔 CPU용,인텔(소켓1151),(인텔) Z270,Extended-ATX (30.5 x 27.2cm),DDR4,2개,최대 32GB,CrossFire X + SLI(Quad),PCIe3.0 x16,PCI-Express 3.0 x8,(M.2) 미지원,,,O,O,,,,,,O,O,PS/2 포트 2개,O,,,"
"BIOSTAR RACING Z270 GT8 이엠텍,BIOSTAR,인텔 CPU용,인텔(소켓1151),(인텔) Z270,일반-ATX (30.5 x 24.4cm),DDR4,4개,최대 64GB,CrossFire X,PCIe3.0 x8,PCI-Express 3.0 x8,(M.2) 1개,,,O,O,,,,,,O,,PS/2 콤보 1개,O,,,"
"ASUS  Z10PE-D8 WS STCOM,ASUS,인텔 CPU용,인텔(소켓2011-V3),,Extended-ATX (30.5 x 33.0cm),DDR4,8개,최대 128GB 이상,CrossFire X,PCIe3.0 x16,PCI-Express 3.0 x16,(M.2) 1개,,,,,,,,,,O,,PS/2 콤보 1개,O,,,"
"ASUS PRIME Z270-P STCOM,ASUS,인텔 CPU용,인텔(소켓1151),(인텔) Z270,일반-ATX (30.5 x 22.1cm),DDR4,4개,최대 64GB,CrossFire X,PCIe3.0 x16,PCI-Express 3.0 x16,(M.2) 2개,,O,O,,,,,,,O,,PS/2 포트 2개,O,,,"
"ASUS  H110T iBORA,ASUS,인텔 CPU용,인텔(소켓1151),(인텔) H110,Mini-iTX (17.0 x 17.0cm),DDR4,2개,최대 32GB,,,,(M.2) 1개,,,O,O,,,,,,O,,PS/2 콤보 1개,O,,,"
"ASRock  X99 Extreme11 에즈윈,ASRock,인텔 CPU용,인텔(소켓2011-V3),(인텔) X99,Extended-ATX (30.5 x 33.0cm),DDR4,8개,최대 128GB 이상,CrossFire X,PCIe3.0 x16,PCI-Express 3.0 x16,(M.2) 2개,,,,,,O,,,,O,,PS/2 콤보 1개,O,,,"
"GIGABYTE  GA-X99-Designare EX 듀러블에디션 제이씨현,GIGABYTE,인텔 CPU용,인텔(소켓2011-V3),(인텔) X99,일반-ATX (30.5 x 24.4cm),DDR4,8개,최대 128GB 이상,CrossFire X,PCIe3.0 x16,PCI-Express 3.0 x16,(M.2) 1개,,,,O,,,,,,O,O,PS/2 콤보 1개,O,,O,O"
"GIGABYTE  GA-Z270-HD3 듀러블에디션 제이씨현,GIGABYTE,인텔 CPU용,인텔(소켓1151),(인텔) Z270,일반-ATX (30.5 x 22.5cm),DDR4,4개,최대 64GB,CrossFire X,PCIe3.0 x16,PCI-Express 3.0 x16,(M.2) 1개,O,O,O,,,,,,,O,,PS/2 콤보 1개,O,,,"
"ASUS PRIME B250M-K iBORA,ASUS,인텔 CPU용,인텔(소켓1151),(인텔) B250,Micro-ATX (22.6 x 18.5cm),DDR4,2개,최대 32GB,,PCIe3.0 x16,,(M.2) 1개,O,O,,,,,,,,O,,PS/2 콤보 1개,O,,,"
"GIGABYTE  GA-Z270X-Gaming 5 어로스 피씨디렉트,GIGABYTE,인텔 CPU용,인텔(소켓1151),(인텔) Z270,일반-ATX (30.5 x 24.4cm),DDR4,4개,최대 64GB,CrossFire X + SLI,PCIe3.0 x16,PCI-Express 3.0 x16,(M.2) 2개,,,O,O,,,,,,O,O,PS/2 콤보 1개,O,,,"
"ASRock  Z270 Gaming K4 에즈윈,ASRock,인텔 CPU용,인텔(소켓1151),(인텔) Z270,일반-ATX (30.5 x 24.4cm),DDR4,4개,최대 64GB,CrossFire X,PCIe3.0 x16,PCI-Express 3.0 x16,(M.2) 3개,O,O,O,,,,,,,O,,PS/2 콤보 1개,O,,,"
"GIGABYTE  GA-H270N-WiFi 듀러블에디션 제이씨현,GIGABYTE,인텔 CPU용,인텔(소켓1151),(인텔) H270,Mini-iTX (17.0 x 17.0cm),DDR4,2개,최대 32GB,,PCIe3.0 x16,,(M.2) 1개,,O,O,,,,,,,O,,PS/2 콤보 1개,O,,O,O"
"MSI  H270 게이밍 프로 카본,MSI,인텔 CPU용,인텔(소켓1151),(인텔) H270,ATX (30.5x24.4cm),DDR4,4개,최대 64GB,CrossFire,PCIe3.0 x16,PCI-Express 3.0 x16,(M.2) 2개,,O,O,,,,,,,,O,PS/2 콤보 1개,O,,,"
"ASUS PRIME B250M-C iBORA,ASUS,인텔 CPU용,인텔(소켓1151),(인텔) B250,Micro-ATX (22.6 x 18.5cm),DDR4,4개,최대 64GB,,PCIe3.0 x16,,(M.2) 2개,,O,O,O,,,,,,O,,PS/2 포트 2개,O,,,"
"GIGABYTE  GA-Z170X-Gaming 3 게이밍에디션 제이씨현,GIGABYTE,인텔 CPU용,인텔(소켓1151),(인텔) Z170,일반-ATX (30.5 x 24.4cm),DDR4,4개,최대 64GB,CrossFire X + SLI,PCIe3.0 x16,PCI-Express 3.0 x16,(M.2) 2개,O,O,O,,,,,,,O,O,PS/2 콤보 1개,O,,,"
"GIGABYTE  GA-H110M-S2PV 듀러블에디션 피씨디렉트,GIGABYTE,인텔 CPU용,인텔(소켓1151),(인텔) H110,Micro-ATX (24.4 x 24.4cm),DDR4,2개,최대 32GB,,PCIe3.0 x16,,(M.2) 미지원,O,O,,,,,,,,O,,PS/2 콤보 1개,O,,,"
"GIGABYTE  GA-B250-HD3 듀러블에디션 제이씨현,GIGABYTE,인텔 CPU용,인텔(소켓1151),(인텔) B250,일반-ATX (30.5 x 22.5cm),DDR4,4개,최대 64GB,CrossFire X,PCIe3.0 x16,PCI-Express 3.0 x16,(M.2) 1개,O,O,O,,,,,,,O,,PS/2 콤보 1개,O,,,"
"GIGABYTE  GA-Gaming B8 게이밍에디션 피씨디렉트,GIGABYTE,인텔 CPU용,인텔(소켓1151),(인텔) B250,일반-ATX (30.5 x 23.3cm),DDR4,4개,최대 64GB,CrossFire X,PCIe3.0 x16,PCI-Express 3.0 x16,(M.2) 1개,,O,O,,,,,,,O,O,PS/2 콤보 1개,O,,,"
"GIGABYTE  GA-Z270N-WiFi 듀러블에디션 피씨디렉트,GIGABYTE,인텔 CPU용,인텔(소켓1151),(인텔) Z270,Mini-iTX (17.0 x 17.0cm),DDR4,2개,최대 32GB,,PCIe3.0 x16,,(M.2) 1개,,O,O,,,,,,,O,,PS/2 콤보 1개,O,,O,O"
"ASUS ROG STRIX Z270E GAMING STCOM,ASUS,인텔 CPU용,인텔(소켓1151),(인텔) Z270,일반-ATX (30.5 x 24.4cm),DDR4,4개,최대 64GB,CrossFire X + SLI,PCIe3.0 x16,PCI-Express 3.0 x16,(M.2) 2개,,O,O,O,,,,,,O,O,PS/2 콤보 1개,O,,O,O"
"MSI  B150M 박격포 아틱,MSI,인텔 CPU용,인텔(소켓1151),(인텔) B150,Micro-ATX (24.4 x 24.4cm),DDR4,4개,최대 64GB,CrossFire X,PCIe3.0 x16,PCI-Express 3.0 x16,(M.2) 1개,,O,O,,,,,,,O,,PS/2 포트 2개,,,,"
"GIGABYTE  GA-Z270-Phoenix Gaming 게이밍에디션 제이씨현,GIGABYTE,인텔 CPU용,인텔(소켓1151),(인텔) Z270,일반-ATX (30.5 x 24.4cm),DDR4,4개,최대 64GB,CrossFire X,PCIe3.0 x16,,(M.2) 1개,,O,O,,,,,,,O,,PS/2 콤보 1개,O,,,"
"ASUS TUF Z270 MARK1 iBORA,ASUS,인텔 CPU용,인텔(소켓1151),(인텔) Z270,일반-ATX (30.5 x 24.4cm),DDR4,4개,최대 64GB,CrossFire X + SLI,PCIe3.0 x16,PCI-Express 3.0 x16,(M.2) 2개,,,O,O,,,,,,O,O,,O,,,"
"GIGABYTE  GA-Z270M-D3H 듀러블에디션 제이씨현,GIGABYTE,인텔 CPU용,인텔(소켓1151),(인텔) Z270,Micro-ATX (24.4 x 22.5cm),DDR4,4개,최대 64GB,CrossFire X,PCIe3.0 x16,PCI-Express 3.0 x16,(M.2) 1개,O,O,O,,,,,,,O,,PS/2 콤보 1개,O,,,"
"GIGABYTE  GA-H110M-H 듀러블에디션 제이씨현,GIGABYTE,인텔 CPU용,인텔(소켓1151),(인텔) H110,Micro-ATX (24.4 x 24.4cm),DDR4,2개,최대 32GB,,PCIe3.0 x16,,(M.2) 미지원,O,,O,,,,,,,,,PS/2 포트 2개,,,,"
"GIGABYTE  GA-H270-HD3P 듀러블에디션 제이씨현,GIGABYTE,인텔 CPU용,인텔(소켓1151),(인텔) H270,일반-ATX (30.5 x 22.5cm),DDR4,4개,최대 64GB,CrossFire X,PCIe3.0 x16,PCI-Express 3.0 x16,(M.2) 1개,O,O,O,,,,,,,O,O,PS/2 콤보 1개,O,,,"
"GIGABYTE  GA-H110M-S2PV 듀러블에디션 제이씨현,GIGABYTE,인텔 CPU용,인텔(소켓1151),(인텔) H110,Micro-ATX (24.4 x 24.4cm),DDR4,2개,최대 32GB,,PCIe3.0 x16,,(M.2) 미지원,O,O,,,,,,,,O,,PS/2 콤보 1개,O,,,"
"ASRock  H270M PRO4 에즈윈,ASRock,인텔 CPU용,인텔(소켓1151),(인텔) H270,Micro-ATX (24.4 x 24.4cm),DDR4,4개,최대 64GB,CrossFire X,PCIe3.0 x16,PCI-Express 3.0 x16,(M.2) 2개,O,O,O,,,,,,,O,,PS/2 콤보 1개,O,,,"
"ASUS PRIME Z270M-PLUS iBORA,ASUS,인텔 CPU용,인텔(소켓1151),(인텔) Z270,Micro-ATX (24.38 x 23.88cm),DDR4,4개,최대 64GB,CrossFire X,PCIe3.0 x16,PCI-Express 3.0 x16,(M.2) 2개,O,O,O,,,,,,,O,,PS/2 포트 2개,O,,,"
"GIGABYTE  GA-H270-HD3 듀러블에디션 제이씨현,GIGABYTE,인텔 CPU용,인텔(소켓1151),(인텔) H270,일반-ATX (30.5 x 24.4cm),DDR4,4개,최대 64GB,CrossFire X,PCIe3.0 x16,PCI-Express 3.0 x16,(M.2) 1개,O,O,O,,,,,,,O,,PS/2 콤보 1개,O,,,"
"ASUS  E3 PRO GAMING V5 iBORA,ASUS,인텔 CPU용,인텔(소켓1151),(인텔) C232,일반-ATX (30.5 x 24.4cm),DDR4,4개,최대 64GB,CrossFire X,PCIe3.0 x16,PCI-Express 3.0 x16,(M.2) 1개,,,,,,,,,,O,O,PS/2 포트 2개,O,,,"
"ASUS PRIME B250M-K 코잇,ASUS,인텔 CPU용,인텔(소켓1151),(인텔) B250,Micro-ATX (22.6 x 18.5cm),DDR4,2개,최대 32GB,,PCIe3.0 x16,,(M.2) 1개,O,O,,,,,,,,O,,PS/2 콤보 1개,O,,,"
"GIGABYTE  GA-H270M-D3H 듀러블에디션 제이씨현,GIGABYTE,인텔 CPU용,인텔(소켓1151),(인텔) H270,Micro-ATX (24.4 x 22.5cm),DDR4,4개,최대 64GB,CrossFire X,PCIe3.0 x16,,(M.2) 1개,O,O,O,,,,,,,O,,PS/2 콤보 1개,O,,,"
"MSI  B250M PRO-VDH,MSI,인텔 CPU용,인텔(소켓1151),(인텔) B250,Micro-ATX (24.4 x 22.8cm),DDR4,4개,최대 64GB,,PCIe3.0 x16,,(M.2) 2개,O,O,O,,,,,,,O,,PS/2 콤보 1개,O,,,"
"ASUS PRIME B250M-PLUS iBORA,ASUS,인텔 CPU용,인텔(소켓1151),(인텔) B250,Micro-ATX (24.4 x 22.4cm),DDR4,4개,최대 64GB,,PCIe3.0 x16,,(M.2) 2개,O,O,O,,,,,,,O,,PS/2 콤보 1개,O,,,"
"ASUS  MAXIMUS VIII IMPACT STCOM,ASUS,인텔 CPU용,인텔(소켓1151),(인텔) Z170,Mini-iTX (17.0 x 17.0cm),DDR4,2개,최대 32GB,,PCIe3.0 x16,,(M.2) 미지원,,,O,,,,,,,O,O,PS/2 없음,O,,O,O"
"ASUS  H110-PLUS iBORA,ASUS,인텔 CPU용,인텔(소켓1151),(인텔) H110,일반-ATX (30.5 x 24.4cm),DDR4,2개,최대 32GB,,,,(M.2) 미지원,O,O,,,,,,,O,O,,PS/2 포트 2개,O,,,"
"GIGABYTE  GA-Z270X-Gaming 7 어로스 제이씨현,GIGABYTE,인텔 CPU용,인텔(소켓1151),(인텔) Z270,일반-ATX (30.5 x 24.4cm),DDR4,4개,최대 64GB,CrossFire X + SLI,PCIe3.0 x16,PCI-Express 3.0 x16,(M.2) 2개,,,O,O,,,,,,O,O,PS/2 콤보 1개,O,,,"
"GIGABYTE  GA-Z270X-Gaming 8 어로스 피씨디렉트,GIGABYTE,인텔 CPU용,인텔(소켓1151),(인텔) Z270,일반-ATX (30.5 x 24.4cm),DDR4,4개,최대 64GB,CrossFire X + SLI,PCIe3.0 x16,PCI-Express 3.0 x16,(M.2) 2개,,,O,O,,,,,,O,O,PS/2 콤보 1개,O,,,"
"GIGABYTE  GA-X99-Ultra Gaming 게이밍에디션 제이씨현,GIGABYTE,인텔 CPU용,인텔(소켓2011-V3),(인텔) X99,Extended-ATX (30.5 x 33.0cm),DDR4,8개,최대 128GB 이상,CrossFire X,PCIe3.0 x16,PCI-Express 3.0 x16,(M.2) 1개,,,,,,,,,,O,O,PS/2 콤보 1개,O,,,"
"MSI  H81M-P33 웨이코스,MSI,인텔 CPU용,인텔(소켓1150),(인텔) H81,Micro-ATX (24.4 x 24.4cm),DDR3,2개,최대 16GB,,PCIe x16,없음,(M.2) 미지원,O,O,,,,,,,,O,,PS/2 포트 2개,O,,,"
"GIGABYTE  GA-H110M-HD2 듀러블에디션 제이씨현,GIGABYTE,인텔 CPU용,인텔(소켓1151),(인텔) H110,Micro-ATX (24.4 x 24.4cm),DDR4,2개,최대 32GB,,PCIe3.0 x16,,(M.2) 미지원,O,O,O,,,,,,,O,,PS/2 포트 2개,O,,,"
"GIGABYTE  GA-B250M-HD3 듀러블에디션 피씨디렉트,GIGABYTE,인텔 CPU용,인텔(소켓1151),(인텔) B250,Micro-ATX (24.4 x 17.4cm),DDR4,2개,최대 32GB,,PCIe3.0 x16,,(M.2) 1개,O,O,O,,,,,,,O,,PS/2 콤보 1개,O,,,"
"ASUS ROG STRIX Z270E GAMING iBORA,ASUS,인텔 CPU용,인텔(소켓1151),(인텔) Z270,일반-ATX (30.5 x 24.4cm),DDR4,4개,최대 64GB,CrossFire X + SLI,PCIe3.0 x16,PCI-Express 3.0 x16,(M.2) 2개,,O,O,O,,,,,,O,O,PS/2 콤보 1개,O,,O,O"
"ASUS PRIME Z270-K STCOM,ASUS,인텔 CPU용,인텔(소켓1151),(인텔) Z270,일반-ATX (30.5 x 24.4cm),DDR4,4개,최대 64GB,CrossFire X,PCIe3.0 x16,PCI-Express 3.0 x16,(M.2) 2개,O,O,O,,,,,,,O,O,PS/2 콤보 1개,O,,,"
"GIGABYTE  GA-H270-HD3P 듀러블에디션 피씨디렉트,GIGABYTE,인텔 CPU용,인텔(소켓1151),(인텔) H270,일반-ATX (30.5 x 22.5cm),DDR4,4개,최대 64GB,CrossFire X,PCIe3.0 x16,PCI-Express 3.0 x16,(M.2) 1개,O,O,O,,,,,,,O,O,PS/2 콤보 1개,O,,,"
"GIGABYTE  GA-Z270X-Gaming 5 어로스 제이씨현,GIGABYTE,인텔 CPU용,인텔(소켓1151),(인텔) Z270,일반-ATX (30.5 x 24.4cm),DDR4,4개,최대 64GB,CrossFire X + SLI,PCIe3.0 x16,PCI-Express 3.0 x16,(M.2) 2개,,,O,O,,,,,,O,O,PS/2 콤보 1개,O,,,"
"GIGABYTE  GA-Z270X-Gaming K5 어로스 제이씨현,GIGABYTE,인텔 CPU용,인텔(소켓1151),(인텔) Z270,일반-ATX (30.5 x 24.4cm),DDR4,4개,최대 64GB,CrossFire X + SLI,PCIe3.0 x16,PCI-Express 3.0 x16,(M.2) 2개,,,O,O,,,,,,O,O,PS/2 콤보 1개,O,,,"
"ASUS  X99-A II STCOM,ASUS,인텔 CPU용,인텔(소켓2011-V3),(인텔) X99,일반-ATX (30.5 x 24.4cm),DDR4,8개,최대 128GB 이상,CrossFire X,PCIe3.0 x16,PCI-Express 3.0 x16,(M.2) 1개,,,,,,,,,,O,O,PS/2 콤보 1개,O,,,"
"ASRock  Z270 Gaming K6 에즈윈,ASRock,인텔 CPU용,인텔(소켓1151),(인텔) Z270,일반-ATX (24.4 x 30.5cm),DDR4,4개,최대 64GB,CrossFire X + SLI,PCIe3.0 x16,PCI-Express 3.0 x16,(M.2) 3개,O,O,O,,,,,,,O,,PS/2 포트 2개,O,,,"
"GIGABYTE  GA-B250M-Gaming 5 게이밍에디션 제이씨현,GIGABYTE,인텔 CPU용,인텔(소켓1151),(인텔) B250,Micro-ATX (24.4 x 24.4cm),DDR4,4개,최대 64GB,CrossFire X,PCIe3.0 x16,,(M.2) 1개,O,O,,,,,,,,O,,PS/2 콤보 1개,O,,,"
"GIGABYTE  GA-H270M-D3H 듀러블에디션 피씨디렉트,GIGABYTE,인텔 CPU용,인텔(소켓1151),(인텔) H270,Micro-ATX (24.4 x 22.5cm),DDR4,4개,최대 64GB,CrossFire X,PCIe3.0 x16,,(M.2) 1개,O,O,O,,,,,,,O,,PS/2 콤보 1개,O,,,"
"MSI  Z270 밀리터리 에디션,MSI,인텔 CPU용,인텔(소켓1151),(인텔) Z270,ATX (30.5x24.3cm),DDR4,4개,최대 64GB,CrossFire X + SLI,PCIe3.0 x16,PCI-Express 3.0 x16,(M.2) 2개,,O,O,,,,,,,O,O,PS/2 콤보 1개,O,,,"
"GIGABYTE  GA-Z270-Gaming 3 게이밍에디션 제이씨현,GIGABYTE,인텔 CPU용,인텔(소켓1151),(인텔) Z270,일반-ATX (30.5 x 24.4cm),DDR4,4개,최대 64GB,CrossFire X,PCIe3.0 x16,PCI-Express 3.0 x16,(M.2) 1개,,O,O,,,,,,,O,O,PS/2 콤보 1개,O,,,"
"ASUS ROG STRIX Z270H GAMING iBORA,ASUS,인텔 CPU용,인텔(소켓1151),(인텔) Z270,일반-ATX (30.5 x 23.4cm),DDR4,4개,최대 64GB,CrossFire X + SLI,PCIe3.0 x16,PCI-Express 3.0 x16,(M.2) 2개,,O,O,,,,,,,O,O,PS/2 콤보 1개,O,,,"
"GIGABYTE  GA-H270-Gaming 3 + 옵테인 메모리 16GB 피씨디렉트,GIGABYTE,인텔 CPU용,인텔(소켓1151),(인텔) H270,ATX (30.5x24.4cm),DDR4,4개,최대 64GB,,PCIe3.0 x16,,(M.2) 1개,,O,O,,,,,,,O,O,PS/2 콤보 1개,O,,,"
"GIGABYTE  GA-Z270X-UD3 듀러블에디션 제이씨현,GIGABYTE,인텔 CPU용,인텔(소켓1151),(인텔) Z270,일반-ATX (30.5 x 22.5cm),DDR4,4개,최대 64GB,CrossFire X + SLI,PCIe3.0 x16,PCI-Express 3.0 x16,(M.2) 1개,,,O,,,,,,,O,O,PS/2 포트 2개,O,,,"
"ASUS  H81M-D PLUS STCOM,ASUS,인텔 CPU용,인텔(소켓1150),(인텔) H81,Micro-ATX (24.4 x 24.4cm),DDR3,2개,최대 16GB,,PCIe x16,없음,(M.2) 미지원,O,O,,,,,,,,O,,PS/2 포트 2개,O,,,"
"ASUS PRIME H270M-PLUS STCOM,ASUS,인텔 CPU용,인텔(소켓1151),(인텔) H270,Micro-ATX (24.38 x 23.88cm),DDR4,4개,최대 64GB,CrossFire X,PCIe3.0 x16,PCI-Express 3.0 x16,(M.2) 2개,O,O,O,,,,,,,O,,PS/2 포트 2개,O,,,"
"ASUS PRIME B250M-PLUS STCOM,ASUS,인텔 CPU용,인텔(소켓1151),(인텔) B250,Micro-ATX (24.4 x 22.4cm),DDR4,4개,최대 64GB,CrossFire X,PCIe3.0 x16,PCI-Express 3.0 x16,(M.2) 2개,O,O,O,,,,,,,O,,PS/2 콤보 1개,O,,,"
"ASUS PRIME B250-PRO STCOM,ASUS,인텔 CPU용,인텔(소켓1151),(인텔) B250,일반-ATX (30.5 x 21.8cm),DDR4,4개,최대 64GB,CrossFire X,PCIe3.0 x16,PCI-Express 3.0 x16,(M.2) 2개,O,O,O,,,,,,,O,O,PS/2 콤보 1개,O,,,"
"ASUS PRIME Z270-K 코잇,ASUS,인텔 CPU용,인텔(소켓1151),(인텔) Z270,일반-ATX (30.5 x 24.4cm),DDR4,4개,최대 64GB,CrossFire X,PCIe3.0 x16,PCI-Express 3.0 x16,(M.2) 2개,O,O,O,,,,,,,O,O,PS/2 콤보 1개,O,,,"
"ECS DURATHON2 H110M4-C2H 제이씨현,ECS,인텔 CPU용,인텔(소켓1151),(인텔) H110,Micro-ATX (24.4 x 24.4cm),DDR4,2개,최대 32GB,,,,(M.2) 미지원,O,,O,,,,,,,O,,PS/2 포트 2개,O,,,"
"ECS  ESSENTIALS H81H3-TI2 코잇,ECS,인텔 CPU용,인텔(소켓1150),(인텔) H81,Mini-iTX (17.0 x 17.0cm),DDR3 노트북용,2개,최대 8GB,,,,(M.2) 미지원,,,O,,,,,,,O,,,O,,,"
"ASRock  H110M-HDS R3.0 디앤디컴 (벌크),ASRock,인텔 CPU용,인텔(소켓1151),(인텔) H110,Micro-ATX (19.1 x 18.8cm),DDR4,2개,최대 32GB,,,,,,O,O,,,,,,,O,,PS/2 포트 2개,O,,,"
"GIGABYTE  GA-B250M-D3V 듀러블에디션 제이씨현,GIGABYTE,인텔 CPU용,인텔(소켓1151),(인텔) B250,Micro-ATX (24.4 x 17.4cm),DDR4,2개,최대 32GB,,PCIe3.0 x16,,(M.2) 1개,O,O,,,,,,,O,O,,PS/2 콤보 1개,O,,,"
"ASRock  H110M-HDVP2 에즈윈 (벌크),ASRock,인텔 CPU용,인텔(소켓1151),(인텔) H110,Micro-ATX (24.4 x 24.4cm),DDR4,2개,최대 32GB,,PCIe3.0 x16,,,O,O,O,,,,,O,,O,,PS/2 포트 2개,O,,,"
"GIGABYTE  GA-Z270N-WiFi 듀러블에디션 제이씨현,GIGABYTE,인텔 CPU용,인텔(소켓1151),(인텔) Z270,Mini-iTX (17.0 x 17.0cm),DDR4,2개,최대 32GB,,PCIe3.0 x16,,(M.2) 1개,,O,O,,,,,,,O,,PS/2 콤보 1개,O,,O,O"
"ASRock  X99 Gaming i7 에즈윈,ASRock,인텔 CPU용,인텔(소켓2011-V3),(인텔) X99,일반-ATX (30.5 x 24.4cm),DDR4,8개,최대 128GB 이상,SLI,PCIe3.0 x16,PCI-Express 3.0 x16,(M.2) 2개,,,,,,,,,,,,PS/2 콤보 1개,O,,,"
"ASUS  Z170M-E D3 STCOM,ASUS,인텔 CPU용,인텔(소켓1151),(인텔) Z170,Micro-ATX (24.4 x 24.4cm),DDR3/DDR3L,4개,최대 64GB,CrossFire X + SLI,PCIe3.0 x16,PCI-Express 3.0 x16,(M.2) 1개,O,O,O,,,,,,,O,,PS/2 포트 2개,O,,,"
"GIGABYTE  GA-B150M-D3H 듀러블에디션 피씨디렉트,GIGABYTE,인텔 CPU용,인텔(소켓1151),(인텔) B150,Micro-ATX (24.4 x 24.4cm),DDR4,4개,최대 64GB,CrossFire X,PCIe3.0 x16,PCI-Express 3.0 x16,(M.2) 1개,O,O,O,,,,,,,O,,PS/2 콤보 1개,O,,,"
"GIGABYTE  GA-Gaming B8 게이밍에디션 제이씨현,GIGABYTE,인텔 CPU용,인텔(소켓1151),(인텔) B250,일반-ATX (30.5 x 23.3cm),DDR4,4개,최대 64GB,CrossFire X,PCIe3.0 x16,PCI-Express 3.0 x16,(M.2) 1개,,O,O,,,,,,,O,O,PS/2 콤보 1개,O,,,"
"ASUS ROG MAXIMUS IX CODE iBORA,ASUS,인텔 CPU용,인텔(소켓1151),(인텔) Z270,일반-ATX (30.5 x 24.4cm),DDR4,4개,최대 64GB,CrossFire X + SLI,PCIe3.0 x16,PCI-Express 3.0 x16,(M.2) 2개,,,O,O,,,,,,O,O,,O,,O,O"
"ASUS  E3 PRO V5 iBORA,ASUS,인텔 CPU용,인텔(소켓1151),(인텔) C232,일반-ATX (30.5 x 24.4cm),DDR4,4개,최대 64GB,CrossFire X,PCIe3.0 x16,PCI-Express 3.0 x16,(M.2) 1개,,,,,,,,,,O,,PS/2 포트 2개,O,,,"
"ASUS  H110I-PLUS STCOM,ASUS,인텔 CPU용,인텔(소켓1151),(인텔) H110,Mini-iTX (17.0 x 17.0cm),DDR4,2개,최대 32GB,,,,(M.2) 미지원,O,O,O,,,,,,,O,,PS/2 콤보 1개,O,,,"
"GIGABYTE  GA-H110M-M.2 듀러블에디션 피씨디렉트,GIGABYTE,인텔 CPU용,인텔(소켓1151),(인텔) H110,Micro-ATX (22.6 x 17.4cm),DDR4,2개,최대 32GB,,PCIe3.0 x16,,(M.2) 1개,O,O,O,,,,,,,O,,PS/2 포트 2개,O,,,"
"ASUS  Z10PE-D16/4L STCOM,ASUS,인텔 CPU용,인텔(소켓2011-V3),기타,EEB 12인치 x 13인치,DDR4 RDIMM,16개,최대 128GB 이상,CrossFire X,PCIe3.0 x16,PCI-Express 3.0 x16,(M.2) 1개,O,,,,,,,,,O,,PS/2 콤보 1개,O,,,"
"마이크로닉스  TH110-HM,마이크로닉스,인텔 CPU용,인텔(소켓1151),(인텔) H110,Mini-iTX (17.0 x 17.0cm),DDR3/DDR3L,2개,최대 32GB,,,,(M.2) 미지원,,,O,,,,,,,,,,O,,,"
"GIGABYTE  GA-Z270X-Gaming SOC OC에디션 제이씨현,GIGABYTE,인텔 CPU용,인텔(소켓1151),(인텔) Z270,ATX (30.5x24.4cm),DDR4,4개,최대 64GB,CrossFire X + SLI,PCIe3.0 x8,PCI-Express 3.0 x8,(M.2) 2개,,,O,O,,,,,,O,O,PS/2 콤보 1개,O,,,"
"GIGABYTE  GA-Z270-HD3P 듀러블에디션 피씨디렉트,GIGABYTE,인텔 CPU용,인텔(소켓1151),(인텔) Z270,일반-ATX (30.5 x 22.5cm),DDR4,4개,최대 64GB,CrossFire X,PCIe3.0 x16,PCI-Express 3.0 x16,(M.2) 1개,O,O,O,,,,,,,O,O,PS/2 콤보 1개,O,,,"
"GIGABYTE  GA-Z270X-UD3 듀러블에디션 피씨디렉트,GIGABYTE,인텔 CPU용,인텔(소켓1151),(인텔) Z270,일반-ATX (30.5 x 22.5cm),DDR4,4개,최대 64GB,CrossFire X + SLI,PCIe3.0 x16,PCI-Express 3.0 x16,(M.2) 1개,,,O,,,,,,,O,O,PS/2 콤보 1개,O,,,"
"GIGABYTE  GA-Z270X-UD5 듀러블에디션 피씨디렉트,GIGABYTE,인텔 CPU용,인텔(소켓1151),(인텔) Z270,일반-ATX (30.5 x 24.4cm),DDR4,4개,최대 64GB,CrossFire X + SLI,PCIe3.0 x16,PCI-Express 3.0 x16,(M.2) 1개,,,O,O,,,,,,O,O,PS/2 콤보 1개,O,,,"
"ASUS STRIX X99 GAMING iBORA,ASUS,인텔 CPU용,인텔(소켓2011-V3),(인텔) X99,일반-ATX (30.5 x 24.4cm),DDR4,8개,최대 128GB 이상,CrossFire X,PCIe3.0 x16,PCI-Express 3.0 x16,(M.2) 1개,,,,,,,,,,O,O,PS/2 콤보 1개,O,,O,O"
"GIGABYTE  GA-H170N-WiFi 듀러블에디션 피씨디렉트,GIGABYTE,인텔 CPU용,인텔(소켓1151),(인텔) H170,Mini-iTX (17.0 x 17.0cm),DDR4,2개,최대 32GB,,,,(M.2) 1개,,O,O,,,,,,,O,,PS/2 콤보 1개,O,,O,O"
"ASUS  P10S WS iBORA,ASUS,인텔 CPU용,인텔(소켓1151),(인텔) C236,일반-ATX (30.5 x 24.4cm),DDR4,4개,최대 64GB,CrossFire X,PCIe3.0 x16,PCI-Express 3.0 x16,(M.2) 2개,O,O,O,O,,,,,,O,O,PS/2 없음,O,,,"
"GIGABYTE  GA-X99-Phoenix SLI 게이밍에디션 제이씨현,GIGABYTE,인텔 CPU용,인텔(소켓2011-V3),(인텔) X99,Extended-ATX (30.5 x 33.0cm),DDR4,8개,최대 128GB 이상,CrossFire X + SLI,PCIe3.0 x16,PCI-Express 3.0 x16,(M.2) 1개,,,,,,,,,,O,O,PS/2 콤보 1개,O,,O,O"
"ASUS ROG STRIX Z270H GAMING STCOM,ASUS,인텔 CPU용,인텔(소켓1151),(인텔) Z270,일반-ATX (30.5 x 23.4cm),DDR4,4개,최대 64GB,CrossFire X + SLI,PCIe3.0 x16,PCI-Express 3.0 x16,(M.2) 2개,,O,O,,,,,,,O,O,PS/2 콤보 1개,O,,,"
"ASUS ROG MAXIMUS IX CODE 코잇,ASUS,인텔 CPU용,인텔(소켓1151),(인텔) Z270,일반-ATX (30.5 x 24.4cm),DDR4,4개,최대 64GB,CrossFire X + SLI,PCIe3.0 x16,PCI-Express 3.0 x16,(M.2) 2개,,,O,O,,,,,,O,O,,O,,O,O"
"MSI  Z270 피씨 메이트,MSI,인텔 CPU용,인텔(소켓1151),(인텔) Z270,일반-ATX (30.4 x 24.3cm),DDR4,4개,최대 64GB,CrossFire,PCIe3.0 x16,,(M.2) 2개,O,O,O,,,,,,,O,O,PS/2 콤보 1개,O,,,"
"ASUS  P10S-X iBORA,ASUS,인텔 CPU용,인텔(소켓1151),(인텔) C232,일반-ATX (30.5 x 24.4cm),DDR4,4개,최대 64GB,,PCIe3.0 x16,없음,(M.2) 미지원,O,,,,,,,O,,O,,PS/2 콤보 1개,O,,,"
"ASUS  Z10PA-D8 STCOM,ASUS,인텔 CPU용,인텔(소켓2011-V3),(인텔) C612,일반-ATX (30.5 x 24.4cm),DDR4,8개,최대 128GB 이상,,,,(M.2) 1개,O,,,,,,,,,O,,PS/2 콤보 1개,O,,,"
"GIGABYTE  GA-B250M-DS3H + 옵테인 메모리 16GB 피씨디렉트,GIGABYTE,인텔 CPU용,인텔(소켓1151),(인텔) B250,Micro-ATX (24.4 x 22.8cm),DDR4,4개,최대 64GB,,PCIe3.0 x16,,(M.2) 1개,O,O,O,,,,,,,O,,PS/2 콤보 1개,O,,,"
"ASRock  H81M-DGS R2.0 에즈윈,ASRock,인텔 CPU용,인텔(소켓1150),(인텔) H81,Micro-ATX (24.4 x 24.4cm),DDR3,2개,최대 16GB,,PCIe x16,없음,(M.2) 미지원,O,O,,,,,,,,O,,PS/2 콤보 1개,O,,,"
"ASUS  E3M-ET V5 STCOM,ASUS,인텔 CPU용,인텔(소켓1151),(인텔) C232,Micro-ATX (24.4 x 24.4cm),DDR4,2개,최대 32GB,,PCIe3.0 x16,없음,(M.2) 1개,,,,,,,,,,O,,PS/2 포트 2개,O,,,"
"ASUS  Z10PE-D16 WS iBORA,ASUS,인텔 CPU용,인텔(소켓2011-V3),기타,Extended-ATX (30.5 x 33.0cm),DDR4,16개,최대 128GB 이상,CrossFire X,PCIe3.0 x16,PCI-Express 3.0 x16,(M.2) 1개,,,,,,,,,,O,,PS/2 콤보 1개,O,,,"
"ASUS ROG STRIX H270F GAMING STCOM,ASUS,인텔 CPU용,인텔(소켓1151),(인텔) H270,일반-ATX (30.5 x 24.4cm),DDR4,4개,최대 64GB,CrossFire X,PCIe3.0 x16,PCI-Express 3.0 x16,(M.2) 2개,,O,O,O,,,,,,,,,,,,"
"ASUS PRIME B250M-C STCOM,ASUS,인텔 CPU용,인텔(소켓1151),(인텔) B250,Micro-ATX (22.6 x 18.5cm),DDR4,4개,최대 64GB,,PCIe3.0 x16,,(M.2) 2개,,O,O,O,,,,,,O,,PS/2 포트 2개,O,,,"
"GIGABYTE  GA-X150M-PRO ECC 듀러블에디션 피씨디렉트,GIGABYTE,인텔 CPU용,인텔(소켓1151),(인텔) C232,Micro-ATX (24.4 x 22.5cm),DDR4,4개,최대 64GB,CrossFire X,PCIe3.0 x16,PCI-Express 3.0 x16,(M.2) 1개,,,,,,,,,,O,,PS/2 포트 2개,O,,,"
"GIGABYTE  GA-Z270-Phoenix Gaming 게이밍에디션 피씨디렉트,GIGABYTE,인텔 CPU용,인텔(소켓1151),(인텔) Z270,일반-ATX (30.5 x 24.4cm),DDR4,4개,최대 64GB,CrossFire X,PCIe3.0 x16,,(M.2) 1개,,O,O,,,,,,,O,,PS/2 콤보 1개,O,,,"
"MSI  X99A GODLIKE 게이밍 카본 웨이코스,MSI,인텔 CPU용,인텔(소켓2011-V3),(인텔) X99,Extended-ATX (30.5 x 33.0cm),DDR4,8개,최대 128GB 이상,CrossFire X,PCIe3.0 x16,PCI-Express 3.0 x16,(M.2) 1개,,,,,,,,,,O,O,PS/2 콤보 1개,O,,O,O"
"ASUS  X99-DELUXE II STCOM,ASUS,인텔 CPU용,인텔(소켓2011-V3),(인텔) X99,일반-ATX (30.5 x 24.4cm),DDR4,8개,최대 128GB 이상,CrossFire X,PCIe3.0 x16,PCI-Express 3.0 x16,(M.2) 1개,,,,,,,,,,O,O,PS/2 없음,O,,O,O"
"GIGABYTE  GA-B150M-D3V 듀러블에디션 제이씨현,GIGABYTE,인텔 CPU용,인텔(소켓1151),(인텔) B150,Micro-ATX (24.4 x 24.4cm),DDR4,2개,최대 32GB,,PCIe3.0 x16,,(M.2) 1개,O,O,,,,,,,O,O,,PS/2 콤보 1개,O,,,"
"ASUS  P9D-E/4L STCOM,ASUS,인텔 CPU용,인텔(소켓1150),(인텔) C224,일반-ATX (30.5 x 24.4cm),DDR3,4개,최대 32GB,,PCIe x16,없음,(M.2) 미지원,O,,,,,,,,,O,,PS/2 콤보 1개,O,,,"
"GIGABYTE  GA-Z270X-Gaming 8 어로스 제이씨현,GIGABYTE,인텔 CPU용,인텔(소켓1151),(인텔) Z270,일반-ATX (30.5 x 24.4cm),DDR4,4개,최대 64GB,CrossFire X + SLI,PCIe3.0 x16,PCI-Express 3.0 x16,(M.2) 2개,,,O,O,,,,,,O,O,PS/2 콤보 1개,O,,,"
"ASUS ROG MAXIMUS IX APEX 코잇,ASUS,인텔 CPU용,인텔(소켓1151),(인텔) Z270,Extended-ATX (30.5 x 27.2cm),DDR4,2개,최대 32GB,CrossFire X + SLI(Quad),PCIe3.0 x16,PCI-Express 3.0 x8,(M.2) 미지원,,,O,O,,,,,,O,O,PS/2 포트 2개,O,,,"
"GIGABYTE  GA-B250M-HD3 듀러블에디션 제이씨현,GIGABYTE,인텔 CPU용,인텔(소켓1151),(인텔) B250,Micro-ATX (24.4 x 17.4cm),DDR4,2개,최대 32GB,,PCIe3.0 x16,,(M.2) 1개,O,O,O,,,,,,,O,,PS/2 콤보 1개,O,,,"
"ASRock  J3455B-ITX 에즈윈,ASRock,인텔 CPU용,인텔(CPU내장),,Mini-iTX (17.0 x 17.0cm),DDR3/DDR3L,2개,최대 16GB,,,,(M.2) 미지원,O,,O,,,,,,,,,PS/2 포트 2개,O,,,"
"ASRock  H110M-HDV 디앤디컴 (벌크),ASRock,인텔 CPU용,인텔(소켓1151),(인텔) H110,Micro-ATX (23.0 x 18.2cm),DDR4,2개,최대 32GB,,,,,O,O,O,,,,,,,O,,PS/2 콤보 1개,O,,,"
"GIGABYTE  GA-X99-UD4 듀러블에디션 제이씨현,GIGABYTE,인텔 CPU용,인텔(소켓2011-V3),(인텔) X99,일반-ATX (30.5 x 24.4cm),DDR4,8개,최대 64GB,CrossFire X,PCIe3.0 x16,PCI-Express 3.0 x16,(M.2) 2개,,,,,,,,,,O,,PS/2 포트 2개,O,,,"
"ASRock  B250M-HDV 에즈윈 (벌크),ASRock,인텔 CPU용,인텔(소켓1151),(인텔) B250,Micro-ATX (22.5 x 18.5cm),DDR4,2개,최대 32GB,,PCIe3.0 x16,,(M.2) 1개,O,O,O,,,,,,,O,,PS/2 콤보 1개,O,,,"
"에즈윈  AW G41-C2,에즈윈,인텔 CPU용,인텔(소켓775),(인텔) G41,Micro-ATX (24.4 x 24.4cm),DDR3,2개,최대 8GB,,,,(M.2) 미지원,O,,,,,,,,,,,PS/2 포트 2개,,,,"
"ASUS  E3 PRO V5 STCOM,ASUS,인텔 CPU용,인텔(소켓1151),(인텔) C232,일반-ATX (30.5 x 24.4cm),DDR4,4개,최대 64GB,CrossFire X,PCIe3.0 x16,PCI-Express 3.0 x16,(M.2) 1개,,,,,,,,,,O,,PS/2 포트 2개,O,,,"
"GIGABYTE  GA-Z270X-Gaming SOC OC에디션 피씨디렉트,GIGABYTE,인텔 CPU용,인텔(소켓1151),(인텔) Z270,ATX (30.5x24.4cm),DDR4,4개,최대 64GB,CrossFire X + SLI,PCIe3.0 x16,PCI-Express 3.0 x8,(M.2) 2개,,,O,O,,,,,,,,PS/2 콤보 1개,O,,,"
"ASUS ROG MAXIMUS IX APEX iBORA,ASUS,인텔 CPU용,인텔(소켓1151),(인텔) Z270,Extended-ATX (30.5 x 27.2cm),DDR4,2개,최대 32GB,CrossFire X + SLI(Quad),PCIe3.0 x16,PCI-Express 3.0 x8,(M.2) 2개,,,O,O,,,,,,O,O,PS/2 포트 2개,O,,,"
"GIGABYTE  GA-B250M-D2V 듀러블에디션 피씨디렉트,GIGABYTE,인텔 CPU용,인텔(소켓1151),(인텔) B250,Micro-ATX (22.6 x 17.4cm),DDR4,2개,최대 32GB,,PCIe3.0 x16,,,O,O,,,,,,,,O,,PS/2 포트 2개,O,,,"
"GIGABYTE  GA-Z170X-Gaming 7 게이밍에디션 제이씨현,GIGABYTE,인텔 CPU용,인텔(소켓1151),(인텔) Z170,일반-ATX (30.5 x 24.4cm),DDR4,4개,최대 64GB,CrossFire X + SLI,PCIe3.0 x16,PCI-Express 3.0 x16,(M.2) 2개,,,O,O,,,,,,O,O,PS/2 콤보 1개,O,,,"
"ASRock  J3355B-ITX 에즈윈,ASRock,인텔 CPU용,인텔(CPU내장),(인텔)셀러론 J3355,Mini-iTX (17.0 x 17.0cm),DDR3/DDR3L,2개,최대 16GB,,,,(M.2) 미지원,O,,O,,,,,,,,,PS/2 포트 2개,O,,,"
"MSI  X99A 토마호크,MSI,인텔 CPU용,인텔(소켓2011-V3),(인텔) X99,일반-ATX (30.5 x 24.4cm),DDR4,8개,최대 128GB 이상,CrossFire X,PCIe3.0 x16,PCI-Express 3.0 x16,(M.2) 1개,,,,,,,,,,O,,PS/2 콤보 1개,O,,,"
"ASRock  Q170M vPRO 에즈윈,ASRock,인텔 CPU용,인텔(소켓1151),(인텔) Q170,Micro-ATX (24.4 x 24.4cm),DDR4,4개,최대 64GB,CrossFire X,PCIe3.0 x16,PCI-Express 3.0 x16,(M.2) 1개,O,O,O,,,,,,,O,,PS/2 콤보 1개,O,,,"
"GIGABYTE  GA-Z270N-Gaming 5 게이밍에디션 피씨디렉트,GIGABYTE,인텔 CPU용,인텔(소켓1151),(인텔) Z270,Mini-iTX (17.0 x 17.0cm),DDR4,4개,최대 32GB,,PCIe3.0 x16,PCI-Express 3.0 x16,(M.2) 1개,,,O,O,,,,,,O,O,PS/2 콤보 1개,O,,,"
"MSI  X99A XPOWER 게이밍 티타늄,MSI,인텔 CPU용,인텔(소켓2011-V3),(인텔) X99,일반-ATX (30.5 x 24.4cm),DDR4,8개,최대 128GB 이상,CrossFire X,PCIe3.0 x16,PCI-Express 3.0 x16,(M.2) 1개,,,,,,,,,,O,O,PS/2 콤보 1개,O,,,"
"ASUS  MAXIMUS VIII EXTREME STCOM,ASUS,인텔 CPU용,인텔(소켓1151),(인텔) Z170,Extended-ATX (30.5 x 33.0cm),DDR4,4개,최대 64GB,CrossFire X,PCIe3.0 x16,PCI-Express 3.0 x16,(M.2) 1개,,,O,O,,,,,,O,O,PS/2 콤보 1개,O,,O,O"
"GIGABYTE  GA-X99-Gaming 5P 게이밍에디션 제이씨현,GIGABYTE,인텔 CPU용,인텔(소켓2011-V3),(인텔) X99,Extended-ATX (30.5 x 33.0cm),DDR4,8개,최대 128GB 이상,CrossFire X,PCIe3.0 x16,PCI-Express 3.0 x16,(M.2) 미지원,,,,,,,,,,O,,PS/2 포트 2개,O,,,"
"ASUS  H110M-K STCOM (벌크),ASUS,인텔 CPU용,인텔(소켓1151),(인텔) H110,Micro-ATX (22.6 x 18.3cm),DDR4,2개,최대 32GB,,,,(M.2) 미지원,O,O,,,,,,,,O,,PS/2 포트 2개,O,,,"
"GIGABYTE  GA-X150M-PLUS WS 듀러블에디션 피씨디렉트,GIGABYTE,인텔 CPU용,인텔(소켓1151),(인텔) C232,Micro-ATX (24.4 x 24.4cm),DDR4,2개,최대 32GB,,PCIe3.0 x16,,(M.2) 미지원,,,,,,,,,,O,,PS/2 포트 2개,O,,,"
"ASRock  Q170M vPRO 디앤디컴,ASRock,인텔 CPU용,인텔(소켓1151),(인텔) Q170,Micro-ATX (24.4 x 24.4cm),DDR4,4개,최대 64GB,CrossFire X,PCIe3.0 x16,PCI-Express 3.0 x16,(M.2) 1개,O,O,O,,,,,,,O,,PS/2 콤보 1개,O,,,"
"ASRock  H81M-ITX 디앤디컴,ASRock,인텔 CPU용,인텔(소켓1150),(인텔) H81,Mini-iTX (17.0 x 17.0cm),DDR3,2개,최대 16GB,,PCIe x16,없음,(M.2) 미지원,O,O,O,,,O,,,,O,,키보드 포트 1개,O,,,"
"GIGABYTE  GA-B150M-D3V 듀러블에디션 피씨디렉트,GIGABYTE,인텔 CPU용,인텔(소켓1151),(인텔) B150,Micro-ATX (24.4 x 24.4cm),DDR4,2개,최대 32GB,,PCIe3.0 x16,,(M.2) 1개,O,O,,,,,,,O,O,,PS/2 콤보 1개,O,,,"
"ASRock  B250M Performance 디앤디컴,ASRock,인텔 CPU용,인텔(소켓1151),(인텔) B250,Micro-ATX (24.4 x 24.4cm),DDR4,4개,최대 64GB,CrossFire X,PCIe3.0 x16,PCI-Express 3.0 x16,(M.2) 2개,O,O,O,,,,,,,O,,PS/2 포트 2개,O,,,"
"GIGABYTE  GA-Z270-HD3 + 옵테인 메모리 16GB 피씨디렉트,GIGABYTE,인텔 CPU용,인텔(소켓1151),(인텔) Z270,ATX (30.5x24.4cm),DDR4,4개,최대 64GB,CrossFire X,PCIe3.0 x16,,(M.2) 1개,O,O,O,,,,,,,O,,PS/2 콤보 1개,O,,,"
"ASUS  Z10PA-U8 iBORA,ASUS,인텔 CPU용,인텔(소켓2011-V3),(인텔) C612,,DDR4,8개,최대 128GB 이상,,,,(M.2) 1개,O,,,,,,,,,O,,PS/2 콤보 1개,O,,,"
"ASUS  B150M-A/M.2 iBORA (벌크),ASUS,인텔 CPU용,인텔(소켓1151),(인텔) B150,Micro-ATX (24.4 x 24.4cm),DDR4,4개,최대 64GB,,PCIe3.0 x16,,(M.2) 1개,O,O,O,,,,,,,O,,PS/2 포트 2개,O,,,"
"MSI  B150M PRO-VDH 웨이코스,MSI,인텔 CPU용,인텔(소켓1151),(인텔) B150,Micro-ATX (24.4 x 24.4cm),DDR4,4개,최대 64GB,,PCIe3.0 x16,,(M.2) 미지원,O,O,O,,,,,,,O,,PS/2 포트 2개,O,,,"
"ASRock  B250M-HDV 디앤디컴 (벌크),ASRock,인텔 CPU용,인텔(소켓1151),(인텔) B250,Micro-ATX (18.2 x 22.5cm),DDR4,2개,최대 32GB,,PCIe3.0 x16,,(M.2) 1개,O,O,O,,,,,,,O,,PS/2 콤보 1개,O,,,"
"ASUS  RAMPAGE V EXTREME iBORA,ASUS,인텔 CPU용,인텔(소켓2011-V3),(인텔) X99,Extended-ATX (30.5 x 33.0cm),DDR4,8개,최대 64GB,CrossFire X,PCIe3.0 x16,PCI-Express 3.0 x16,(M.2) 1개,,,,,,,,,,O,,PS/2 콤보 1개,O,,O,O"
"ASUS PRIME B250-PRO 코잇,ASUS,인텔 CPU용,인텔(소켓1151),(인텔) B250,일반-ATX (30.5 x 21.8cm),DDR4,4개,최대 64GB,CrossFire X,PCIe3.0 x16,,(M.2) 2개,O,O,O,,,,,,,O,O,PS/2 콤보 1개,O,,,"
"ASUS  P10S-V/4L STCOM,ASUS,인텔 CPU용,인텔(소켓1151),(인텔) C236,일반-ATX (30.5 x 24.4cm),DDR4,4개,최대 64GB,,PCIe3.0 x16,없음,(M.2) 미지원,O,,,,,,,O,,O,,PS/2 콤보 1개,O,,,"
"ASUS  X99-E iBORA,ASUS,인텔 CPU용,인텔(소켓2011-V3),(인텔) X99,Extended-ATX (30.5 x 33.0cm),DDR4,8개,최대 128GB 이상,CrossFire X + SLI,PCIe3.0 x16,PCI-Express 3.0 x16,(M.2) 1개,,,,,,,,,,O,O,PS/2 콤보 1개,,,,"
"GIGABYTE  GA-Z170X-Gaming GT 게이밍에디션 피씨디렉트,GIGABYTE,인텔 CPU용,인텔(소켓1151),(인텔) Z170,일반-ATX (30.5 x 24.4cm),DDR4,4개,최대 64GB,CrossFire X + SLI,PCIe3.0 x16,PCI-Express 3.0 x16,(M.2) 2개,,,O,O,,,,,,O,O,PS/2 콤보 1개,O,,,"
"ASUS  Z10PA-U8 STCOM,ASUS,인텔 CPU용,인텔(소켓2011-V3),(인텔) C612,일반-ATX (30.5 x 24.4cm),DDR4,8개,최대 128GB 이상,CrossFire X,PCIe3.0 x16,PCI-Express 3.0 x16,(M.2) 1개,O,,,,,,,,,O,,PS/2 콤보 1개,O,,,"
"ASRock  X99 Taichi 디앤디컴,ASRock,인텔 CPU용,인텔(소켓2011-V3),(인텔) X99,일반-ATX (30.5 x 24.4cm),DDR4,8개,최대 128GB 이상,,PCIe3.0 x16,,(M.2) 2개,,,,,,,,,,O,O,PS/2 콤보 1개,O,,,"
"ASUS  J1800I-C STCOM,ASUS,인텔 CPU용,인텔(기타),기타,Mini-iTX (17.0 x 17.0cm),DDR3L 노트북용,2개,최대 8GB,,없음,없음,(M.2) 미지원,O,,O,,,,,,,O,,PS/2 콤보 1개,O,,,"
"ASRock  H81M-DGS R2.0 에즈윈 (벌크),ASRock,인텔 CPU용,인텔(소켓1150),(인텔) H81,Micro-ATX (24.4 x 24.4cm),DDR3,2개,최대 16GB,,PCIe x16,없음,,O,O,,,,,,,,O,,PS/2 콤보 1개,O,,,"
"GIGABYTE  GA-B150M-HD3 듀러블에디션 피씨디렉트,GIGABYTE,인텔 CPU용,인텔(소켓1151),(인텔) B150,Micro-ATX (24.4 x 24.4cm),DDR4,2개,최대 32GB,,,,(M.2) 1개,O,O,O,,,,,,,O,,PS/2 콤보 1개,O,,,"
"MSI  X99A 게이밍 프로 카본,MSI,인텔 CPU용,인텔(소켓2011-V3),(인텔) X99,일반-ATX (30.5 x 24.4cm),DDR4,8개,최대 128GB 이상,CrossFire X,PCIe3.0 x16,PCI-Express 3.0 x16,(M.2) 1개,,,,,,,,,,O,O,PS/2 콤보 1개,O,,,"
"ASRock  H81M-HDS 디앤디컴,ASRock,인텔 CPU용,인텔(소켓1150),(인텔) H81,Micro-ATX (24.4 x 24.4cm),DDR3,2개,최대 16GB,,PCIe x16,없음,(M.2) 미지원,O,O,O,,,,,,,O,,PS/2 포트 2개,O,,,"
"ASUS  P10S-M WS iBORA,ASUS,인텔 CPU용,인텔(소켓1151),(인텔) C236,Micro-ATX (24.4 x 24.4cm),DDR4,4개,최대 64GB,,PCIe3.0 x16,,(M.2) 1개,,O,O,O,,,,,,O,,,O,,,"
"ASUS  Z10PE-D8 WS iBORA,ASUS,인텔 CPU용,인텔(소켓2011-V3),,Extended-ATX (30.5 x 33.0cm),DDR4,8개,최대 128GB 이상,CrossFire X,PCIe3.0 x16,PCI-Express 3.0 x16,(M.2) 1개,,,,,,,,,,O,,PS/2 콤보 1개,O,,,"
"ASRock  H170M ITX/ac 에즈윈,ASRock,인텔 CPU용,인텔(소켓1151),(인텔) H170,Mini-iTX (17.0 x 17.0cm),DDR4,2개,최대 32GB,,PCIe3.0 x16,,(M.2) 미지원,,O,O,,,,,,,O,,PS/2 콤보 1개,O,,O,O"
"ASRock  Z170M-ITX/ac 디앤디컴,ASRock,인텔 CPU용,인텔(소켓1151),(인텔) Z170,Mini-iTX (17.0 x 17.0cm),DDR4,2개,최대 32GB,,PCIe3.0 x16,,(M.2) 미지원,,O,O,O,,,,,,O,,PS/2 콤보 1개,O,,O,O"
"GIGABYTE  GA-X99-Designare EX 듀러블에디션 피씨디렉트,GIGABYTE,인텔 CPU용,인텔(소켓2011-V3),(인텔) X99,일반-ATX (30.5 x 24.4cm),DDR4,8개,최대 128GB 이상,CrossFire X,PCIe3.0 x16,PCI-Express 3.0 x16,(M.2) 1개,,,,O,,,,,,O,O,PS/2 콤보 1개,O,,O,O"
"ASUS  MAXIMUS VIII FORMULA STCOM,ASUS,인텔 CPU용,인텔(소켓1151),(인텔) Z170,일반-ATX (30.5 x 24.4cm),DDR4,4개,최대 64GB,CrossFire X,PCIe3.0 x16,PCI-Express 3.0 x16,(M.2) 1개,,,O,O,,,,,,O,O,PS/2 콤보 1개,O,,O,O"
"ECS  ESSENTIALS H81H3-TI2 19V 코잇,ECS,인텔 CPU용,인텔(소켓1150),(인텔) H81,Mini-iTX (17.0 x 17.0cm),DDR3 노트북용,2개,최대 8GB,,,,(M.2) 미지원,,,O,,,,,,,O,,,O,,,"
"ASUS STRIX B250G GAMING iBORA,ASUS,인텔 CPU용,인텔(소켓1151),(인텔) B250,M-ATX (24.4x21.8cm),DDR4,4개,최대 64GB,,,,(M.2) 2개,,O,O,,,,,,,O,,PS/2 콤보 1개,O,,,"
"GIGABYTE  GA-H110N 듀러블에디션 피씨디렉트,GIGABYTE,인텔 CPU용,인텔(소켓1151),(인텔) H110,Mini-iTX (17.0 x 17.0cm),DDR4,2개,최대 32GB,,PCIe3.0 x16,,(M.2) 1개,O,O,O,,,,,,,O,,PS/2 콤보 1개,O,,,"
"ASRock FATAL1TY Z170 Gaming K6 에즈윈,ASRock,인텔 CPU용,인텔(소켓1151),(인텔) Z170,일반-ATX (30.5 x 24.4cm),DDR4,4개,최대 64GB,CrossFire X + SLI,PCIe3.0 x16,PCI-Express 3.0 x16,(M.2) 1개,,O,O,O,,,,,,O,O,PS/2 콤보 1개,O,,,"
"ASUS PRIME B250-PLUS 코잇,ASUS,인텔 CPU용,인텔(소켓1151),(인텔) B250,일반-ATX (30.5 x 21.8cm),DDR4,4개,최대 64GB,CrossFire X,PCIe3.0 x16,PCI-Express 3.0 x16,(M.2) 2개,O,O,O,,,,,,,O,,PS/2 콤보 1개,O,,,"
"ASUS  Z10PA-D8 iBORA,ASUS,인텔 CPU용,인텔(소켓2011-V3),(인텔) C612,,DDR4,8개,최대 128GB 이상,,,,(M.2) 1개,O,,,,,,,,,O,,PS/2 콤보 1개,O,,,"
"GIGABYTE  GA-Z170N-WIFI 듀러블에디션 피씨디렉트,GIGABYTE,인텔 CPU용,인텔(소켓1151),(인텔) Z170,Mini-iTX (17.0 x 17.0cm),DDR4,2개,최대 32GB,,,,(M.2) 1개,,O,O,,,,,,,O,,PS/2 콤보 1개,O,,O,O"
"ASUS  P10S-V/4L iBORA,ASUS,인텔 CPU용,인텔(소켓1151),(인텔) C236,일반-ATX (30.5 x 24.4cm),DDR4,4개,최대 64GB,,PCIe3.0 x16,없음,(M.2) 미지원,O,,,,,,,O,,O,,PS/2 콤보 1개,O,,,"
"GIGABYTE  GA-X99P-SLI 듀러블에디션 피씨디렉트,GIGABYTE,인텔 CPU용,인텔(소켓2011-V3),(인텔) X99,일반-ATX (30.5 x 24.4cm),DDR4,8개,최대 128GB 이상,CrossFire X + SLI,PCIe x16,PCI-Express x16,(M.2) 1개,,,,O,,,,,,O,O,PS/2 콤보 1개,O,,,"
"ASUS  E3 PRO GAMING V5 STCOM,ASUS,인텔 CPU용,인텔(소켓1151),(인텔) C232,일반-ATX (30.5 x 24.4cm),DDR4,4개,최대 64GB,CrossFire X,PCIe3.0 x16,PCI-Express 3.0 x16,(M.2) 1개,,,,,,,,,,O,O,PS/2 포트 2개,O,,,"
"ASRock  H110M-DGS R2.0 에즈윈 (벌크),ASRock,인텔 CPU용,인텔(소켓1151),(인텔) H110,Micro-ATX (24.4 x 24.4cm),DDR4,2개,최대 32GB,,PCIe3.0 x16,,,,O,,,,,,,,O,,PS/2 콤보 1개,O,,,"
"GIGABYTE  GA-Z170M-D3H 듀러블에디션 피씨디렉트,GIGABYTE,인텔 CPU용,인텔(소켓1151),(인텔) Z170,Micro-ATX (24.4 x 24.4cm),DDR4,4개,최대 64GB,CrossFire X + SLI,PCIe3.0 x16,PCI-Express 3.0 x16,(M.2) 1개,O,O,O,,,,,,,O,,PS/2 콤보 1개,O,,,"
"ASUS  P10S-M WS STCOM,ASUS,인텔 CPU용,인텔(소켓1151),(인텔) C236,Micro-ATX (24.4 x 24.4cm),DDR4,4개,최대 64GB,,PCIe3.0 x16,,(M.2) 1개,,O,O,O,,,,,,O,,,O,,,"
"ASUS  MAXIMUS VIII IMPACT iBORA,ASUS,인텔 CPU용,인텔(소켓1151),(인텔) Z170,Mini-iTX (17.0 x 17.0cm),DDR4,2개,최대 32GB,,PCIe3.0 x16,,(M.2) 미지원,,,O,,,,,,,O,O,PS/2 없음,O,,O,O"
"MSI  H110M ECO 웨이코스,MSI,인텔 CPU용,인텔(소켓1151),(인텔) H110,Micro-ATX (24.4 x 24.4cm),DDR4,2개,최대 32GB,,PCIe3.0 x16,,(M.2) 미지원,O,O,O,,,,,,,O,,PS/2 포트 2개,O,,,"
"MSI  X99A GODLIKE 게이밍,MSI,인텔 CPU용,인텔(소켓2011-V3),(인텔) X99,Extended-ATX (30.5 x 33.0cm),DDR4,8개,최대 128GB 이상,CrossFire X,PCIe3.0 x16,PCI-Express 3.0 x16,(M.2) 1개,,,,,,,,,,,O,PS/2 콤보 1개,O,,O,O"
"ASUS  P9D-C/4L STCOM,ASUS,인텔 CPU용,인텔(소켓1150),(인텔) C224,일반-ATX (30.5 x 24.4cm),DDR3,4개,최대 32GB,,PCIe x16,없음,(M.2) 미지원,O,,,,,,,,,O,,PS/2 콤보 1개,O,,,"
"ASRock  H81M-DG4 디앤디컴,ASRock,인텔 CPU용,인텔(소켓1150),(인텔) H81,Micro-ATX (24.4 x 24.4cm),DDR3,2개,최대 16GB,,PCIe x16,없음,(M.2) 미지원,O,O,,,,,,,,O,,PS/2 콤보 1개,O,,,"
"GIGABYTE  GA-Z170X-Designare 듀러블에디션 피씨디렉트,GIGABYTE,인텔 CPU용,인텔(소켓1151),(인텔) Z170,일반-ATX (30.5 x 24.4cm),DDR4,4개,최대 64GB,CrossFire X + SLI,PCIe3.0 x16,PCI-Express 3.0 x16,(M.2) 1개,,,O,O,,,,,,O,O,PS/2 콤보 1개,,,,"
"ASRock  B150M PRO4S 디앤디컴,ASRock,인텔 CPU용,인텔(소켓1151),(인텔) B150,Micro-ATX (24.4 x 24.4cm),DDR4,4개,최대 64GB,CrossFire X,PCIe3.0 x16,PCI-Express 3.0 x16,(M.2) 미지원,,O,O,,,,,,,O,,PS/2 콤보 1개,O,,,"
