"삼성전자  DDR4 8G PC4-19200(정품),삼성전자,DDR4,PC용,1ea,미포함,8GB,2,400MHz,"
"삼성전자  DDR4 8G PC4-17000(정품),삼성전자,DDR4,PC용,1ea,미포함,8GB,2,133MHz,"
"ESSENCORE KLEVV DDR4 8G PC4-19200 CL15,ESSENCORE,DDR4,PC용,1ea,미포함,8GB,2,400MHz,1.20V"
"G.SKILL  DDR4 16G PC4-24000 CL16 TRIDENT Z RGB (8Gx2),G.SKILL,DDR4,PC용,2ea,포함,16GB,3,000MHz,1.35V"
"삼성전자  DDR4 4G PC4-17000(정품),삼성전자,DDR4,PC용,1ea,미포함,4GB,2,133MHz,"
"삼성전자  DDR3 8G PC3-12800(정품),삼성전자,DDR3,PC용,1ea,미포함,8GB,1,600MHz,"
"타무즈  DDR4 8G PC4-19200 CL17,타무즈,DDR4,PC용,1ea,미포함,8GB,2,400MHz,1.20V"
"CORSAIR  DDR4 16GB PC4-24000 CL15 VENGEANCE RGB (8Gx2),CORSAIR,DDR4,PC용,2ea,포함,16GB,3,000MHz,1.35V"
"GeIL  DDR4 16G PC4-24000 CL15 EVO-X RGB (8Gx2),GeIL,DDR4,PC용,2ea,포함,16GB,3,000MHz,1.35V"
"삼성전자  DDR4 16G PC4-19200(정품),삼성전자,DDR4,PC용,1ea,미포함,16GB,2,400MHz,"
"G.SKILL  DDR4 16G PC4-24000 CL15 TRIDENT Z RGB (8Gx2),G.SKILL,DDR4,PC용,2ea,포함,16GB,3,000MHz,1.35V"
"삼성전자  DDR3 4G PC3-12800(정품),삼성전자,DDR3,PC용,1ea,미포함,4GB,1,600MHz,1.50V"
"타무즈  DDR4 8G PC4-17000 CL15,타무즈,DDR4,PC용,1ea,미포함,8GB,2,133MHz,1.20V"
"G.SKILL  DDR4 16G PC4-19200 CL15 TRIDENT Z RGB (8Gx2),G.SKILL,DDR4,PC용,2ea,포함,16GB,2,400MHz,1.20V"
"G.SKILL  DDR4 16G PC4-25600 CL16 TRIDENT Z RGB (8Gx2),G.SKILL,DDR4,PC용,2ea,포함,16GB,3,200MHz,1.35V"
"GeIL  DDR4 8G PC4-19200 CL16 PRISTINE,GeIL,DDR4,PC용,1ea,미포함,8GB,2,400MHz,1.20V"
"GeIL  DDR4 8G PC4-17000 CL15 PRISTINE,GeIL,DDR4,PC용,1ea,미포함,8GB,2,133MHz,1.20V"
"G.SKILL  DDR4 32G PC4-19200 CL15 TRIDENT Z RGB (8Gx4),G.SKILL,DDR4,PC용,4ea,포함,32GB,2,400MHz,1.20V"
"G.SKILL  DDR4 32G PC4-25600 CL16 TRIDENT Z (16Gx2),G.SKILL,DDR4,PC용,2ea,포함,32GB,3,200MHz,1.35V"
"G.SKILL  DDR4 16G PC4-25600 CL16 TRIDENT Z (8Gx2),G.SKILL,DDR4,PC용,2ea,포함,16GB,3,200MHz,1.35V"
"G.SKILL  DDR4 16G PC4-24000 CL14 TRIDENT Z RGB (8Gx2),G.SKILL,DDR4,PC용,2ea,포함,16GB,3,000MHz,1.35V"
"ESSENCORE KLEVV DDR3 8G PC3-19200 CL11 URBANE (4Gx2),ESSENCORE,DDR3,PC용,2ea,포함,8GB,2,400MHz,1.65V"
"TeamGroup  DDR4 8G PC4-17000 New Elite Plus Black Gold,TeamGroup,DDR4,PC용,1ea,포함,8GB,2,133MHz,1.20V"
"GeIL  DDR4 8G PC4-17000 CL15 SUPER LUCE WHITE 화이트,GeIL,DDR4,PC용,1ea,포함,8GB,2,133MHz,1.20V"
"G.SKILL  DDR4 32G PC4-25600 CL16 TRIDENT Z RGB (8Gx4),G.SKILL,DDR4,PC용,4ea,포함,32GB,3,200MHz,1.35V"
"G.SKILL  DDR4 16G PC4-25600 CL16 TRIDENT ZKW (8Gx2),G.SKILL,DDR4,PC용,2ea,포함,16GB,3,200MHz,1.35V"
"GeIL  DDR4 8G PC4-17000 CL15 EVO-X 화이트 RGB,GeIL,DDR4,PC용,1ea,포함,8GB,2,133MHz,1.20V"
"G.SKILL  DDR4 8G PC4-21300 CL15 RIPJAWS V VR,G.SKILL,DDR4,PC용,1ea,포함,8GB,2,666MHz,1.20V"
"G.SKILL  DDR4 32G PC4-25600 CL16 TRIDENT ZSK (16Gx2),G.SKILL,DDR4,PC용,2ea,포함,32GB,3,200MHz,1.35V"
"G.SKILL  DDR4 32G PC4-25600 CL16 TRIDENT ZKY (16Gx2),G.SKILL,DDR4,PC용,2ea,포함,32GB,3,200MHz,1.35V"
"G.SKILL  DDR4 16G PC4-25600 CL16 TRIDENT ZSK (8Gx2),G.SKILL,DDR4,PC용,2ea,포함,16GB,3,200MHz,1.35V"
"GeIL  DDR4 16G PC4-19200 CL15 SUPER LUCE WHITE 화이트 (8Gx2),GeIL,DDR4,PC용,2ea,포함,16GB,2,400MHz,1.20V"
"ESSENCORE KLEVV DDR4 16G PC4-17000 CL15 CRAS RED (4Gx4),ESSENCORE,DDR4,PC용,4ea,포함,16GB,2,133MHz,1.20V"
"GeIL  DDR4 8G PC4-19200 CL15 SUPER LUCE WHITE 화이트 (4Gx2),GeIL,DDR4,PC용,2ea,포함,8GB,2,400MHz,1.20V"
"G.SKILL  DDR4 16G PC4-25600 CL14 TRIDENT Z RGB (8Gx2),G.SKILL,DDR4,PC용,2ea,포함,16GB,3,200MHz,1.35V"
"타무즈  DDR4 16G PC4-19200 CL17,타무즈,DDR4,PC용,1ea,미포함,16GB,2,400MHz,1.20V"
"G.SKILL  DDR4 32G PC4-25600 CL16 TRIDENT ZKW (16Gx2),G.SKILL,DDR4,PC용,2ea,포함,32GB,3,200MHz,1.35V"
"GeIL  DDR4 16G PC4-24000 CL15 EVO-X 화이트 RGB (8Gx2),GeIL,DDR4,PC용,2ea,포함,16GB,3,000MHz,1.35V"
"GeIL  DDR4 16G PC4-25600 CL16 EVO-X RGB (8Gx2),GeIL,DDR4,PC용,2ea,포함,16GB,3,200MHz,1.35V"
"GeIL  DDR4 8G PC4-19200 CL16 EVO-X RGB,GeIL,DDR4,PC용,1ea,포함,8GB,2,400MHz,1.20V"
"G.SKILL  DDR4 32G PC4-25600 CL16 TRIDENT ZSW (16Gx2),G.SKILL,DDR4,PC용,2ea,포함,32GB,3,200MHz,1.35V"
"마이크론 Crucial DDR4 8G PC4-17000,마이크론,DDR4,PC용,1ea,미포함,8GB,2,133MHz,1.20V"
"G.SKILL  DDR4 32G PC4-27700 CL16 TRIDENT Z RGB (8Gx4),G.SKILL,DDR4,PC용,4ea,포함,32GB,3,466MHz,1.35V"
"G.SKILL  DDR4 32G PC4-30900 CL18 TRIDENT Z RGB (8Gx4),G.SKILL,DDR4,PC용,4ea,포함,32GB,3,866MHz,1.35V"
"G.SKILL  DDR4 8G PC4-17000 CL15 AEGIS,G.SKILL,DDR4,PC용,1ea,미포함,8GB,2,133MHz,1.20V"
"GeIL  DDR4 16G PC4-19200 CL16 EVO-X 화이트 RGB (16Gx1),GeIL,DDR4,PC용,1ea,포함,16GB,2,400MHz,1.20V"
"타무즈  노트북 DDR3 8G PC3-12800 CL11 1.35V,타무즈,DDR3,노트북용,1ea,미포함,8GB,1,600MHz,1.35V"
"TeamGroup  DDR3 4G PC3-12800,TeamGroup,DDR3,PC용,1ea,미포함,4GB,1,600MHz,1.50V"
"마이크론 Crucial DDR4 4G PC4-17000,마이크론,DDR4,PC용,1ea,미포함,4GB,2,133MHz,1.20V"
"GeIL  DDR4 4G PC4-19200 CL16 PRISTINE,GeIL,DDR4,PC용,1ea,미포함,4GB,2,400MHz,1.20V"
"G.SKILL  DDR4 8G PC4-17000 CL15 RIPJAWS V VR,G.SKILL,DDR4,PC용,1ea,포함,8GB,2,133MHz,1.20V"
"G.SKILL  DDR4 32G PC4-25600 CL14 TRIDENT Z RGB (16Gx2),G.SKILL,DDR4,PC용,2ea,포함,32GB,3,200MHz,1.35V"
"CORSAIR  DDR4 32GB PC4-24000 CL15 VENGEANCE RGB (8Gx4),CORSAIR,DDR4,PC용,4ea,포함,32GB,3,000MHz,1.35V"
"G.SKILL  DDR4 16G PC4-34100 CL19 TRIDENT Z RGB (8Gx2),G.SKILL,DDR4,PC용,2ea,포함,16GB,4,266MHz,1.40V"
"GeIL  DDR4 16G PC4-17000 CL15 SUPER LUCE WHITE 화이트,GeIL,DDR4,PC용,1ea,포함,16GB,2,133MHz,1.20V"
"GeIL  DDR4 8G PC4-17000 CL15 EVO-X RGB,GeIL,DDR4,PC용,1ea,포함,8GB,2,133MHz,1.20V"
"G.SKILL  DDR4 32G PC4-25600 CL15 TRIDENT Z RGB (16Gx2),G.SKILL,DDR4,PC용,2ea,포함,32GB,3,200MHz,1.35V"
"G.SKILL  DDR4 16G PC4-33000 CL19 TRIDENT Z RGB (8Gx2),G.SKILL,DDR4,PC용,2ea,포함,16GB,4,133MHz,1.35V"
"ESSENCORE KLEVV DDR3 8G PC3-12800 CL9 FIT,ESSENCORE,DDR3,PC용,1ea,포함,8GB,1,600MHz,1.50V"
"삼성전자  DDR4 16G PC4-17000(정품),삼성전자,DDR4,PC용,1ea,미포함,16GB,2,133MHz,"
"TeamGroup T-Force DDR4 16G PC4-21300 CL15 Night Hawk Red (8Gx2),TeamGroup,DDR4,PC용,2ea,포함,16GB,2,666MHz,1.20V"
"TeamGroup T-Force DDR4 16G PC4-21300 CL15 VULCAN Red (8Gx2),TeamGroup,DDR4,PC용,2ea,포함,16GB,2,666MHz,1.20V"
"GeIL  DDR4 8G PC4-19200 CL15 SUPER LUCE BLACK 화이트 (4Gx2),GeIL,DDR4,PC용,2ea,포함,8GB,2,400MHz,1.20V"
"GeIL  DDR4 16G PC4-19200 CL16 PRISTINE,GeIL,DDR4,PC용,1ea,미포함,16GB,2,400MHz,1.20V"
"GeIL  DDR4 16G PC4-17000 CL15 EVO-X 화이트 RGB (16Gx1),GeIL,DDR4,PC용,1ea,포함,16GB,2,133MHz,1.20V"
"ESSENCORE KLEVV DDR3 16G PC3-12800 CL9 FIT (8Gx2),ESSENCORE,DDR3,PC용,2ea,포함,16GB,1,600MHz,1.50V"
"G.SKILL  DDR4 8G PC4-19200 CL15 RIPJAWS V VS,G.SKILL,DDR4,PC용,1ea,포함,8GB,2,400MHz,1.20V"
"TeamGroup  DDR4 16G PC4-19200 Elite,TeamGroup,DDR4,PC용,1ea,미포함,16GB,2,400MHz,1.20V"
"GeIL  DDR4 16G PC4-24000 CL16 SUPER LUCE WHITE 화이트 (8Gx2),GeIL,DDR4,PC용,2ea,포함,16GB,3,000MHz,1.35V"
"ESSENCORE KLEVV DDR3 8G PC3-21300 CL12 URBANE (4Gx2),ESSENCORE,DDR3,PC용,2ea,포함,8GB,2,666MHz,1.65V"
"TeamGroup  DDR3 8G PC3-12800,TeamGroup,DDR3,PC용,1ea,미포함,8GB,1,600MHz,1.50V"
"AVEXIR  DDR4 16G PC4-24000 CL16 RAIDEN TESLA 그린 (8Gx2),AVEXIR,DDR4,PC용,2ea,포함,16GB,3,000MHz,1.20V"
"TeamGroup  DDR4 8G PC4-19200 Elite,TeamGroup,DDR4,PC용,1ea,미포함,8GB,2,400MHz,1.20V"
"G.SKILL  DDR4 32G PC4-19200 CL15 TRIDENT Z RGB (16Gx2),G.SKILL,DDR4,PC용,2ea,포함,32GB,2,400MHz,1.20V"
"TeamGroup T-Force DDR4 16G PC4-24000 CL16 DARK Gray (8Gx2),TeamGroup,DDR4,PC용,2ea,포함,16GB,3,000MHz,1.35V"
"G.SKILL  DDR4 8G PC4-17000 CL15 RIPJAWS V VS,G.SKILL,DDR4,PC용,1ea,포함,8GB,2,133MHz,1.20V"
"타무즈  노트북 DDR4 8G PC4-17000 CL15,타무즈,DDR4,노트북용,1ea,미포함,8GB,2,133MHz,1.20V"
"G.SKILL  DDR4 32G PC4-24000 CL14 TRIDENT Z RGB (16Gx2),G.SKILL,DDR4,PC용,2ea,포함,32GB,3,000MHz,1.35V"
"GeIL  DDR4 8G PC4-17000 CL15 SUPER LUCE BLACK 블루,GeIL,DDR4,PC용,1ea,포함,8GB,2,133MHz,1.20V"
"GeIL  DDR4 4G PC4-17000 CL15 SUPER LUCE BLACK 레드,GeIL,DDR4,PC용,1ea,포함,4GB,2,133MHz,1.20V"
"ESSENCORE KLEVV DDR4 4G PC4-17000 CL15,ESSENCORE,DDR4,PC용,1ea,미포함,4GB,2,133MHz,1.20V"
"G.SKILL  DDR4 8G PC4-19200 CL15 AEGIS,G.SKILL,DDR4,PC용,1ea,미포함,8GB,2,400MHz,1.20V"
"GeIL  DDR4 4G PC4-19200 CL16 EVO-X 화이트 RGB (4Gx1),GeIL,DDR4,PC용,1ea,포함,4GB,2,400MHz,1.20V"
"G.SKILL  DDR4 8G PC4-17000 CL15 RIPJAWS V VB,G.SKILL,DDR4,PC용,1ea,포함,8GB,2,133MHz,1.20V"
"G.SKILL  DDR4 32G PC4-26600 CL16 TRIDENT Z RGB (16Gx2),G.SKILL,DDR4,PC용,2ea,포함,32GB,3,333MHz,1.35V"
"G.SKILL  DDR4 16G PC4-28800 CL17 TRIDENT ZSW (8Gx2),G.SKILL,DDR4,PC용,2ea,포함,16GB,3,600MHz,1.35V"
"G.SKILL  DDR4 16G PC4-32000 CL19 TRIDENT ZSW (8Gx2),G.SKILL,DDR4,PC용,2ea,포함,16GB,4,000MHz,1.35V"
"CORSAIR  DDR4 16G PC4-25600 CL16 VENGEANCE LED 화이트 (8Gx2),CORSAIR,DDR4,PC용,2ea,포함,16GB,3,200MHz,1.35V"
"G.SKILL  DDR4 16G PC4-19200 CL15 AEGIS,G.SKILL,DDR4,PC용,1ea,미포함,16GB,2,400MHz,1.20V"
"GeIL  DDR4 16G PC4-19200 CL16 EVO-X RGB,GeIL,DDR4,PC용,1ea,포함,16GB,2,400MHz,1.20V"
"G.SKILL  DDR4 16G PC4-32000 CL19 TRIDENT Z (8Gx2),G.SKILL,DDR4,PC용,2ea,포함,16GB,4,000MHz,1.35V"
"G.SKILL  DDR4 8G PC4-19200 CL15 RIPJAWS V VB,G.SKILL,DDR4,PC용,1ea,포함,8GB,2,400MHz,1.20V"
"G.SKILL  DDR4 8G PC4-17000 CL15 NT,G.SKILL,DDR4,PC용,1ea,미포함,8GB,2,133MHz,1.20V"
"TeamGroup  DDR4 4G PC4-19200 Elite,TeamGroup,DDR4,PC용,1ea,미포함,4GB,2,400MHz,1.20V"
"TeamGroup T-Force DDR4 16G PC4-24000 CL16 Night Hawk Red (8Gx2),TeamGroup,DDR4,PC용,2ea,포함,16GB,3,000MHz,1.35V"
"G.SKILL  DDR4 16G PC4-32000 CL19 TRIDENT ZKW (8Gx2),G.SKILL,DDR4,PC용,2ea,포함,16GB,4,000MHz,1.35V"
"ESSENCORE KLEVV DDR3 16G PC3-17000 CL10 URBANE (8Gx2),ESSENCORE,DDR3,PC용,2ea,포함,16GB,2,133MHz,1.60V"
"CORSAIR  DDR4 16G PC4-21300 CL16 VENGEANCE LED 화이트 (8Gx2),CORSAIR,DDR4,PC용,2ea,포함,16GB,2,666MHz,1.20V"
"ESSENCORE KLEVV DDR3 8G PC3-17000 CL10 NEO (4Gx2),ESSENCORE,DDR3,PC용,2ea,포함,8GB,2,133MHz,1.60V"
"TeamGroup T-Force DDR4 32G PC4-25600 CL16 Night Hawk Red (16Gx2),TeamGroup,DDR4,PC용,2ea,포함,32GB,3,200MHz,1.35V"
"G.SKILL  DDR4 16G PC4-27700 CL16 TRIDENT Z RGB (8Gx2),G.SKILL,DDR4,PC용,2ea,포함,16GB,3,466MHz,1.35V"
"GeIL  DDR4 8G PC4-17000 CL15 SUPER LUCE BLACK 레드,GeIL,DDR4,PC용,1ea,포함,8GB,2,133MHz,1.20V"
"G.SKILL  DDR4 8G PC4-21300 CL15 RIPJAWS V VB,G.SKILL,DDR4,PC용,1ea,포함,8GB,2,666MHz,1.20V"
"G.SKILL  DDR4 16G PC4-28800 CL17 TRIDENT Z RGB (8Gx2),G.SKILL,DDR4,PC용,2ea,포함,16GB,3,600MHz,1.35V"
"GeIL  DDR4 4G PC4-19200 CL16 EVO-X RGB,GeIL,DDR4,PC용,1ea,포함,4GB,2,400MHz,1.20V"
"GeIL  DDR4 16G PC4-17000 CL15 SUPER LUCE BLACK 블루,GeIL,DDR4,PC용,1ea,포함,16GB,2,133MHz,1.20V"
"GeIL  DDR4 4G PC4-17000 CL15 SUPER LUCE WHITE 화이트,GeIL,DDR4,PC용,1ea,포함,4GB,2,133MHz,1.20V"
"TeamGroup  노트북 DDR4 16G PC4-17000,TeamGroup,DDR4,노트북용,1ea,미포함,16GB,2,133MHz,1.20V"
"G.SKILL  DDR4 16G PC4-28800 CL16 TRIDENT Z RGB (8Gx2),G.SKILL,DDR4,PC용,2ea,포함,16GB,3,600MHz,1.35V"
"G.SKILL  DDR4 4G PC4-19200 CL15 AEGIS,G.SKILL,DDR4,PC용,1ea,미포함,4GB,2,400MHz,1.20V"
"타무즈  DDR4 4G PC4-17000 CL15,타무즈,DDR4,PC용,1ea,미포함,4GB,2,133MHz,1.20V"
"G.SKILL  DDR4 16G PC4-25600 CL16 RIPJAWS V VK,G.SKILL,DDR4,PC용,1ea,포함,16GB,3,200MHz,1.35V"
"GeIL  DDR4 8G PC4-19200 CL15 SUPER LUCE WHITE 블루 (4Gx2),GeIL,DDR4,PC용,2ea,포함,8GB,2,400MHz,1.20V"
"GeIL  DDR4 32G PC4-24000 CL15 EVO-X 화이트 RGB (16Gx2),GeIL,DDR4,PC용,2ea,포함,32GB,3,000MHz,1.35V"
"G.SKILL  DDR4 16G PC4-17000 CL15 AEGIS,G.SKILL,DDR4,PC용,1ea,미포함,16GB,2,133MHz,1.20V"
"ESSENCORE KLEVV DDR3 8G PC3-22400 CL12 URBANE (4Gx2),ESSENCORE,DDR3,PC용,2ea,포함,8GB,2,800MHz,1.65V"
"GeIL  DDR4 8G PC4-19200 CL15 SUPER LUCE WHITE 레드 (4Gx2),GeIL,DDR4,PC용,2ea,포함,8GB,2,400MHz,1.20V"
"ESSENCORE KLEVV DDR4 16G PC4-24000 CL15 CRAS II RED (8Gx2),ESSENCORE,DDR4,PC용,2ea,포함,16GB,3,000MHz,1.35V"
"GeIL  DDR4 16G PC4-24000 CL16 SUPER LUCE BLACK 블루 (8Gx2),GeIL,DDR4,PC용,2ea,포함,16GB,3,000MHz,1.35V"
"G.SKILL  DDR4 4G PC4-17000 CL15 AEGIS,G.SKILL,DDR4,PC용,1ea,미포함,4GB,2,133MHz,1.20V"
"G.SKILL  DDR4 32G PC4-27700 CL16 TRIDENT Z RGB (16Gx2),G.SKILL,DDR4,PC용,2ea,포함,32GB,3,466MHz,1.35V"
"GeIL  DDR4 4G PC4-17000 CL15 SUPER LUCE WHITE 블루,GeIL,DDR4,PC용,1ea,포함,4GB,2,133MHz,1.20V"
"G.SKILL  DDR4 16G PC4-30900 CL18 TRIDENT Z RGB (8Gx2),G.SKILL,DDR4,PC용,2ea,포함,16GB,3,866MHz,1.35V"
"ESSENCORE KLEVV DDR3 8G PC3-12800 CL9 FIT Faker Edition (4Gx2),ESSENCORE,DDR3,PC용,2ea,포함,8GB,1,600MHz,1.50V"
"GeIL  DDR4 8G PC4-19200 CL15 SUPER LUCE BLACK 블루 (4Gx2),GeIL,DDR4,PC용,2ea,포함,8GB,2,400MHz,1.20V"
"GeIL  DDR4 16G PC4-17000 CL15 SUPER LUCE BLACK 화이트,GeIL,DDR4,PC용,1ea,포함,16GB,2,133MHz,1.20V"
"GeIL  DDR4 8G PC4-24000 CL15 EVO-X 화이트 RGB (4Gx2),GeIL,DDR4,PC용,2ea,포함,8GB,3,000MHz,1.35V"
"TeamGroup T-Force DDR4 16G PC4-21300 CL15 DARK Red (8Gx2),TeamGroup,DDR4,PC용,2ea,포함,16GB,2,666MHz,1.20V"
"CORSAIR  DDR4 16GB PC4-25600 CL16 VENGEANCE RGB (8Gx2),CORSAIR,DDR4,PC용,2ea,포함,16GB,3,200MHz,1.35V"
"TeamGroup T-Force DDR4 8G PC4-21300 CL15 VULCAN Red (4Gx2),TeamGroup,DDR4,PC용,2ea,포함,8GB,2,666MHz,1.20V"
"CORSAIR  DDR4 16G PC4-21300 CL16 VENGEANCE LED 레드 (8Gx2),CORSAIR,DDR4,PC용,2ea,포함,16GB,2,666MHz,1.20V"
"TeamGroup  DDR4 8G PC4-19200 New Elite Plus Black Gold,TeamGroup,DDR4,PC용,1ea,포함,8GB,2,400MHz,1.20V"
"CORSAIR  DDR4 32G PC4-28800 CL16 Dominator Platinum (8Gx4),CORSAIR,DDR4,PC용,4ea,포함,32GB,3,600MHz,1.20V"
"TeamGroup T-Force DDR4 16G PC4-19200 CL15 DARK Red,TeamGroup,DDR4,PC용,1ea,포함,16GB,2,400MHz,1.20V"
"GeIL  DDR4 16G PC4-24000 CL16 SUPER LUCE BLACK 레드 (8Gx2),GeIL,DDR4,PC용,2ea,포함,16GB,3,000MHz,1.35V"
"GeIL  DDR4 8G PC4-19200 CL15 SUPER LUCE BLACK 레드 (4Gx2),GeIL,DDR4,PC용,2ea,포함,8GB,2,400MHz,1.20V"
"G.SKILL  DDR4 16G PC4-17000 CL15 RIPJAWS V VR,G.SKILL,DDR4,PC용,1ea,포함,16GB,2,133MHz,1.20V"
"TeamGroup  DDR4 16G PC4-17000 Elite,TeamGroup,DDR4,PC용,1ea,미포함,16GB,2,133MHz,1.20V"
"G.SKILL  DDR4 32G PC4-25600 CL16 TRIDENT ZKO (16Gx2),G.SKILL,DDR4,PC용,2ea,포함,32GB,3,200MHz,1.35V"
"G.SKILL  DDR4 8G PC4-19200 CL15 RIPJAWS V VR,G.SKILL,DDR4,PC용,1ea,포함,8GB,2,400MHz,1.20V"
"타무즈  노트북 DDR4 4G PC4-17000 CL15,타무즈,DDR4,노트북용,1ea,미포함,4GB,2,133MHz,1.20V"
"마이크론 Crucial DDR4 8G PC4-17000 CT8G4DFS8213,마이크론,DDR4,PC용,1ea,미포함,8GB,2,133MHz,1.20V"
"CORSAIR  DDR4 32G PC4-25600 CL14 VENGEANCE LPX 레드 (8Gx4),CORSAIR,DDR4,PC용,4ea,포함,32GB,3,200MHz,1.35V"
"G.SKILL  DDR4 16G PC4-28800 CL17 TRIDENT ZKW (8Gx2),G.SKILL,DDR4,PC용,2ea,포함,16GB,3,600MHz,1.35V"
"G.SKILL  DDR4 16G PC4-25600 CL16 RIPJAWS V VKB (8Gx2),G.SKILL,DDR4,PC용,2ea,포함,16GB,3,200MHz,1.35V"
"G.SKILL  DDR4 8G PC4-21300 CL15 RIPJAWS V VS,G.SKILL,DDR4,PC용,1ea,포함,8GB,2,666MHz,1.20V"
"타무즈  노트북 DDR3 4G PC3-12800 CL11 1.35V,타무즈,DDR3,노트북용,1ea,미포함,4GB,1,600MHz,1.35V"
"GeIL  DDR4 4G PC4-17000 CL15 SUPER LUCE WHITE 레드,GeIL,DDR4,PC용,1ea,포함,4GB,2,133MHz,1.20V"
"G.SKILL  DDR4 16G PC4-25600 CL16 TRIDENT ZKY (8Gx2),G.SKILL,DDR4,PC용,2ea,포함,16GB,3,200MHz,1.35V"
"GeIL  DDR4 16G PC4-19200 CL15 SUPER LUCE WHITE 블루 (8Gx2),GeIL,DDR4,PC용,2ea,포함,16GB,2,400MHz,1.20V"
"G.SKILL  DDR4 16G PC4-19200 CL15 RIPJAWS V VS,G.SKILL,DDR4,PC용,1ea,포함,16GB,2,400MHz,1.20V"
"TeamGroup  노트북 DDR4 4G PC4-17000,TeamGroup,DDR4,노트북용,1ea,미포함,4GB,2,133MHz,1.20V"
"G.SKILL  DDR4 16G PC4-17000 CL15 RIPJAWS V VB,G.SKILL,DDR4,PC용,1ea,포함,16GB,2,133MHz,1.20V"
"G.SKILL  DDR4 16G PC4-21300 CL15 RIPJAWS V VR,G.SKILL,DDR4,PC용,1ea,포함,16GB,2,666MHz,1.20V"
"GeIL  DDR4 4G PC4-17000 CL15 SUPER LUCE BLACK 블루,GeIL,DDR4,PC용,1ea,포함,4GB,2,133MHz,1.20V"
"GeIL  DDR4 16G PC4-19200 CL15 SUPER LUCE BLACK 화이트 (8Gx2),GeIL,DDR4,PC용,2ea,포함,16GB,2,400MHz,1.20V"
"G.SKILL  DDR4 16G PC4-17000 CL15 RIPJAWS V VS,G.SKILL,DDR4,PC용,1ea,포함,16GB,2,133MHz,1.20V"
"G.SKILL  DDR4 32G PC4-24000 CL15 TRIDENT Z (16Gx2),G.SKILL,DDR4,PC용,2ea,포함,32GB,3,000MHz,1.35V"
"CORSAIR  DDR4 64G PC4-21300 CL15 Dominator Platinum (16Gx4),CORSAIR,DDR4,PC용,4ea,포함,64GB,2,666MHz,1.20V"
"G.SKILL  DDR4 16G PC4-19200 CL15 RIPJAWS V VR,G.SKILL,DDR4,PC용,1ea,포함,16GB,2,400MHz,1.20V"
"G.SKILL  DDR4 16G PC4-24000 CL15 RIPJAWS V VR,G.SKILL,DDR4,PC용,1ea,포함,16GB,3,000MHz,1.35V"
"G.SKILL  DDR4 16G PC4-24000 CL15 RIPJAWS V VRB (8Gx2),G.SKILL,DDR4,PC용,2ea,포함,16GB,3,000MHz,1.35V"
"G.SKILL  DDR4 16G PC4-25600 CL16 TRIDENT ZSW (8Gx2),G.SKILL,DDR4,PC용,2ea,포함,16GB,3,200MHz,1.35V"
"G.SKILL  DDR4 16G PC4-25600 CL16 RIPJAWS V VS (8Gx2),G.SKILL,DDR4,PC용,2ea,포함,16GB,3,200MHz,1.35V"
"TeamGroup T-Force DDR4 16G PC4-21300 CL15 DARK Gray (8Gx2),TeamGroup,DDR4,PC용,2ea,포함,16GB,2,666MHz,1.20V"
"TeamGroup  DDR4 16G PC4-19200 New Elite Plus Black Gold,TeamGroup,DDR4,PC용,1ea,포함,16GB,2,400MHz,1.20V"
"G.SKILL  DDR4 16G PC4-19200 CL15 RIPJAWS V VB,G.SKILL,DDR4,PC용,1ea,포함,16GB,2,400MHz,1.20V"
"타무즈  노트북 DDR3 4G PC3-10600 CL9,타무즈,DDR3,노트북용,1ea,미포함,4GB,1,333MHz,1.50V"
"GeIL  DDR4 16G PC4-19200 CL15 SUPER LUCE WHITE 그린 (8Gx2),GeIL,DDR4,PC용,2ea,포함,16GB,2,400MHz,1.20V"
"TeamGroup  노트북 DDR4 8G PC4-17000,TeamGroup,DDR4,노트북용,1ea,미포함,8GB,2,133MHz,1.20V"
"G.SKILL  DDR4 16G PC4-28800 CL17 TRIDENT Z (8Gx2),G.SKILL,DDR4,PC용,2ea,포함,16GB,3,600MHz,1.35V"
"GeIL  DDR4 32G PC4-19200 CL14 SUPER LUCE BLACK 레드 (16Gx2),GeIL,DDR4,PC용,2ea,포함,32GB,2,400MHz,1.20V"
"G.SKILL  DDR4 16G PC4-25600 CL16 TRIDENT ZKO (8Gx2),G.SKILL,DDR4,PC용,2ea,포함,16GB,3,200MHz,1.35V"
"GeIL  DDR4 16G PC4-24000 CL16 SUPER LUCE WHITE 블루 (8Gx2),GeIL,DDR4,PC용,2ea,포함,16GB,3,000MHz,1.35V"
"TeamGroup T-Force DDR4 16G PC4-22400 CL16 DARK Gray (8Gx2),TeamGroup,DDR4,PC용,2ea,포함,16GB,2,800MHz,1.20V"
"GeIL  DDR4 16G PC4-24000 CL16 SUPER LUCE WHITE 레드 (8Gx2),GeIL,DDR4,PC용,2ea,포함,16GB,3,000MHz,1.35V"
"GeIL  DDR4 4G PC4-17000 CL15 PRISTINE,GeIL,DDR4,PC용,1ea,미포함,4GB,2,133MHz,1.20V"
"G.SKILL  DDR4 16G PC4-25600 CL16 RIPJAWS V VR (8Gx2),G.SKILL,DDR4,PC용,2ea,포함,16GB,3,200MHz,1.35V"
"TeamGroup  DDR4 4G PC4-17000 Elite,TeamGroup,DDR4,PC용,1ea,미포함,4GB,2,133MHz,1.20V"
"G.SKILL  DDR4 64G PC4-28800 CL17 TRIDENT Z (16Gx4),G.SKILL,DDR4,PC용,4ea,포함,64GB,3,600MHz,1.35V"
"G.SKILL  DDR4 16G PC4-24000 CL15 RIPJAWS V VKB (8Gx2),G.SKILL,DDR4,PC용,2ea,포함,16GB,3,000MHz,1.35V"
"CORSAIR  DDR4 32G PC4-25600 CL16 VENGEANCE LPX 레드 (16Gx2),CORSAIR,DDR4,PC용,2ea,포함,32GB,3,200MHz,1.20V"
"G.SKILL  DDR4 8G PC4-24000 CL15 TRIDENT Z (4Gx2),G.SKILL,DDR4,PC용,2ea,포함,8GB,3,000MHz,1.35V"
"TeamGroup T-Force DDR4 16G PC4-19200 CL14 DARK Red (8Gx2),TeamGroup,DDR4,PC용,2ea,포함,16GB,2,400MHz,1.20V"
"GeIL  DDR4 4G PC4-17000 CL15 EVO-X 화이트 RGB (4Gx1),GeIL,DDR4,PC용,1ea,포함,4GB,2,133MHz,1.20V"
"GeIL  DDR4 16G PC4-19200 CL16 EVO FORZA 레드 (8Gx2),GeIL,DDR4,PC용,2ea,포함,16GB,2,400MHz,1.20V"
"CORSAIR  DDR4 16G PC4-21300 CL15 Dominator Platinum (8Gx2),CORSAIR,DDR4,PC용,2ea,포함,16GB,2,666MHz,1.20V"
"TeamGroup T-Force DDR4 8G PC4-21300 CL15 DARK Gray (4Gx2),TeamGroup,DDR4,PC용,2ea,포함,8GB,2,666MHz,1.20V"
"G.SKILL  DDR4 4G PC4-17000 CL15 NT (4Gx1),G.SKILL,DDR4,PC용,1ea,미포함,4GB,2,133MHz,1.20V"
"G.SKILL  DDR4 32G PC4-28800 CL17 TRIDENT Z RGB (16Gx2),G.SKILL,DDR4,PC용,2ea,포함,32GB,3,600MHz,1.35V"
"G.SKILL  DDR4 16G PC4-25600 CL16 RIPJAWS V VK (8Gx2),G.SKILL,DDR4,PC용,2ea,포함,16GB,3,200MHz,1.35V"
"TeamGroup  DDR4 4G PC4-17000 New Elite Plus Black Gold,TeamGroup,DDR4,PC용,1ea,포함,4GB,2,133MHz,1.20V"
"G.SKILL  DDR4 64G PC4-28800 CL17 TRIDENT ZKW (16Gx4),G.SKILL,DDR4,PC용,4ea,포함,64GB,3,600MHz,1.35V"
"G.SKILL  DDR4 16G PC4-27200 CL16 TRIDENT Z (8Gx2),G.SKILL,DDR4,PC용,2ea,포함,16GB,3,400MHz,1.35V"
"타무즈  노트북 DDR3 4G PC3-8500 CL7,타무즈,DDR3,노트북용,1ea,미포함,4GB,1,066MHz,1.50V"
"GeIL  DDR4 16G PC4-19200 CL15 SUPER LUCE BLACK 블루 (8Gx2),GeIL,DDR4,PC용,2ea,포함,16GB,2,400MHz,1.20V"
"G.SKILL  DDR4 16G PC4-24000 CL15 RIPJAWS V VS (8Gx2),G.SKILL,DDR4,PC용,2ea,포함,16GB,3,000MHz,1.35V"
"G.SKILL  DDR4 8G PC4-19200 CL15 NT,G.SKILL,DDR4,PC용,1ea,미포함,8GB,2,400MHz,1.20V"
"GeIL  DDR4 16G PC4-19200 CL15 SUPER LUCE WHITE 레드 (8Gx2),GeIL,DDR4,PC용,2ea,포함,16GB,2,400MHz,1.20V"
"타무즈  DDR4 4G PC4-19200 CL17,타무즈,DDR4,PC용,1ea,미포함,4GB,2,400MHz,1.20V"
"ESSENCORE KLEVV DDR3 16G PC3-14900 CL9 URBANE (8Gx2),ESSENCORE,DDR3,PC용,2ea,포함,16GB,1,866MHz,1.50V"
"CORSAIR  DDR4 16GB PC4-21300 CL16 VENGEANCE RGB (8Gx2),CORSAIR,DDR4,PC용,2ea,포함,16GB,2,666MHz,1.20V"
"TeamGroup T-Force DDR4 8G PC4-19200 CL14 DARK Red (4Gx2),TeamGroup,DDR4,PC용,2ea,포함,8GB,2,400MHz,1.20V"
"GeIL  DDR4 16G PC4-17000 CL15 SUPER LUCE BLACK 레드,GeIL,DDR4,PC용,1ea,포함,16GB,2,133MHz,1.20V"
"AVEXIR  DDR4 8G PC4-24000 CL16 RAIDEN (4Gx2),AVEXIR,DDR4,PC용,2ea,포함,8GB,3,000MHz,1.35V"
"TeamGroup T-Force DDR4 8G PC4-19200 CL14 VULCAN Gray,TeamGroup,DDR4,PC용,1ea,포함,8GB,2,400MHz,1.20V"
"TeamGroup T-Force DDR4 16G PC4-19200 CL14 VULCAN Red (8Gx2),TeamGroup,DDR4,PC용,2ea,포함,16GB,2,400MHz,1.20V"
"GeIL  DDR4 16G PC4-25600 CL16 EVO FORZA 레드 (8Gx2),GeIL,DDR4,PC용,2ea,포함,16GB,3,200MHz,1.35V"
"GeIL  DDR4 16G PC4-19200 CL15 SUPER LUCE BLACK 그린 (8Gx2),GeIL,DDR4,PC용,2ea,포함,16GB,2,400MHz,1.20V"
"GeIL  DDR4 8G PC4-17000 CL15 SUPER LUCE WHITE 블루,GeIL,DDR4,PC용,1ea,포함,8GB,2,133MHz,1.20V"
"TeamGroup T-Force DDR4 8G PC4-19200 CL14 DARK Gray (4Gx2),TeamGroup,DDR4,PC용,2ea,포함,8GB,2,400MHz,1.20V"
"TeamGroup  DDR4 8G PC4-17000 Elite,TeamGroup,DDR4,PC용,1ea,미포함,8GB,2,133MHz,1.20V"
"CORSAIR  DDR4 16G PC4-25600 CL16 VENGEANCE LPX 레드 (8Gx2),CORSAIR,DDR4,PC용,2ea,포함,16GB,3,200MHz,1.35V"
"TeamGroup T-Force DDR4 16G PC4-19200 CL14 DARK Gray (8Gx2),TeamGroup,DDR4,PC용,2ea,포함,16GB,2,400MHz,1.20V"
"CORSAIR  DDR4 16G PC4-25600 CL16 Dominator Platinum (8Gx2),CORSAIR,DDR4,PC용,2ea,포함,16GB,3,200MHz,1.35V"
"GeIL  DDR4 8G PC4-19200 CL15 SUPER LUCE WHITE 그린 (4Gx2),GeIL,DDR4,PC용,2ea,포함,8GB,2,400MHz,1.20V"
"GeIL  DDR4 8G PC4-17000 CL15 SUPER LUCE BLACK 화이트,GeIL,DDR4,PC용,1ea,포함,8GB,2,133MHz,1.20V"
"GeIL  DDR4 16G PC4-17000 CL15 EVO-X RGB,GeIL,DDR4,PC용,1ea,포함,16GB,2,133MHz,1.20V"
"GeIL  DDR4 8G PC4-17000 CL15 SUPER LUCE WHITE 레드,GeIL,DDR4,PC용,1ea,포함,8GB,2,133MHz,1.20V"
"ESSENCORE KLEVV DDR4 16G PC4-24000 CL15 CRAS II WHITE (8Gx2),ESSENCORE,DDR4,PC용,2ea,포함,16GB,3,000MHz,1.35V"
"GeIL  DDR4 16G PC4-24000 CL16 SUPER LUCE BLACK 화이트 (8Gx2),GeIL,DDR4,PC용,2ea,포함,16GB,3,000MHz,1.35V"
"CORSAIR  DDR4 16G PC4-24000 CL15 VENGEANCE LPX 레드 (4Gx4),CORSAIR,DDR4,PC용,4ea,포함,16GB,3,000MHz,1.35V"
"GeIL  DDR4 8G PC4-19200 CL15 SUPER LUCE BLACK 그린 (4Gx2),GeIL,DDR4,PC용,2ea,포함,8GB,2,400MHz,1.20V"
"G.SKILL  DDR4 16G PC4-24000 CL15 RIPJAWS V VR (8Gx2),G.SKILL,DDR4,PC용,2ea,포함,16GB,3,000MHz,1.35V"
"GeIL  DDR4 16G PC4-24000 CL15 EVO FORZA 레드 (8Gx2),GeIL,DDR4,PC용,2ea,포함,16GB,3,000MHz,1.20V"
"AVEXIR  DDR4 16G PC4-21300 CL15 RAIDEN (8Gx2),AVEXIR,DDR4,PC용,2ea,포함,16GB,2,666MHz,1.35V"
"CORSAIR  DDR4 64G PC4-27700 CL16 Dominator Platinum (16Gx4),CORSAIR,DDR4,PC용,4ea,포함,64GB,3,466MHz,1.35V"
"TeamGroup T-Force DDR4 4G PC4-19200 CL14 VULCAN Gray,TeamGroup,DDR4,PC용,1ea,포함,4GB,2,400MHz,1.20V"
"TeamGroup T-Force DDR4 16G PC4-25600 CL16 Night Hawk Red (8Gx2),TeamGroup,DDR4,PC용,2ea,포함,16GB,3,200MHz,1.35V"
"TeamGroup T-Force DDR4 8G PC4-19200 CL14 DARK Gray,TeamGroup,DDR4,PC용,1ea,포함,8GB,2,400MHz,1.20V"
"GeIL  DDR4 16G PC4-17000 CL15 SUPER LUCE WHITE 레드,GeIL,DDR4,PC용,1ea,포함,16GB,2,133MHz,1.20V"
"TeamGroup T-Force DDR4 8G PC4-19200 CL14 DARK Red,TeamGroup,DDR4,PC용,1ea,포함,8GB,2,400MHz,1.20V"
"GeIL  DDR4 4G PC4-17000 CL15 SUPER LUCE BLACK 화이트,GeIL,DDR4,PC용,1ea,포함,4GB,2,133MHz,1.20V"
"G.SKILL  DDR4 8G PC4-24000 CL15 RIPJAWS V VRB (4Gx2),G.SKILL,DDR4,PC용,2ea,포함,8GB,3,000MHz,1.35V"
"TeamGroup T-Force DDR4 8G PC4-21300 CL15 VULCAN Gray (4Gx2),TeamGroup,DDR4,PC용,2ea,포함,8GB,2,666MHz,1.20V"
"TeamGroup T-Force DDR4 32G PC4-21300 CL15 Night Hawk Red (16Gx2),TeamGroup,DDR4,PC용,2ea,포함,32GB,2,666MHz,1.20V"
"TeamGroup T-Force DDR4 8G PC4-21300 CL15 DARK Red (4Gx2),TeamGroup,DDR4,PC용,2ea,포함,8GB,2,666MHz,1.20V"
"GeIL  DDR4 4G PC4-17000 CL15 EVO-X RGB,GeIL,DDR4,PC용,1ea,포함,4GB,2,133MHz,1.20V"
"GeIL  DDR4 16G PC4-17000 CL15 SUPER LUCE WHITE 블루,GeIL,DDR4,PC용,1ea,포함,16GB,2,133MHz,1.20V"
"TeamGroup  DDR4 16G PC4-17000 New Elite Plus Black Gold,TeamGroup,DDR4,PC용,1ea,포함,16GB,2,133MHz,1.20V"
"TeamGroup T-Force DDR4 16G PC4-19200 CL15 VULCAN Gray,TeamGroup,DDR4,PC용,1ea,포함,16GB,2,400MHz,1.20V"
"GeIL  DDR4 16G PC4-19200 CL15 SUPER LUCE BLACK 레드 (8Gx2),GeIL,DDR4,PC용,2ea,포함,16GB,2,400MHz,1.20V"
"TeamGroup T-Force DDR4 16G PC4-22400 CL16 DARK Red (8Gx2),TeamGroup,DDR4,PC용,2ea,포함,16GB,2,800MHz,1.20V"
"G.SKILL  DDR4 16G PC4-30900 CL18 TRIDENT ZSW (8Gx2),G.SKILL,DDR4,PC용,2ea,포함,16GB,3,866MHz,1.35V"
"TeamGroup T-Force DDR4 4G PC4-19200 CL14 DARK Red,TeamGroup,DDR4,PC용,1ea,포함,4GB,2,400MHz,1.20V"
"G.SKILL  DDR4 4G PC4-19200 CL15 NT (4Gx1),G.SKILL,DDR4,PC용,1ea,미포함,4GB,2,400MHz,1.20V"
"TeamGroup T-Force DDR4 32G PC4-24000 CL16 Night Hawk Red (16Gx2),TeamGroup,DDR4,PC용,2ea,포함,32GB,3,000MHz,1.35V"
"CORSAIR  DDR4 64G PC4-24000 CL15 Dominator Platinum (16Gx4),CORSAIR,DDR4,PC용,4ea,포함,64GB,3,000MHz,1.35V"
"CORSAIR  DDR4 64G PC4-22400 CL14 Dominator Platinum (16Gx4),CORSAIR,DDR4,PC용,4ea,포함,64GB,2,800MHz,1.35V"
"TeamGroup T-Force DDR4 16G PC4-19200 CL14 VULCAN Gray (8Gx2),TeamGroup,DDR4,PC용,2ea,포함,16GB,2,400MHz,1.20V"
"TeamGroup T-Force DDR4 32G PC4-22400 CL16 Night Hawk Red (16Gx2),TeamGroup,DDR4,PC용,2ea,포함,32GB,2,800MHz,1.20V"
"G.SKILL  DDR4 16G PC4-30900 CL18 TRIDENT ZKW (8Gx2),G.SKILL,DDR4,PC용,2ea,포함,16GB,3,866MHz,1.35V"
"CORSAIR  DDR4 16G PC4-25600 CL16 VENGEANCE LED 레드 (8Gx2),CORSAIR,DDR4,PC용,2ea,포함,16GB,3,200MHz,1.35V"
"AVEXIR  DDR4 32G PC4-19200 CL16 CORE Series 레드 (16Gx2),AVEXIR,DDR4,PC용,2ea,포함,32GB,2,400MHz,1.20V"
"CORSAIR  DDR4 32G PC4-24000 CL15 Dominator Platinum (16Gx2),CORSAIR,DDR4,PC용,2ea,포함,32GB,3,000MHz,1.35V"
"CORSAIR  DDR4 32G PC4-25600 CL16 Dominator Platinum (16Gx2),CORSAIR,DDR4,PC용,2ea,포함,32GB,3,200MHz,1.35V"
"TeamGroup T-Force DDR4 16G PC4-21300 CL15 VULCAN Gray (8Gx2),TeamGroup,DDR4,PC용,2ea,포함,16GB,2,666MHz,1.20V"
"CORSAIR  DDR4 16G PC4-21300 CL16 VENGEANCE LPX 레드 (8Gx2),CORSAIR,DDR4,PC용,2ea,포함,16GB,2,666MHz,1.20V"
"G.SKILL  DDR4 16G PC4-34100 CL19 TRIDENT Z (8Gx2),G.SKILL,DDR4,PC용,2ea,포함,16GB,4,266MHz,1.40V"
"G.SKILL  DDR4 16G PC4-25600 CL14 FLARE X 블랙 DUAL (8Gx2),G.SKILL,DDR4,PC용,2ea,포함,16GB,3,200MHz,1.35V"
"G.SKILL  DDR4 16G PC4-34100 CL19 TRIDENT ZSW (8Gx2),G.SKILL,DDR4,PC용,2ea,포함,16GB,4,266MHz,1.40V"
"G.SKILL  DDR4 16G PC4-30900 CL18 TRIDENT Z (8Gx2),G.SKILL,DDR4,PC용,2ea,포함,16GB,3,866MHz,1.35V"
"TeamGroup T-Force DDR4 16G PC4-22400 CL16 Night Hawk Red (8Gx2),TeamGroup,DDR4,PC용,2ea,포함,16GB,2,800MHz,1.20V"
"TeamGroup T-Force DDR4 16G PC4-19200 CL15 DARK Gray,TeamGroup,DDR4,PC용,1ea,포함,16GB,2,400MHz,1.20V"
"CORSAIR  DDR4 16G PC4-27700 CL16 VENGEANCE LPX 레드 (8Gx2),CORSAIR,DDR4,PC용,2ea,포함,16GB,3,466MHz,1.35V"
"TeamGroup T-Force DDR4 8G PC4-19200 CL14 VULCAN Gray (4Gx2),TeamGroup,DDR4,PC용,2ea,포함,8GB,2,400MHz,1.20V"
"TeamGroup T-Force DDR4 4G PC4-19200 CL14 DARK Gray,TeamGroup,DDR4,PC용,1ea,포함,4GB,2,400MHz,1.20V"
"ADATA  DDR4 4G PC4-19200 CL16 XPG Z1 레드,ADATA,DDR4,PC용,1ea,포함,4GB,2,400MHz,1.20V"
"CORSAIR  DDR4 32G PC4-21300 CL16 VENGEANCE LED 화이트 (8Gx4),CORSAIR,DDR4,PC용,4ea,포함,32GB,2,666MHz,1.20V"
"ESSENCORE KLEVV DDR3 8G PC3-14900 CL9 URBANE (4Gx2),ESSENCORE,DDR3,PC용,2ea,포함,8GB,1,866MHz,1.50V"
"CORSAIR  DDR4 32GB PC4-21300 CL16 VENGEANCE RGB (8Gx4),CORSAIR,DDR4,PC용,4ea,포함,32GB,2,666MHz,1.20V"
"TeamGroup T-Force DDR4 16G PC4-19200 CL15 VULCAN Red,TeamGroup,DDR4,PC용,1ea,포함,16GB,2,400MHz,1.20V"
"CORSAIR  DDR4 32G PC4-21300 CL16 VENGEANCE LED (8Gx4),CORSAIR,DDR4,PC용,4ea,포함,32GB,2,666MHz,1.20V"
"TeamGroup T-Force DDR4 4G PC4-19200 CL14 VULCAN Red,TeamGroup,DDR4,PC용,1ea,포함,4GB,2,400MHz,1.20V"
"CORSAIR  DDR4 32G PC4-25600 CL16 VENGEANCE LED 레드 (16Gx2),CORSAIR,DDR4,PC용,2ea,포함,32GB,3,200MHz,1.35V"
"GeIL  DDR4 16G PC4-17000 CL15 EVO FORZA 레드,GeIL,DDR4,PC용,1ea,포함,16GB,2,133MHz,1.20V"
"G.SKILL  DDR4 16G PC4-34100 CL19 TRIDENT ZKW (8Gx2),G.SKILL,DDR4,PC용,2ea,포함,16GB,4,266MHz,1.40V"
"G.SKILL  DDR4 16G PC4-24000 CL15 TRIDENT Z (8Gx2),G.SKILL,DDR4,PC용,2ea,포함,16GB,3,000MHz,1.35V"
"ADATA  DDR4 4G PC4-19200 CL16 XPG Z1 화이트,ADATA,DDR4,PC용,1ea,포함,4GB,2,400MHz,1.20V"
"CORSAIR  DDR4 16G PC4-28800 CL18 VENGEANCE LPX 레드 (8Gx2),CORSAIR,DDR4,PC용,2ea,포함,16GB,3,600MHz,1.35V"
"ESSENCORE KLEVV DDR3 16G PC3-12800 CL9 NEO (8Gx2),ESSENCORE,DDR3,PC용,2ea,포함,16GB,1,600MHz,1.50V"
"GeIL  DDR4 8G PC4-17000 CL15 EVO FORZA 레드,GeIL,DDR4,PC용,1ea,포함,8GB,2,133MHz,1.20V"
"CORSAIR  DDR4 16G PC4-24000 CL15 Dominator Platinum (8Gx2),CORSAIR,DDR4,PC용,2ea,포함,16GB,3,000MHz,1.35V"
"CORSAIR  DDR4 32G PC4-27700 CL16 VENGEANCE LED 화이트 (8Gx4),CORSAIR,DDR4,PC용,4ea,포함,32GB,3,466MHz,1.35V"
"CORSAIR  DDR4 32G PC4-22400 CL14 Dominator Platinum (16Gx2),CORSAIR,DDR4,PC용,2ea,포함,32GB,2,800MHz,1.35V"
"CORSAIR  DDR4 32G PC4-22400 CL16 Dominator Platinum (16Gx2),CORSAIR,DDR4,PC용,2ea,포함,32GB,2,800MHz,1.20V"
"G.SKILL  DDR4 16G PC4-28800 CL17 RIPJAWS V VK (8Gx2),G.SKILL,DDR4,PC용,2ea,포함,16GB,3,600MHz,1.35V"
"G.SKILL  DDR4 16G PC4-33000 CL19 TRIDENT ZSWC (8Gx2),G.SKILL,DDR4,PC용,2ea,포함,16GB,4,133MHz,1.35V"
"CORSAIR  DDR4 32G PC4-27700 CL16 VENGEANCE LED 레드 (8Gx4),CORSAIR,DDR4,PC용,4ea,포함,32GB,3,466MHz,1.35V"
"CORSAIR  DDR4 32GB PC4-27700 CL16 VENGEANCE RGB (8Gx4),CORSAIR,DDR4,PC용,4ea,포함,32GB,3,466MHz,1.35V"
"G.SKILL  DDR4 16G PC4-33000 CL19 TRIDENT ZKWC (8Gx2),G.SKILL,DDR4,PC용,2ea,포함,16GB,4,133MHz,1.35V"
"CORSAIR  DDR4 32GB PC4-24000 C15 Vengeance LPX (8Gx4),CORSAIR,DDR4,PC용,4ea,포함,32GB,3,000MHz,1.35V"
"G.SKILL  DDR4 16G PC4-33000 CL19 TRIDENT ZC (8Gx2),G.SKILL,DDR4,PC용,2ea,포함,16GB,4,133MHz,1.35V"
"CORSAIR  DDR4 16G PC4-25600 CL16 VENGEANCE LED 블루 (8Gx2),CORSAIR,DDR4,PC용,2ea,포함,16GB,3,200MHz,1.35V"
"타무즈  DDR3 4G PC3-12800 CL11,타무즈,DDR3,PC용,1ea,미포함,4GB,1,600MHz,1.50V"
"CORSAIR  DDR4 64G PC4-26600 CL16 Dominator Platinum (16Gx4),CORSAIR,DDR4,PC용,4ea,포함,64GB,3,333MHz,1.35V"
"CORSAIR  DDR4 32G PC4-21300 CL15 Dominator Platinum (16Gx2),CORSAIR,DDR4,PC용,2ea,포함,32GB,2,666MHz,1.20V"
"CORSAIR  DDR4 16GB PC4-27700 CL16 VENGEANCE RGB (8Gx2),CORSAIR,DDR4,PC용,2ea,포함,16GB,3,466MHz,1.35V"
"CORSAIR  DDR4 32GB PC4-25600 CL16  VENGEANCE RGB (8Gx4),CORSAIR,DDR4,PC용,4ea,포함,32GB,3,200MHz,1.35V"
"ADATA  DDR4 8G PC4-19200 CL16 XPG Z1 화이트,ADATA,DDR4,PC용,1ea,포함,8GB,2,400MHz,1.20V"
"GeIL  DDR4 4G PC4-17000 CL15 SUPER LUCE BLACK 그린 (4Gx1),GeIL,DDR4,PC용,1ea,포함,4GB,2,133MHz,1.20V"
"G.SKILL  DDR4 16G PC4-27200 CL16 RIPJAWS V VK (8Gx2),G.SKILL,DDR4,PC용,2ea,포함,16GB,3,400MHz,1.35V"
"GeIL  DDR4 4G PC4-17000 CL15 SUPER LUCE WHITE 그린 (4Gx1),GeIL,DDR4,PC용,1ea,포함,4GB,2,133MHz,1.20V"
"ADATA  DDR4 8G PC4-19200 CL16 XPG Z1 레드,ADATA,DDR4,PC용,1ea,포함,8GB,2,400MHz,1.20V"
"GeIL  DDR4 8G PC4-17000 CL15 SUPER LUCE WHITE 그린,GeIL,DDR4,PC용,1ea,포함,8GB,2,133MHz,1.20V"
"ESSENCORE KLEVV DDR3 4G PC3-12800 CL9 FIT,ESSENCORE,DDR3,PC용,1ea,포함,4GB,1,600MHz,1.50V"
"ESSENCORE KLEVV DDR3 8G PC3-17000 CL10 URBANE (4Gx2),ESSENCORE,DDR3,PC용,2ea,포함,8GB,2,133MHz,1.60V"
"GeIL  DDR4 16G PC4-17000 CL15 SUPER LUCE WHITE 그린 (16Gx1),GeIL,DDR4,PC용,1ea,포함,16GB,2,133MHz,1.20V"
"AVEXIR  DDR4 8G PC4-21300 CL15 RAIDEN (4Gx2),AVEXIR,DDR4,PC용,2ea,포함,8GB,2,666MHz,1.35V"
"G.SKILL  DDR4 16G PC4-19200 CL16 FLARE X DUAL (8Gx2),G.SKILL,DDR4,PC용,2ea,포함,16GB,2,400MHz,1.20V"
"G.SKILL  DDR4 32G PC4-19200 CL16 FLARE X DUAL (16Gx2),G.SKILL,DDR4,PC용,2ea,포함,32GB,2,400MHz,1.20V"
"GeIL  DDR4 8G PC4-17000 CL15 SUPER LUCE BLACK 그린,GeIL,DDR4,PC용,1ea,포함,8GB,2,133MHz,1.20V"
"GeIL  DDR4 16G PC4-24000 CL15 SUPER LUCE BLACK 그린 (8Gx2),GeIL,DDR4,PC용,2ea,포함,16GB,3,000MHz,1.35V"
"CORSAIR  DDR4 32G PC4-25600 CL16 Dominator Platinum (8Gx4),CORSAIR,DDR4,PC용,4ea,포함,32GB,3,200MHz,1.35V"
"GeIL  DDR4 16G PC4-24000 CL15 SUPER LUCE WHITE 그린 (8Gx2),GeIL,DDR4,PC용,2ea,포함,16GB,3,000MHz,1.35V"
"ESSENCORE KLEVV DDR3 8G PC3-14900 CL10 FIT (4Gx2),ESSENCORE,DDR3,PC용,2ea,포함,8GB,1,866MHz,1.50V"
"ESSENCORE KLEVV DDR3 8G PC3-19200 CL11 NEO (4Gx2),ESSENCORE,DDR3,PC용,2ea,포함,8GB,2,400MHz,1.65V"
"ESSENCORE KLEVV DDR3 4G PC3-17000 CL10 FIT,ESSENCORE,DDR3,PC용,1ea,포함,4GB,2,133MHz,1.60V"
"GeIL  DDR4 16G PC4-25600 CL16 SUPER LUCE WHITE 레드 (8Gx2),GeIL,DDR4,PC용,2ea,포함,16GB,3,200MHz,1.35V"
"GeIL  DDR4 16G PC4-25600 CL16 SUPER LUCE WHITE 블루 (8Gx2),GeIL,DDR4,PC용,2ea,포함,16GB,3,200MHz,1.35V"
"CORSAIR  DDR4 16G PC4-19200 CL10 Dominator Platinum (8Gx2),CORSAIR,DDR4,PC용,2ea,포함,16GB,2,400MHz,1.35V"
"ESSENCORE KLEVV DDR3 8G PC3-14900 CL9 NEO (4Gx2),ESSENCORE,DDR3,PC용,2ea,포함,8GB,1,866MHz,1.50V"
"CORSAIR  DDR4 64G PC4-25600 CL16 Dominator Platinum (16Gx4),CORSAIR,DDR4,PC용,4ea,포함,64GB,3,200MHz,1.35V"
"CORSAIR  DDR4 32GB PC4-21300 CL16 VENGEANCE LED (16Gx2),CORSAIR,DDR4,PC용,2ea,포함,32GB,2,666MHz,1.20V"
"ESSENCORE KLEVV DDR3 8G PC3-17000 CL10 FIT (4Gx2),ESSENCORE,DDR3,PC용,2ea,포함,8GB,2,133MHz,1.60V"
"ESSENCORE KLEVV DDR3 8G PC3-12800 CL9 NEO (4Gx2),ESSENCORE,DDR3,PC용,2ea,포함,8GB,1,600MHz,1.50V"
"CORSAIR  DDR4 32G PC4-25600 CL16 Dominator Platinum ROG Edition (8Gx4),CORSAIR,DDR4,PC용,4ea,포함,32GB,3,200MHz,1.35V"
"GeIL  DDR4 16G PC4-25600 CL16 SUPER LUCE BLACK 블루 (8Gx2),GeIL,DDR4,PC용,2ea,포함,16GB,3,200MHz,1.35V"
"ESSENCORE KLEVV DDR3 4G PC3-14900 CL10 FIT,ESSENCORE,DDR3,PC용,1ea,포함,4GB,1,866MHz,1.50V"
"CORSAIR  DDR4 16G PC4-19200 CL14 VENGEANCE LPX 레드 (8Gx2),CORSAIR,DDR4,PC용,2ea,포함,16GB,2,400MHz,1.20V"
"ESSENCORE KLEVV DDR3 8G PC3-12800 CL9 URBANE (4Gx2)​,ESSENCORE,DDR3,PC용,2ea,포함,8GB,1,600MHz,1.50V"
"GeIL  DDR4 16G PC4-25600 CL16 SUPER LUCE WHITE 화이트 (8Gx2),GeIL,DDR4,PC용,2ea,포함,16GB,3,200MHz,1.35V"
"GeIL  DDR4 16G PC4-25600 CL16 SUPER LUCE BLACK 화이트 (8Gx2),GeIL,DDR4,PC용,2ea,포함,16GB,3,200MHz,1.35V"
"삼성전자  DDR4 4G PC4-19200,삼성전자,DDR4,PC용,1ea,미포함,4GB,2,400MHz,"
"삼성전자  노트북 DDR3 8G PC3-12800 1.35V(정품),삼성전자,DDR3,노트북용,1ea,미포함,8GB,1,600MHz,1.35V"
"삼성전자  노트북 DDR4 8G PC4-17000(정품),삼성전자,DDR4,노트북용,1ea,미포함,8GB,2,133MHz,"
"삼성전자  DDR3 4G PC3-10600(정품),삼성전자,DDR3,PC용,1ea,미포함,4GB,1,333MHz,1.50V"
"삼성전자  노트북 DDR3 4G PC3-12800 1.35V(정품),삼성전자,DDR3,노트북용,1ea,미포함,4GB,1,600MHz,1.35V"
"삼성전자  노트북 DDR3 4G PC3-10600(정품),삼성전자,DDR3,노트북용,1ea,미포함,4GB,1,333MHz,1.50V"
"삼성전자  노트북 DDR4 4G PC4-19200,삼성전자,DDR4,노트북용,1ea,미포함,4GB,2,400MHz,"
"삼성전자  DDR3 2G PC3-10600(정품),삼성전자,DDR3,PC용,1ea,,2GB,1,333MHz,1.50V"
"삼성전자  DDR3 2G PC3-12800(정품),삼성전자,DDR3,PC용,1ea,미포함,2GB,1,600MHz,1.50V"
"마이크론 Crucial DDR4 8G PC4-19200 CL17 아스크텍,마이크론,DDR4,PC용,1ea,미포함,8GB,2,400MHz,1.20V"
"삼성전자  DDR4 16G PC4-17000 ECC/REG(정품),삼성전자,DDR4,서버용,1ea,미포함,16GB,,"
"삼성전자  노트북 DDR3 4G PC3-8500(정품),삼성전자,DDR3,노트북용,1ea,미포함,4GB,1.066GHz,"
"삼성전자  노트북 DDR3 2G PC3-8500(정품),삼성전자,DDR3,노트북용,1ea,미포함,2GB,1.066GHz,"
"삼성전자  DDR3 2G PC3-8500(정품),삼성전자,DDR3,PC용,1ea,미포함,2GB,1.066GHz,"
"삼성전자  노트북 DDR3 2G PC3-10600(정품),삼성전자,DDR3,노트북용,1ea,미포함,2GB,1,333MHz,"
"삼성전자  노트북 DDR3 2G PC3-12800 1.35V(정품),삼성전자,DDR3,노트북용,1ea,미포함,2GB,1,600MHz,1.35V"
"삼성전자  DDR3 8G PC3-12800(병행수입),삼성전자,DDR3,PC용,1ea,미포함,8GB,1,600MHz,"
"삼성전자  DDR3 4G PC3-12800(병행수입),삼성전자,DDR3,PC용,1ea,미포함,4GB,1,600MHz,1.50V"
"마이크론 Crucial DDR4 4G PC4-19200 CL17 아스크텍,마이크론,DDR4,PC용,1ea,미포함,4GB,2,400MHz,1.20V"
"삼성전자  DDR3 4G PC3-10600(단품판매),삼성전자,DDR3,PC용,1ea,미포함,4GB,1,333MHz,"
"삼성전자  DDR4 8G PC4-17000 ECC/REG(정품),삼성전자,DDR4,서버용,1ea,미포함,8GB,,"
"킹스톤  DDR4 16G PC4-17000,킹스톤,DDR4,PC용,1ea,미포함,16GB,2,133MHz,1.20V"
"삼성전자  DDR3 8G PC3-12800 ECC/REG LP(정품),삼성전자,DDR3,서버용,1ea,포함,8GB,1,600MHz,"
"PATRIOT  DDR4 32G PC4-21300 CL15 VIPER XTREME (8Gx4),PATRIOT,DDR4,PC용,4ea,포함,32GB,2,666MHz,"
"PATRIOT  DDR4 16G PC4-22400 CL16 VIPER XTREME (4Gx4),PATRIOT,DDR4,PC용,4ea,포함,16GB,2,800MHz,"
"삼성전자  노트북 DDR3 1G PC3-10600(정품),삼성전자,DDR3,노트북용,1ea,미포함,1GB,1,333MHz,"
"삼성전자  DDR3 1G PC3-10600(정품),삼성전자,DDR3,PC용,1ea,미포함,1GB,1,333MHz,1.50V"
"삼성전자  DDR4 8G PC4-17000 ECC(정품),삼성전자,DDR4,서버용,1ea,미포함,8GB,,"
"PATRIOT  DDR4 16G PC4-19200 CL15 VIPER XTREME (4Gx4),PATRIOT,DDR4,PC용,4ea,포함,16GB,2,400MHz,1.20V"
"PATRIOT  DDR4 32G PC4-22400 CL16 VIPER XTREME (8Gx4),PATRIOT,DDR4,PC용,4ea,포함,32GB,2,800MHz,"
"삼성전자  DDR3 8G PC3-12800 ECC(정품),삼성전자,DDR3,서버용,1ea,포함,8GB,1,600MHz,"
"삼성전자  노트북 DDR3 2G PC3-10600(병행수입),삼성전자,DDR3,노트북용,1ea,미포함,2GB,1,333MHz,"
"삼성전자  노트북 DDR4 8G PC4-17000(병행수입),삼성전자,DDR4,노트북용,1ea,미포함,8GB,2,133MHz,"
"삼성전자  DDR3 4G PC3-12800 ECC(정품),삼성전자,DDR3,서버용,1ea,미포함,4GB,1,600MHz,"
"삼성전자  DDR3 2G PC3-10600(병행수입),삼성전자,DDR3,PC용,1ea,미포함,2GB,1,333MHz,1.50V"
"G.SKILL  DDR4 16G PC4-22400 CL16 RIPJAWS4 RR (4Gx4),G.SKILL,DDR4,PC용,4ea,포함,16GB,2,800MHz,1.20V"
"G.SKILL  DDR4 8G PC4-21300 CL15 RIPJAWS VR (4Gx2),G.SKILL,DDR4,PC용,2ea,포함,8GB,2,666MHz,1.20V"
"G.SKILL  DDR4 16G PC4-21300 CL15 RIPJAWS4 RR (8Gx2),G.SKILL,DDR4,PC용,2ea,포함,16GB,2,666MHz,1.20V"
"삼성전자  DDR3 1G PC3-8500(정품),삼성전자,DDR3,PC용,1ea,,1GB,1.066GHz,1.50V"
"G.SKILL  DDR4 16G PC4-22400 RIPJAWS VRB (8Gx2),G.SKILL,DDR4,PC용,2ea,포함,16GB,2,800MHz,1.25V"
"G.SKILL  DDR4 8G PC4-24000 CL15 RIPJAWS VR (4Gx2),G.SKILL,DDR4,PC용,2ea,포함,8GB,3,000MHz,1.35V"
"G.SKILL  DDR4 16G PC4-21300 CL15 RIPJAWS4 RR (4Gx4),G.SKILL,DDR4,PC용,4ea,포함,16GB,2,666MHz,1.20V"
