"마이크로닉스  Classic II 500W +12V Single Rail 85+,마이크로닉스,ATX 파워,정격 500W,표기 500W,20핀+4핀,120mm 팬,,O,O,O,,O"
"FSP  HYPER K 500W 80PLUS Standard 230V EU,FSP,ATX 파워,정격 500W,표기 500W,20핀+4핀,120mm 팬,O,,,O,,O"
"POWEREX  REX III 500W Triple V2.3,POWEREX,ATX 파워,정격 500W,표기 500W,20핀+4핀,120mm 팬,O,,,O,,"
"마이크로닉스  Classic II 700W +12V Single Rail 85+,마이크로닉스,ATX 파워,정격 700W,표기 700W,20핀+4핀,120mm 팬,,O,O,O,,O"
"마이크로닉스  Classic II 600W +12V Single Rail 85+,마이크로닉스,ATX 파워,정격 600W,표기 600W,20핀+4핀,120mm 팬,,O,O,O,,O"
"POWEREX  REX III 600W Triple V2.3,POWEREX,ATX 파워,정격 600W,표기 600W,,120mm 팬,O,,,O,,"
"잘만  ZM500-LEII,잘만,ATX 파워,정격 500W,표기 500W,20핀+4핀,120mm 팬,O,,,,,"
"POWEREX  REXIII DS 700W Single rail 12V DC to DC,POWEREX,ATX 파워,정격 700W,표기 700W,20핀+4핀,120mm 팬,O,,,O,,"
"쿨러마스터  MWE 500W 80PLUS Standard 230V EU,쿨러마스터,ATX 파워,정격 500W,,20핀+4핀,120mm 팬,O,,,O,,O"
"SuperFlower  SF-600R12A NOVA 80PLUS,SuperFlower,ATX 파워,정격 600W,,20핀+4핀,120mm 팬,O,,,,,O"
"EPITECH ENERGY OPTIMUS Mach III 500K v2.3,EPITECH,ATX 파워,정격 500W,표기 500W,20핀+4핀,120mm 팬,O,,,O,,"
"FSP  HYPER K 600W 80PLUS Standard 230V EU,FSP,ATX 파워,정격 600W,표기 600W,20핀+4핀,120mm 팬,,O,,,,O"
"SuperFlower  SF-650F14MT LEADEX SILVER,SuperFlower,ATX 파워,정격 650W,표기 650W,20핀+4핀,140mm 팬,O,,,,,O"
"SuperFlower  SF-650F14MT LEADEX SILVER (WHITE),SuperFlower,ATX 파워,정격 650W,표기 650W,20핀+4핀,140mm 팬,O,,,,,O"
"마이크로닉스  Performance II PV 700W 80Plus Bronze Surge 4K,마이크로닉스,ATX 파워,정격 700W,,20핀+4핀,120mm 팬,O,,O,O,,O"
"topower  TOP-500D 80PLUS BRONZE POP,topower,ATX 파워,정격 500W,표기 500W,20핀+4핀,120mm 팬,O,,,O,,O"
"잘만  ZM700-LEII,잘만,ATX 파워,정격 700W,표기 700W,20핀+4핀,120mm 팬,O,,,,,"
"iGuju  ELPIS SP-600EL,iGuju,ATX 파워,정격 600W,표기 600W,20핀+4핀,120mm 팬,O,,,,,"
"ANDYSON  R 1200W PLATINUM,ANDYSON,ATX 파워,정격 1200W,,20핀+4핀,135mm 팬,O,,,O,,O"
"잘만  ZM400-LEII,잘만,ATX 파워,정격 400W,표기 400W,20핀+4핀,120mm 팬,O,,,,,"
"마이크로닉스  Performance II HV 1000W Bronze,마이크로닉스,ATX 파워,표기 1000W,정격 1000W,20핀+4핀,135mm 팬,O,O,,O,,O"
"POWEREX  REX III 500W Edge +12V Single Rail,POWEREX,ATX 파워,정격 500W,,20핀+4핀,120mm 팬,O,,,O,,"
"POWEREX  LEGEND 800W Lite 80PLUS 브론즈,POWEREX,ATX 파워,정격 800W,표기 800W,20핀+4핀,120mm 팬,O,,,O,,O"
"ANDYSON  VENUS 500W +12V Single Rail,ANDYSON,ATX 파워,정격 500W,,20핀+4핀,120mm 팬,O,,,,,"
"SuperFlower  SF-500R14SE Silver Green FX,SuperFlower,ATX 파워,정격 500W,표기 500W,20핀+4핀,120mm 팬,O,,,,,O"
"GIGABYTE  G750H 80PLUS GOLD 모듈러,GIGABYTE,ATX 파워,정격 750W,표기 750W,20핀+4핀,140mm 팬,O,,,O,,O"
"EPITECH ENERGY OPTIMUS Mach III 600K v2.3,EPITECH,ATX 파워,정격 600W,표기 600W,20핀+4핀,120mm 팬,O,,,O,,"
"마이크로닉스  Cyclone II SE 350W +12V Single Rail 83+,마이크로닉스,ATX 파워,정격 350W,표기 350W,20핀+4핀,120mm 팬,O,,,,,"
"REX COOL  LV5 500,REX COOL,ATX 파워,,표기 500W,20핀+4핀,120mm 팬,,,O,,,"
"델타  GPS-550LB 80 PLUS BRONZE,델타,ATX 파워,정격 550W,,20핀+4핀,120mm 팬,O,,,O,,O"
"COOLMAX  FOCUS 500W 80Plus 230V EU,COOLMAX,ATX 파워,정격 500W,표기 500W,20핀+4핀,120mm 팬,O,,,,,O"
"Antec  NeoECO NE550C 80PLUS BRONZE,Antec,ATX 파워,정격 550W,,20핀+4핀,120mm 팬,O,,,O,,O"
"맥스엘리트  MAXWELL 600W 3.3V DC to DC FOR DDR4,맥스엘리트,ATX 파워,정격 600W,표기 600W,20핀+4핀,120mm 팬,O,,,O,,"
"SuperFlower  SF-850F14MT LEADEX SILVER,SuperFlower,ATX 파워,정격 850W,표기 850W,20핀+4핀,140mm 팬,O,,,,,O"
"topower  TOP-600D 80PLUS BRONZE POP,topower,ATX 파워,정격 600W,표기 600W,20핀+4핀,120mm 팬,O,,,O,,O"
"잘만  ZM600-LEII,잘만,ATX 파워,정격 600W,표기 600W,20핀+4핀,120mm 팬,O,,,,,"
"스파클텍  GPT500S 85+,스파클텍,ATX 파워,정격 500W,표기 500W,20핀+4핀,120mm 팬,O,,,O,,"
"ANDYSON  VENUS 600W +12V Single Rail,ANDYSON,ATX 파워,정격 600W,,20핀+4핀,120mm 팬,O,,,,,"
"GIGABYTE  PW400 80PLUS WHITE 유체베어링,GIGABYTE,ATX 파워,정격 400W,,20핀+4핀,120mm 팬,O,,,,,O"
"EPITECH ENERGY OPTIMUS PRIME K500,EPITECH,ATX 파워,정격 500W,표기 500W,20핀+4핀,120mm 팬,O,,,O,,"
"SuperFlower  SF-600R14SE Silver Green FX,SuperFlower,ATX 파워,정격 600W,표기 600W,20핀+4핀,120mm 팬,O,,,,,O"
"ANDYSON  JUPITER 500W BLUE LED +12V Single Rail 모듈러,ANDYSON,ATX 파워,정격 500W,,20핀+4핀,120mm 팬,O,,,,,"
"맥스엘리트  MAXWELL 500W 3.3V DC to DC FOR DDR4,맥스엘리트,ATX 파워,정격 500W,표기 500W,20핀+4핀,120mm 팬,O,,,O,,"
"맥스엘리트  MAXWELL 400W 3.3V DC to DC FOR DDR4,맥스엘리트,ATX 파워,정격 400W,표기 400W,20핀+4핀,120mm 팬,O,,,,,"
"FSP  Hydro 600W 80PLUS BRONZE 230V EU,FSP,ATX 파워,정격 600W,표기 600W,20핀+4핀,120mm 팬,O,,,O,,O"
"ANDYSON  MARS 550W BRONZE 모듈러,ANDYSON,ATX 파워,정격 550W,,20핀+4핀,120mm 팬,O,,,O,,O"
"델타  GPS-650JB 80 PLUS BRONZE,델타,ATX 파워,정격 650W,,20핀+4핀,120mm 팬,O,,,O,,O"
"FSP  Hydro G 650W,FSP,ATX 파워,정격 650W,표기 650W,20핀+4핀,135mm 팬,O,,,O,,O"
"엑슬비젼  BYSUO 파워맨 500SE KC 벌크,엑슬비젼,ATX 파워,정격 230W,표기 500W,20핀+4핀,120mm 팬,O,,,,,"
"시소닉  M12II-620 EVO 80PLUS 브론즈,시소닉,ATX 파워,정격 620W,표기 620W,20핀+4핀,120mm 팬,O,,,O,,O"
"iGuju  ELPIS SP-500EL,iGuju,ATX 파워,정격 500W,표기 500W,20핀+4핀,120mm 팬,O,,,,,"
"맥스엘리트  MAXWELL GAMING 500W 85PLUS,맥스엘리트,ATX 파워,정격 500W,,20핀+4핀,120mm 팬,O,,,,,"
"POWEREX  바쿠나 500W,POWEREX,ATX 파워,정격 500W,표기 500W,20핀+4핀,120mm 팬,O,,,O,,"
"스카이디지탈  파워스테이션3 PS3-850Q Bronze 80PLUS,스카이디지탈,ATX 파워,정격 850W,표기 850W,20핀+4핀,140mm 팬,O,,,O,,O"
"GIGABYTE  PB500 80PLUS BRONZE 유체베어링,GIGABYTE,ATX 파워,정격 500W,,20핀+4핀,120mm 팬,O,,,O,,O"
"잘만  ZM1200-EBT 80PLUS GOLD,잘만,ATX 파워,정격 1200W,표기 1200W,20핀+4핀,135mm 팬,O,O,,O,,O"
"마이크로닉스  Cyclone II 600W +12V Single Rail 83+,마이크로닉스,ATX 파워,정격 600W,표기 600W,20핀+4핀,120mm 팬,O,,,O,,"
"FSP  Hydro 500W 80PLUS BRONZE 230V EU,FSP,ATX 파워,정격 500W,표기 500W,20핀+4핀,120mm 팬,O,,,O,,O"
"POWEREX  LEGEND Modular 800W 80Plus 브론즈,POWEREX,ATX 파워,정격 800W,표기 800W,20핀+4핀,120mm 팬,O,,,O,,O"
"Antec  VP500P V2 A-PFC 88퍼센트,Antec,ATX 파워,정격 500W,표기 500W,20핀+4핀,120mm 팬,O,,,O,,"
"FSP  Hydro G 850W,FSP,ATX 파워,정격 850W,표기 850W,20핀+4핀,135mm 팬,O,,,O,,O"
"CORSAIR  RM850i 80PLUS GOLD,CORSAIR,ATX 파워,정격 850W,표기 850W,20핀+4핀,135mm 팬,O,,,O,,O"
"스카이디지탈  파워스테이션2 PS2-500CR 82퍼센트 ActivePFC v2.31,스카이디지탈,ATX 파워,정격 500W,표기 500W,20핀+4핀,120mm 팬,O,,,O,,"
"마이크로닉스  CASLON 500W After Cooling 87+ FDB,마이크로닉스,ATX 파워,정격 500W,표기 500W,20핀+4핀,120mm 팬,O,,O,O,,"
"Antec  HCG-850M LED 모듈러 80PLUS 브론즈,Antec,ATX 파워,정격 850W,표기 850W,20핀+4핀,135mm LED 팬,O,O,,O,,O"
"마이크로닉스  Strike X LED Series 750W 85plus Modular,마이크로닉스,ATX 파워,정격 750W,표기 750W,24핀 전용,135mm 팬,O,,,,,"
"POWEREX  REX III 600W Edge +12V Single Rail,POWEREX,ATX 파워,정격 600W,,20핀+4핀,120mm 팬,O,,,O,,"
"topower  TOP-500D 80PLUS Bronze,topower,ATX 파워,정격 500W,표기 500W,20핀+4핀,120mm 팬,O,,,O,,O"
"AONE  STORM 500LF 더블포워드 V2.3,AONE,ATX 파워,정격 500W,,20핀+4핀,120mm 팬,O,,,,,"
"마이크로닉스  ZERO POWER 400W,마이크로닉스,ATX 파워,정격 400W,표기 400W,20핀+4핀,120mm 팬,,O,,O,,"
"POWEREX  REX-S350,POWEREX,TFX 파워,정격 300W,표기 300W,20핀+4핀,80mm 팬,O,,,O,,"
"POWEREX  REX-u350+,POWEREX,M-ATX 파워,정격 300W,표기 300W,20핀+4핀,80mm 팬,,,O,O,,"
"잘만  ZM750-EBT 80PLUS GOLD,잘만,ATX 파워,정격 750W,표기 750W,20핀+4핀,135mm 팬,O,,,O,,O"
"CORSAIR  CX600 80PLUS BRONZE,CORSAIR,ATX 파워,정격 600W,표기 600W,20핀+4핀,120mm 팬,O,,,O,,O"
"스파클텍  GPK600S 80PLUS BRONZE 프리볼트,스파클텍,ATX 파워,정격 600W,,20핀+4핀,120mm 팬,O,,,O,,O"
"COOLMAX  FOCUS 600W 80Plus 230V EU,COOLMAX,ATX 파워,정격 600W,표기 600W,20핀+4핀,120mm 팬,O,,,,,O"
"FSP  AURUM PT1200W,FSP,ATX 파워,정격 1200W,표기 1200W,20핀+4핀,135mm 팬,O,,,O,,O"
"마이크로닉스  Cyclone II 400W +12V Single Rail 83+,마이크로닉스,ATX 파워,정격 400W,표기 400W,20핀+4핀,120mm 팬,O,,,O,,"
"CORSAIR PROFESSIONAL SERIES AX1500i 80PLUS TITANIUM,CORSAIR,ATX 파워,정격 1500W,표기 1500W,20핀+4핀,140mm 팬,O,,,O,,O"
"마이크로닉스  Performance II PV 600W 80Plus Bronze Surge 4K,마이크로닉스,ATX 파워,정격 600W,,20핀+4핀,120mm 팬,O,,O,O,,O"
"FSP  Hydro G 750W,FSP,ATX 파워,정격 750W,표기 750W,20핀+4핀,135mm 팬,O,,,O,,O"
"마이크로닉스  Cyclone II 500W +12V Single Rail 83+,마이크로닉스,ATX 파워,정격 500W,표기 500W,20핀+4핀,120mm 팬,O,,,O,,"
"FSP  FSP500-50HPN 85+,FSP,ATX 파워,정격 500W,표기 500W,20핀+4핀,120mm 팬,O,,,O,,"
"CORSAIR  RM650x 80PLUS GOLD,CORSAIR,ATX 파워,정격 650W,표기 650W,20핀+4핀,135mm 팬,O,,,O,,O"
"잘만  ZM1000-ARX 80PLUS PLATINUM,잘만,ATX 파워,정격 1000W,,20핀+4핀,135mm 팬,O,O,,O,,O"
"잘만  ZM850-EBT 80PLUS GOLD,잘만,ATX 파워,정격 850W,표기 850W,20핀+4핀,135mm 팬,O,O,,O,,O"
"SuperFlower  SF-1000F14MP LEADEX PLATINUM,SuperFlower,ATX 파워,정격 1000W,표기 1000W,20핀+4핀,140mm,O,O,,O,,O"
"마이크로닉스  ZERO POWER 600W,마이크로닉스,ATX 파워,정격 600W,표기 600W,20핀+4핀,120mm 팬,,O,,O,,"
"잘만  ZM650-XG,잘만,ATX 파워,정격 650W,표기 650W,20핀+4핀,140mm 팬,O,,,O,,O"
"잘만  ZM600-GVM 600W 80 PLUS BRONZE,잘만,ATX 파워,정격 600W,표기 600W,20핀+4핀,120mm 팬,O,,,O,,O"
"POWEREX  LEGEND 500W GOLD,POWEREX,ATX 파워,정격 500W,표기 500W,20핀+4핀,120mm 팬,O,,,O,,O"
"Antec  VPF 650 80PLUS 브론즈,Antec,ATX 파워,정격 650W,표기 650W,20핀+4핀,120mm 팬,O,,,O,,O"
"GIGABYTE  B700H 80PLUS BRONZE 모듈러,GIGABYTE,ATX 파워,정격 700W,표기 700W,20핀+4핀,120mm 팬,O,,,O,,O"
"AONE  Micro 450P KC,AONE,M-ATX 파워,,표기 450W,20핀+4핀,80mm 팬,,,O,,,"
"마이크로닉스  Performance II PV 500W 80Plus Bronze Surge 4K,마이크로닉스,ATX 파워,정격 500W,,20핀+4핀,120mm 팬,O,,O,O,,O"
"맥스엘리트  MAXWELL GAMING 600W 85PLUS,맥스엘리트,ATX 파워,정격 600W,,20핀+4핀,120mm 팬,O,,,,,"
"시소닉  P-1200 80PLUS PLATINUM,시소닉,ATX 파워,정격 1200W,표기 1200W,20핀+4핀,120mm 팬,O,O,,O,,O"
"AONE  태왕 TFX-450T KC,AONE,TFX 파워,,표기 450W,20핀+4핀,80mm 팬,,,O,,,"
"CORSAIR  SF600 80PLUS GOLD,CORSAIR,SFX 파워,정격 600W,표기 600W,20핀+4핀,92mm 팬,O,,,,,O"
"POWEREX  PREMIUM 500W 벌크,POWEREX,ATX 파워,정격 500W,표기 500W,20핀+4핀,120mm 팬,O,,,O,,"
"스카이디지탈  파워스테이션4 PS4-350M 86P ActivePFC V2.31,스카이디지탈,M-ATX 파워,정격 350W,표기 350W,24핀 전용,60mm 팬,O,,,O,,"
"CORSAIR  VS650 80PLUS STANDARD,CORSAIR,ATX 파워,정격 650W,표기 650W,20핀+4핀,120mm 팬,O,,,O,,O"
"POWEREX  REX-u450,POWEREX,M-ATX 파워,정격 400W,표기 450W,20핀+4핀,120mm 팬,O,,,,,"
"CORSAIR  RM850x 80PLUS GOLD,CORSAIR,ATX 파워,정격 850W,표기 850W,20핀+4핀,135mm 팬,O,,,O,,O"
"마이크로닉스  ZERO POWER 500W,마이크로닉스,ATX 파워,정격 500W,표기 500W,20핀+4핀,120mm 팬,,O,,O,,"
"Enermax  RevolutionXt II ERX750AWT,Enermax,ATX 파워,정격 750W,,24핀 전용,120mm 팬,O,,,O,,O"
"FSP  FSP550-50KPN,FSP,ATX 파워,정격 550W,표기 550W,20핀+4핀,120mm 팬,O,,,O,,"
"REX COOL  SILENT TFX TG-450,REX COOL,TFX 파워,정격 230W,,20핀+4핀,80mm 팬,,,O,,,"
"SuperFlower  SF-500R12A NOVA 80PLUS,SuperFlower,ATX 파워,정격 500W,,20핀+4핀,120mm 팬,O,,,,,O"
"POWEREX  BLACKQ II 500W 80PLUS(정품),POWEREX,ATX 파워,정격 500W,표기 500W,20핀+4핀,120mm 팬,O,,,O,,O"
"SuperFlower  SF-600R12A NOVA,SuperFlower,ATX 파워,정격 600W,표기 600W,20핀+4핀,120mm 팬,O,,,,,"
"Antec  EDGE650 GOLD LED 풀모듈러,Antec,ATX 파워,정격 650W,표기 650W,20핀+4핀,135mm 팬,O,,,O,,O"
"잘만  ZM600-TX 80Plus 230V EU,잘만,ATX 파워,정격 600W,표기 600W,20핀+4핀,140mm 팬,O,,,O,,O"
"잘만  ZM700-GVM 700W 80 PLUS BRONZE,잘만,ATX 파워,정격 700W,표기 700W,20핀+4핀,120mm 팬,O,,,O,,O"
"SuperFlower  SF-750F14MG II LEADEX GOLD,SuperFlower,ATX 파워,정격 750W,표기 750W,20핀+4핀,135mm 팬,O,,,,,O"
"SuperFlower  SF-850F14MP LEADEX PLATINUM,SuperFlower,ATX 파워,정격 850W,표기 850W,20핀+4핀,140mm,O,O,,O,,O"
"마이크로닉스  ASTRO GD 650W 80PLUS GOLD,마이크로닉스,ATX 파워,정격 650W,표기 650W,20핀+4핀,135mm 팬,,O,O,O,,O"
"Antec  VP600P,Antec,ATX 파워,정격 600W,표기 600W,20핀+4핀,120mm 팬,O,,,O,,"
"스파클텍  GPK500S 80PLUS BRONZE 프리볼트,스파클텍,ATX 파워,정격 500W,,20핀+4핀,120mm 팬,O,,,O,,O"
"POWEREX  BLACKQ II 600W 80PLUS,POWEREX,ATX 파워,정격 600W,표기 600W,20핀+4핀,120mm 팬,O,,,O,,O"
"Antec  EDGE750 GOLD LED 풀모듈러,Antec,ATX 파워,정격 750W,표기 750W,20핀+4핀,135mm 팬,O,O,,O,,O"
"topower  TOP-600D 80PLUS BRONZE,topower,ATX 파워,정격 600W,표기 600W,,120mm 팬,O,,,O,,O"
"잘만  ZM500-TX 80Plus 230V EU,잘만,ATX 파워,정격 500W,표기 500W,20핀+4핀,140mm 팬,O,,,O,,O"
"POWEREX  LEGEND 1200W Modular 80Plus Gold Sleeve Edition,POWEREX,ATX 파워,정격 1200W,,20핀+4핀,135mm 팬,O,,,,,O"
"AONE  STORM 500LF 더블포워드 V2.3 벌크,AONE,ATX 파워,정격 500W,,20핀+4핀,120mm 팬,O,,,,,"
"마이크로닉스  CASLON 600W After Cooling 87+ FDB,마이크로닉스,ATX 파워,정격 600W,표기 600W,20핀+4핀,120mm 팬,O,,O,O,,"
"POWEREX  REXIII DS 500W Single Rail DC to DC,POWEREX,ATX 파워,정격 500W,표기 500W,20핀+4핀,120mm 팬,O,,,O,,"
"EPITECH ENERGY OPTIMUS S500,EPITECH,ATX 파워,정격 200W,,20핀+4핀,120mm 팬,,,O,,,"
"퍼스트큐브씨앤씨  First CUBE 450GM VALUE,퍼스트큐브씨앤씨,M-ATX 파워,정격 230W,,20핀+4핀,80mm 팬,,,O,,,"
"FSP  HYPER M 600W Modular 85+,FSP,ATX 파워,정격 600W,표기 600W,20핀+4핀,120mm 팬,O,,,O,,"
"마이크로닉스  Strike X LED Series 650W 85plus Modular,마이크로닉스,ATX 파워,정격 650W,표기 650W,24핀 전용,135mm 팬,O,,,,,"
"POWEREX  LEGEND 700W 80PLUS 브론즈,POWEREX,ATX 파워,정격 700W,표기 700W,20핀+4핀,120mm 팬,O,,,O,,O"
"CORSAIR  CX500 80PLUS BRONZE,CORSAIR,ATX 파워,정격 500W,표기 500W,20핀+4핀,120mm 팬,O,,,O,,O"
"마이크로닉스  Compact SFX 350W 80Plus Bronze,마이크로닉스,SFX 파워,정격 350W,표기 350W,20핀+4핀,80mm 팬,O,,,O,,O"
"FSP  AURUM PT-650M,FSP,ATX 파워,정격 650W,표기 650W,20핀+4핀,120mm 팬,O,,,O,,O"
"FSP  FSP400-60GHS(85),FSP,M-ATX 파워,정격 400W,표기 400W,20핀+4핀,80mm 팬,O,,,,,"
"마이크로닉스  Compact TFX 350W 80Plus EU Standard,마이크로닉스,TFX 파워,정격 350W,표기 350W,20핀+4핀,80mm 팬,O,,,O,,O"
"POWEREX  LEGEND 500W GOLD PLUS,POWEREX,ATX 파워,정격 500W,표기 500W,20핀+4핀,120mm 팬,O,,,O,,O"
"스카이디지탈  파워스테이션4 PS4-350T 86P ActivePFC V2.31,스카이디지탈,TFX 파워,정격 350W,표기 350W,24핀 전용,80mm 팬,O,,,O,,"
"SuperFlower  SF-1000F14MG LEADEX GOLD,SuperFlower,ATX 파워,정격 1000W,표기 1000W,20핀+4핀,140mm,O,O,,O,,O"
"AONE  CARE Micro 500HP KC,AONE,M-ATX 파워,,표기 500W,20핀+4핀,80mm 팬,O,,,,,"
"CORSAIR  RM1000i 80PLUS GOLD,CORSAIR,ATX 파워,정격 1000W,표기 1000W,20핀+4핀,135mm 팬,O,,,O,,O"
"마이크로닉스  ASTRO GD 750W 80PLUS GOLD,마이크로닉스,ATX 파워,정격 750W,표기 750W,20핀+4핀,135mm 팬,,O,O,O,,O"
"topower  TOP-530A P1 80PLUS STANDARD,topower,ATX 파워,정격 530W,,20핀+4핀,120mm 팬,O,,,O,,O"
"Antec  EDGE550 GOLD LED 풀모듈러,Antec,ATX 파워,정격 550W,표기 550W,20핀+4핀,135mm 팬,O,,,O,,O"
"잘만  ZM850-ARX 80PLUS PLATINUM,잘만,ATX 파워,정격 850W,,20핀+4핀,135mm 팬,O,O,,O,,O"
"COUGAR  STX550 80PLUS 230V EU BRAVOTEC,COUGAR,ATX 파워,정격 550W,표기 550W,20핀+4핀,120mm 팬,O,,,,,O"
"POWEREX  REX III Modular 500W Triple V2.3,POWEREX,ATX 파워,정격 500W,표기 500W,20핀+4핀,120mm 팬,O,,,,,"
"잘만  ZM750-ARX 80PLUS PLATINUM,잘만,ATX 파워,정격 750W,,20핀+4핀,135mm 팬,O,O,,O,,O"
"마이크로닉스  Strike X LED Series 550W 85plus Modular,마이크로닉스,ATX 파워,정격 550W,표기 550W,24핀 전용,135mm 팬,O,,,,,"
"POWEREX  REX-200U,POWEREX,FLEX 파워,정격 200W,표기 200W,20핀+4핀,40mm,,,O,O,,"
"시소닉  HYDANCE HY-600CT Active PFC 80PLUS BRONZE,시소닉,ATX 파워,정격 600W,표기 600W,20핀+4핀,120mm 팬,O,,,,,O"
"POWEREX  LEGEND Modular 800W 80Plus 골드,POWEREX,ATX 파워,정격 800W,표기 800W,20핀+4핀,135mm 팬,O,,,O,,O"
"스카이디지탈  파워스테이션3 PS3-600KO 80PLUS ActivePFC V2.31,스카이디지탈,ATX 파워,정격 600W,표기 600W,20핀+4핀,120mm 팬,O,,,O,,O"
"쿨러마스터  MasterWatt 1500W 80PLUS TITANIUM,쿨러마스터,ATX 파워,정격 1500W,,20핀+4핀,135mm 팬,O,,,O,,O"
"스카이디지탈  파워스테이션4 PS4-600F 80PLUS 실버 ActivePFC V2.31,스카이디지탈,ATX 파워,정격 600W,표기 600W,20핀+4핀,120mm 팬,O,,,,,O"
"SuperFlower  SF-650F14MG II LEADEX GOLD,SuperFlower,ATX 파워,정격 650W,표기 650W,20핀+4핀,135mm 팬,O,,,,,O"
"FSP  FSP600-50HPN 85+,FSP,ATX 파워,정격 600W,표기 600W,24핀 전용,120mm 팬,O,,,O,,"
"AONE  TFX-500P KC,AONE,TFX 파워,,표기 500W,20핀+4핀,80mm 팬,,,O,,,"
"POWEREX  바쿠나 400W 벌크,POWEREX,ATX 파워,정격 400W,표기 400W,24핀 전용,120mm 팬,,,O,,,"
"에너지 옵티머스 ENERGY OPTIMUS IceQ 600K,에너지 옵티머스,ATX 파워,정격 300W,,20핀+4핀,120mm 팬,O,,,,,"
"CORSAIR  HX1000i 80PLUS PLATINUM(정품),CORSAIR,ATX 파워,정격 1000W,표기 1000W,20핀+4핀,140mm,O,,,O,,O"
"마이크로닉스  New Performance 500W 80Plus Bronze Change-up,마이크로닉스,ATX 파워,정격 500W,표기 500W,20핀+4핀,135mm 팬,,O,O,O,,O"
"SuperFlower  SF-500P14XE GOLDEN GREEN HX,SuperFlower,ATX 파워,정격 500W,표기 500W,20핀+4핀,120mm 팬,O,,,,,O"
"마이크로닉스  ASTRO GD 550W 80PLUS GOLD,마이크로닉스,ATX 파워,500W~599W,표기 550W,20핀+4핀,135mm 팬,,O,O,O,,O"
"Antec  TP-750C 80PLUS GOLD,Antec,ATX 파워,정격 750W,표기 750W,,120mm 팬,O,,,O,,O"
"POWEREX  바쿠나 600W,POWEREX,ATX 파워,정격 600W,표기 600W,20핀+4핀,120mm 팬,O,,,O,,"
"FSP  HYPER 500W,FSP,ATX 파워,정격 500W,표기 500W,20핀+4핀,120mm 팬,O,,,O,,O"
"마이크로닉스  New Performance 600W 80Plus Bronze Change-up,마이크로닉스,ATX 파워,정격 600W,표기 600W,20핀+4핀,135mm 팬,,O,O,O,,O"
"Antec  NeoECO NE650C 80PLUS BRONZE,Antec,ATX 파워,정격 650W,,20핀+4핀,120mm 팬,O,,,O,,O"
"마이크로닉스  Compact SFX 300W 80Plus Bronze,마이크로닉스,SFX 파워,정격 300W,표기 300W,,80mm 팬,O,,,O,,O"
"POWEREX  바쿠나 350W 벌크,POWEREX,ATX 파워,정격 350W,표기 350W,24핀 전용,120mm 팬,,,O,,,"
"POWEREX  LEGEND 600W 80PLUS 브론즈,POWEREX,ATX 파워,정격 600W,표기 600W,20핀+4핀,120mm 팬,O,,,O,,O"
"마이크로닉스  New Performance 700W 80Plus Bronze 프리볼트,마이크로닉스,ATX 파워,정격 700W,표기 700W,20핀+4핀,135mm 팬,,O,O,O,,O"
"CORSAIR  RM750x 80PLUS GOLD,CORSAIR,ATX 파워,정격 750W,표기 750W,20핀+4핀,135mm 팬,O,,,O,,O"
"FSP  AURUM PT-550M,FSP,ATX 파워,정격 550W,표기 550W,20핀+4핀,120mm 팬,O,,,O,,O"
"FSP  FSP300-60GHS(85),FSP,SFX 파워,정격 300W,표기 300W,20핀+4핀,80mm 팬,O,,,O,,O"
"POWEREX  REX III 450W Triple V2.3,POWEREX,ATX 파워,정격 450W,표기 450W,20핀+4핀,120mm 팬,O,,,O,,"
"POWEREX  REX 5 600W Triple V2.3,POWEREX,ATX 파워,정격 600W,표기 600W,20핀+4핀,120mm 팬,O,,,O,,"
"POWEREX  REX III 400W Triple V2.3,POWEREX,ATX 파워,정격 400W,표기 400W,20핀+4핀,120mm 팬,O,,,O,,"
"CORSAIR  HX1200i 80PLUS PLATINUM,CORSAIR,ATX 파워,정격 1200W,표기 1200W,20핀+4핀,140mm 팬,O,,,O,,O"
"AONE  태왕 EP600L KC,AONE,ATX 파워,,표기 600W,20핀+4핀,120mm 팬,O,,,,,"
"POWEREX  REXIII DS 600W Single Rail DC to DC,POWEREX,ATX 파워,정격 600W,표기 600W,20핀+4핀,120mm 팬,O,,,O,,"
"POWEREX  REX 5 500W Triple V2.3,POWEREX,ATX 파워,정격 500W,표기 500W,20핀+4핀,120mm 팬,O,,,O,,"
"POWEREX  BLACK HAWK 650W,POWEREX,ATX 파워,정격 650W,표기 650W,20핀+4핀,120mm 팬,O,,,O,,O"
"POWEREX  REX-S350P PFC Single 85+,POWEREX,TFX 파워,정격 300W,표기 300W,20핀+4핀,80mm 팬,O,,,,,"
"쿨러마스터  V1000,쿨러마스터,ATX 파워,1000W 이상,,20핀+4핀,135mm 팬,O,,,O,,O"
"AONE  STORM 400LF 더블포워드 V2.3,AONE,ATX 파워,정격 400W,,20핀+4핀,120mm 팬,O,,,,,"
"FSP  AURUM PT850W,FSP,ATX 파워,정격 850W,표기 850W,20핀+4핀,135mm 팬,O,,,O,,O"
"Antec  HCP-1000 Platinum,Antec,ATX 파워,정격 1000W,표기 1000W,20핀+4핀,135mm 팬,O,O,,O,O,O"
"시소닉  P-1050 80PLUS PLATINUM SnowSilent,시소닉,ATX 파워,정격 1050W,표기 1050W,20핀+4핀,120mm 팬,O,O,,O,,O"
"POWEREX  VACUNA PRO GAMING,POWEREX,ATX 파워,정격 400W,표기 400W,20핀+4핀,120mm 팬,O,,,,,"
"Antec  TP-650C 80PLUS GOLD,Antec,ATX 파워,정격 650W,표기 650W,20핀+4핀,120mm 팬,O,,,O,,O"
"FSP  RAIDER RA550,FSP,ATX 파워,정격 550W,표기 550W,24핀 전용,120mm 팬,O,,,O,,O"
"마이크로닉스  New Performance 600W 80Plus Bronze 프리볼트,마이크로닉스,ATX 파워,정격 600W,표기 600W,20핀+4핀,135mm 팬,,O,O,O,,O"
"SuperFlower  SF-600P14XE Golden Green HX,SuperFlower,ATX 파워,정격 600W,표기 600W,20핀+4핀,120mm 팬,O,,,,,O"
"케이씨컴 아이리스 M450Si 벌크,케이씨컴,M-ATX 파워,정격 200W,표기 450W,20핀+4핀,80mm 팬,,,O,,,"
"스카이디지탈  파워스테이션3 PS3-850Q Gold 80PLUS,스카이디지탈,ATX 파워,정격 850W,표기 850W,20핀+4핀,140mm 팬,O,,,O,,O"
"FSP  FSP300-60GHT,FSP,TFX 파워,정격 300W,표기 300W,20핀+4핀,80mm 팬,O,,,O,,O"
"POWEREX  BLACK HAWK 650W SPECIAL EDITION,POWEREX,ATX 파워,정격 650W,표기 650W,20핀+4핀,120mm 팬,O,,,O,,"
"CORSAIR  HX850i 80PLUS PLATINUM,CORSAIR,ATX 파워,정격 850W,표기 850W,20핀+4핀,140mm,O,O,,O,,O"
"현대  HD-M500ST,현대,M-ATX 파워,,표기 500W,20핀+4핀,80mm 팬,O,,,,,"
"SuperFlower  SF-500R12N,SuperFlower,ATX 파워,정격 500W,,20핀+4핀,120mm 팬,O,,,,,"
"스파클텍  GPM600S 85+,스파클텍,ATX 파워,정격 600W,표기 600W,,120mm 팬,O,,,O,,"
"topower  TOP-500G 80PLUS GOLD Power One,topower,ATX 파워,정격 500W,표기 500W,20핀+4핀,120mm 팬,O,,,O,,O"
"FSP  FSP700-50HPN 85+,FSP,ATX 파워,정격 700W,표기 700W,24핀 전용,120mm 팬,O,,,O,,"
"웨이코스 THINKWAY TRUMAX 600W ACTIVE,웨이코스,ATX 파워,정격 600W,,20핀+4핀,120mm 팬,O,,,,,"
"시소닉  X-850 80PLUS GOLD (3세대),시소닉,ATX 파워,정격 850W,표기 850W,20핀+4핀,120mm 팬,O,O,,O,,O"
"CORSAIR  HX750i 80PLUS PLATINUM,CORSAIR,ATX 파워,정격 750W,표기 750W,20핀+4핀,140mm,O,,,O,,O"
"쿨러마스터  V1200 PLATINUM,쿨러마스터,ATX 파워,,표기 1200W,20핀+4핀,135mm 팬,O,,,O,,O"
"CORSAIR PROFESSIONAL SERIES AX1200i PLATINUM,CORSAIR,ATX 파워,정격 1200W,표기 1200W,20핀+4핀,140mm 팬,O,,,O,O,O"
"POWEREX  REX 5 SF 500W Spare Fan,POWEREX,ATX 파워,정격 500W,표기 500W,20핀+4핀,120mm, 80mm,O,,,O,,"
"마이크로닉스  SL-8320 TFX 300W 벌크,마이크로닉스,TFX 파워,정격 300W,,20핀+4핀,80mm 팬,O,,,O,,"
"CORSAIR  RM750i 80PLUS GOLD,CORSAIR,ATX 파워,정격 750W,표기 750W,20핀+4핀,135mm 팬,O,,,O,,O"
"마이크로닉스  New Performance 500W 80Plus Bronze 프리볼트,마이크로닉스,ATX 파워,정격 500W,표기 500W,20핀+4핀,135mm 팬,,O,O,O,,O"
"AONE  500P KC,AONE,ATX 파워,,표기 500W,20핀+4핀,120mm 팬,O,,,,,"
"FSP  AURUM PRO AU-850PRO,FSP,ATX 파워,정격 850W,표기 850W,20핀+4핀,135mm 팬,O,O,,O,O,O"
"잘만  ZM600-LX,잘만,ATX 파워,정격 600W,표기 600W,20핀+4핀,120mm 팬,O,,,O,,"
"iGuju  ELPIS SP-400EL,iGuju,ATX 파워,정격 400W,표기 400W,20핀+4핀,120mm 팬,O,,,,,"
"CORSAIR  CS650M 80PLUS GOLD 모듈러,CORSAIR,ATX 파워,정격 650W,표기 650W,20핀+4핀,120mm 팬,O,,,O,,O"
"AONE  500MX V2,AONE,ATX 파워,,표기 500W,20핀+4핀,120mm 팬,,,O,,,"
"COUGAR  STX650 80PLUS 230V EU BRAVOTEC,COUGAR,ATX 파워,정격 650W,표기 650W,20핀+4핀,120mm 팬,O,,,,,O"
"AONE  MICRO 500P KC,AONE,M-ATX 파워,,표기 500W,20핀+4핀,80mm 팬,O,,,,,"
"잘만  ZM350-FX 80PLUS BRONZE,잘만,M-ATX 파워,정격 350W,표기 350W,20핀+4핀,80mm 팬,,,O,O,,O"
"Antec  VPF 550 80PLUS 브론즈,Antec,ATX 파워,정격 550W,표기 550W,20핀+4핀,120mm 팬,O,,,O,,O"
"POWEREX  REX III Modular 600W Triple V2.3,POWEREX,ATX 파워,정격 600W,표기 600W,20핀+4핀,120mm 팬,O,,,,,"
"시소닉  P-520 Fanless 80PLUS PLATINUM (2세대),시소닉,ATX 파워,정격 520W,표기 520W,20핀+4핀,,O,,,O,O,O"
"CORSAIR  RM650i 80PLUS GOLD,CORSAIR,ATX 파워,정격 650W,표기 650W,20핀+4핀,135mm 팬,O,,,O,,O"
"CORSAIR PROFESSIONAL SERIES AX860i 80PLUS PLATINUM,CORSAIR,ATX 파워,정격 860W,표기 860W,20핀+4핀,120mm 팬,O,,,O,,O"
"POWEREX  PLATINUM 500W 벌크,POWEREX,ATX 파워,정격 500W,표기 500W,20핀+4핀,120mm 팬,O,,,O,,"
"AONE  600MX V2,AONE,ATX 파워,,표기 600W,20핀+4핀,120mm 팬,O,,,,,"
"잘만  ZM1000-EBT 80PLUS GOLD,잘만,ATX 파워,정격 1000W,표기 1000W,20핀+4핀,135mm 팬,O,O,,O,,O"
"FSP  HYPER M 500W Modular 85+,FSP,ATX 파워,정격 500W,표기 500W,24핀 전용,120mm 팬,O,,,O,,"
"시소닉  HYDANCE HY-500CT Active PFC 80PLUS BRONZE,시소닉,ATX 파워,정격 500W,표기 500W,20핀+4핀,120mm 팬,O,,,,,O"
"CORSAIR  CS850M 80PLUS GOLD 모듈러,CORSAIR,ATX 파워,정격 850W,표기 850W,20핀+4핀,140mm 팬,O,,,O,,O"
"잘만  ZM500-GVM 500W 80 PLUS BRONZE,잘만,ATX 파워,정격 500W,표기 500W,20핀+4핀,120mm 팬,O,,,O,,O"
"스파클텍  GPT500S 85+ 벌크,스파클텍,ATX 파워,정격 500W,표기 500W,20핀+4핀,120mm 팬,O,,,O,,"
"시소닉  S12II-620 80PLUS 브론즈,시소닉,ATX 파워,정격 620W,표기 620W,20핀+4핀,120mm 팬,O,,,O,,O"
"잘만  ZM450-FX 80PLUS BRONZE,잘만,M-ATX 파워,정격 450W,표기 450W,20핀+4핀,80mm 팬,O,,,O,,O"
"XFX  XTR 650W GOLD 80 PLUS,XFX,ATX 파워,정격 650W,표기 650W,20핀+4핀,135mm 팬,O,O,,O,,O"
"POWEREX  REXII 400W V2.2 벌크,POWEREX,ATX 파워,정격 400W,표기 400W,20핀+4핀,120mm 팬,O,,,O,,"
"topower  TOP-500S 12VSD DUAL POWER,topower,ATX 파워,정격 500W,표기 500W,20핀+4핀,120mm 팬,O,,,,,"
"topower  TOP-600D 80PLUS BRONZE POP BLUE LED,topower,ATX 파워,정격 600W,표기 600W,20핀+4핀,120mm 팬,O,,,O,,O"
"CORSAIR  SF450 80PLUS GOLD,CORSAIR,SFX 파워,정격 450W,표기 450W,20핀+4핀,92mm 팬,O,,,,,O"
"XFX  PRO 1000W PLATINUM 80 PLUS,XFX,ATX 파워,정격 1000W,표기 1000W,20핀+4핀,135mm 팬,O,O,,O,,O"
"COUGAR  GX 700W 80PLUS 골드,COUGAR,ATX 파워,정격 700W,표기 700W,20핀+4핀,140mm,O,O,O,O,,O"
"쿨러마스터  V850,쿨러마스터,ATX 파워,,표기 850W,20핀+4핀,135mm 팬,O,,,O,,O"
"시소닉  X-750 80PLUS GOLD (3세대),시소닉,ATX 파워,정격 750W,표기 750W,20핀+4핀,120mm 팬,O,O,,O,,O"
"XFX  PRO 1050W GOLD 80 PLUS,XFX,ATX 파워,정격 1050W,표기 1050W,20핀+4핀,135mm 팬,O,O,,O,,O"
"AONE  태왕 EP600 KC,AONE,ATX 파워,,표기 600W,20핀+4핀,120mm 팬,O,,,,,"
"POWEREX  REX 5 SF 600W Spare Fan,POWEREX,ATX 파워,정격 600W,표기 600W,20핀+4핀,120mm, 80mm,O,,,O,,"
"AONE  태왕 EP450M KC,AONE,Micro-ATX 파워,,표기 450W,20핀+4핀,80mm 팬,,,O,,,"
"XFX  TS 750W GOLD 80 PLUS,XFX,ATX 파워,정격 750W,표기 750W,20핀+4핀,120mm 팬,O,O,,O,,O"
"잘만  ZM650-EBT 80PLUS GOLD,잘만,ATX 파워,정격 650W,표기 650W,20핀+4핀,135mm 팬,O,,,O,,O"
"XFX  XTR 750W GOLD 80 PLUS,XFX,ATX 파워,정격 750W,표기 750W,20핀+4핀,135mm 팬,O,O,,O,,O"
"2MONS  LUMEN 500 LIGHT V2.3,2MONS,ATX 파워,,표기 500W,20핀+4핀,120mm 팬,,,O,,,"
"XFX  PRO 1250W GOLD 80 PLUS,XFX,ATX 파워,정격 1250W,표기 1250W,20핀+4핀,135mm 팬,,,,,,O"
"시소닉  S12II-520 80PLUS 브론즈,시소닉,ATX 파워,정격 520W,표기 520W,20핀+4핀,120mm 팬,O,,,O,,O"
"제이씨현  UDEA FULLMAN 50S,제이씨현,ATX 파워,정격 300W,표기 500W,20핀+4핀,120mm 팬,O,,,,,"
"2MONS  LUMEN 600 PLUS V2.3,2MONS,ATX 파워,정격 300W,표기 600W,20핀+4핀,120mm 팬,O,,,,,"
"IN WIN  DESERT FOX COMMANDER III 600W 80PLUS GOLD,IN WIN,ATX 파워,정격 600W,표기 600W,20핀+4핀,135mm 팬,O,,,O,,O"
"XFX  TS 650W GOLD 80 PLUS,XFX,ATX 파워,정격 650W,표기 650W,20핀+4핀,120mm 팬,O,O,,O,,O"
"SilverStone  STRIDER SFX ST45SF-G iBORA,SilverStone,SFX 파워,정격 450W,표기 450W,20핀+4핀,80mm 팬,O,,,O,,O"
"AONE  Micro 450BP KC,AONE,M-ATX 파워,,표기 450W,20핀+4핀,80mm 팬,,,O,,,"
"대양케이스  OCEAN OC-600P,대양케이스,ATX 파워,정격 250W,표기 600W,20핀+4핀,120mm 팬,O,,,,,"
"XFX  TS 550W GOLD 80 PLUS,XFX,ATX 파워,정격 550W,표기 550W,20핀+4핀,120mm 팬,O,O,,O,,O"
"대양케이스  OCEAN OC-600A,대양케이스,ATX 파워,정격 200W,표기 600W,20핀+4핀,120mm 팬,,,O,,,"
"XFX  XT 600W BRONZE 80 PLUS,XFX,ATX 파워,정격 600W,,20핀+4핀,120mm 팬,O,,,O,,O"
"COUGAR  CMD 600 디지털 파워,COUGAR,ATX 파워,정격 600W,표기 600W,20핀+4핀,140mm 팬,O,,,,,O"
"XFX  XTR 550W GOLD 80 PLUS,XFX,ATX 파워,정격 550W,표기 550W,20핀+4핀,135mm 팬,O,O,,O,,O"
"2MONS  LUMEN 550 가야르,2MONS,ATX 파워,,표기 550W,20핀+4핀,120mm 팬,O,,,,,"
"시소닉  X-650 80PLUS GOLD (3세대),시소닉,ATX 파워,정격 650W,표기 650W,20핀+4핀,120mm 팬,O,O,,O,,O"
"SilverStone  STRIDER SFX SST-SX600-G iBORA,SilverStone,SFX 파워,,표기 600W,20핀+4핀,80mm 팬,O,,,O,,O"
"제이씨현  UDEA FULLMAN 70S,제이씨현,ATX 파워,정격 400W,표기 600W,20핀+4핀,120mm 팬,O,,,,,"
"엑슬비젼  BYSUO 파워맨 500SE KC,엑슬비젼,ATX 파워,정격 230W,표기 500W,20핀+4핀,120mm 팬,O,,,,,"
"AONE  TFX-450BP KC,AONE,TFX 파워,,표기 450W,20핀+4핀,80mm 팬,,,O,,,"
"AONE  600PB KC,AONE,ATX 파워,,표기 600W,20핀+4핀,120mm 팬,O,,,,,"
"COUGAR  CMD 500 디지털 파워,COUGAR,ATX 파워,정격 500W,표기 500W,20핀+4핀,140mm 팬,O,,,,,O"
"AONE  STORM 600LF A-PFC,AONE,ATX 파워,정격 600W,,20핀+4핀,120mm 팬,O,,,,,"
"COUGAR  160S ITX,COUGAR,FLEX 파워,정격 160W,표기 160W,20핀+4핀,40mm 팬,,,O,O,,"
"2MONS  LUMEN 550 PLUS V2.3,2MONS,ATX 파워,,표기 550W,20핀+4핀,120mm 팬,O,,,,,"
"AONE  600T KC,AONE,ATX 파워,정격 300W,표기 600W,20핀+4핀,120mm 팬,O,,,,,"
"제이씨현  UDEA FULLMAN 60S,제이씨현,ATX 파워,정격 350W,표기 550W,20핀+4핀,120mm 팬,O,,,,,"
"POWEREX  BLACK Q 400W PFC Single 85+,POWEREX,ATX 파워,정격 400W,표기 400W,20핀+4핀,120mm 팬,O,,,O,,"
"시소닉  P-760 80PLUS PLATINUM (2세대),시소닉,ATX 파워,정격 760W,표기 760W,20핀+4핀,120mm 팬,O,O,,O,O,O"
"2MONS  LUMEN 600 가야르,2MONS,ATX 파워,,표기 600W,20핀+4핀,140mm 팬,O,,,,,"
"XFX  XT 500W BRONZE 80 PLUS,XFX,ATX 파워,정격 500W,,20핀+4핀,120mm 팬,O,,,O,,O"
"웨이코스 THINKWAY 700P REVISION,웨이코스,ATX 파워,정격 400W,,20핀+4핀,120mm 팬,O,,,,,"
"시소닉  X-1250 80PLUS GOLD (2세대),시소닉,ATX 파워,정격 1250W,표기 1250W,20핀+4핀,120mm 팬,O,O,,O,,O"
"2MONS  LUMEN 500LY 가야르,2MONS,ATX 파워,,표기 500W,20핀+4핀,120mm 팬,,,O,,,"
"AONE  ATX 500HW,AONE,ATX 파워,,표기 500W,20핀+4핀,120mm 팬,O,,,,,"
"topower  TOP-500D 80PLUS BRONZE POP LED,topower,ATX 파워,정격 500W,표기 500W,20핀+4핀,120mm 팬,O,,,O,,O"
"COUGAR  200S ITX,COUGAR,FLEX 파워,정격 200W,표기 200W,20핀+4핀,40mm 팬,,,O,O,,"
"현대  HD-TFX450PT,현대,TFX 파워,,표기 450W,20핀+4핀,80mm 팬,,,O,,,"
"웨이코스 THINKWAY elecForce 400W-83P,웨이코스,ATX 파워,400W,,20핀+4핀,120mm 팬,,O,,O,,"
"SilverStone  SST-SX500-LG iBORA,SilverStone,SFX-L 파워,정격 500W,표기 500W,20핀+4핀,120mm 팬,O,,,O,,O"
"AONE  600P KC,AONE,ATX 파워,,표기 600W,20핀+4핀,120mm 팬,O,,,,,"
"GMC  티타늄 T450,GMC,ATX 파워,,표기 450W,20핀+4핀,120mm 팬,,,O,,,"
"2MONS  LUMEN SERVER 700 PRO II,2MONS,ATX 파워,정격 600W,표기 700W,20핀+4핀,120mm 팬,O,,,O,,"
"AONE  STORM 400LF 더블포워드 V2.3 벌크,AONE,ATX 파워,정격 400W,,20핀+4핀,120mm 팬,O,,,,,"
"COUGAR  GX 600W 80PLUS 골드 V2,COUGAR,ATX 파워,정격 600W,표기 600W,20핀+4핀,140mm,O,O,O,O,,O"
"현대  HD-M450PK,현대,M-ATX 파워,,표기 450W,20핀+4핀,80mm 팬,,,O,,,"
"GMC  티타늄 T450M,GMC,M-ATX 파워,,표기 450W,20핀+4핀,80mm 팬,,,O,,,"
"SilverStone  SST-SX700-LPT iBORA,SilverStone,SFX-L 파워,정격 700W,표기 700W,20핀+4핀,120mm 팬,O,,,O,,O"
"현대  HD-500SL,현대,ATX 파워,,표기 500W,20핀+4핀,120mm 팬,,,O,,,"
"FSP  ATX500-50HYN 벌크,FSP,ATX 파워,정격 500W,표기 500W,20핀+4핀,120mm 팬,O,,,,,"
"스파클텍  GPM600S 85+ 벌크,스파클텍,ATX 파워,정격 600W,표기 600W,,120mm 팬,O,,,O,,"
"웨이코스 THINKWAY elecForce 600W-83P,웨이코스,ATX 파워,600W,,20핀+4핀,120mm 팬,O,,,O,,"
"웨이코스 THINKWAY 800P REVISION,웨이코스,ATX 파워,정격 500W,,20핀+4핀,120mm 팬,O,,,,,"
"GMC  티타늄 T500,GMC,ATX 파워,,표기 500W,20핀+4핀,120mm 팬,O,,,,,"
"AONE  STORM 600LF A-PFC 벌크,AONE,ATX 파워,정격 600W,,20핀+4핀,120mm 팬,O,,,,,"
"AONE  STORM 350LF 더블포워드 V2.3 벌크,AONE,ATX 파워,정격 350W,,20핀+4핀,120mm 팬,O,,,,,"
"현대  HD-600ST,현대,ATX 파워,,표기 600W,20핀+4핀,120mm 팬,O,,,,,"
"AONE  600P TURBO 벌크,AONE,ATX 파워,정격 350W,,20핀+4핀,120mm 팬,O,,,,,"
"시소닉  P-1050 80PLUS PLATINUM,시소닉,ATX 파워,정격 1050W,표기 1050W,20핀+4핀,120mm 팬,O,O,,O,,O"
"GMC  티타늄 T600,GMC,ATX 파워,,표기 600W,20핀+4핀,120mm 팬,O,,,O,,"
"현대  HD-600GP,현대,ATX 파워,정격 300W,,20핀+4핀,120mm 팬,O,,,,,"
"웨이코스 THINKWAY 800P 벌크,웨이코스,ATX 파워,정격 500W,,20핀+4핀,120mm 팬,O,,,O,,"
"웨이코스 THINKWAY 600P 벌크,웨이코스,ATX 파워,정격 230W,,20핀+4핀,120mm 팬,O,,,,,"
"AcBEL  M88-1100 iBORA,AcBEL,ATX 파워,표기 1100W,표기 1100W,20핀+4핀,125mm 팬,O,O,,O,,O"
"AcBEL  M88-900 iBORA,AcBEL,ATX 파워,정격 900W,표기 900W,20핀+4핀,125mm 팬,O,O,,O,,O"
"SNK테크  THESSEN-600PW,SNK테크,ATX 파워,정격 500W,,20핀+4핀,120mm 팬,O,,,,,"
"웨이코스 THINKWAY 700P 벌크,웨이코스,ATX 파워,400W,,20핀+4핀,120mm 팬,O,,,O,,"
"시소닉  ECO-500,시소닉,ATX 파워,정격 500W,표기 500W,20핀+4핀,120mm 팬,O,,,O,,"
"웨이코스 THINKWAY 800P,웨이코스,ATX 파워,정격 500W,,20핀+4핀,120mm 팬,O,,,O,,"
"SNK테크  JACKPOT-600P2,SNK테크,ATX 파워,정격 500W,,20핀+4핀,120mm 팬,O,,,,,"
"POWEREX  BLACK HAWK 550W SPECIAL EDITION,POWEREX,ATX 파워,정격 550W,표기 550W,20핀+4핀,120mm 팬,O,,,O,,"
"POWEREX  REX Q 520W Active PFC,POWEREX,ATX 파워,정격 520W,표기 520W,20핀+4핀,120mm 팬,O,,,O,,"
"에너지 옵티머스 ENERGY OPTIMUS Mach III 600K,에너지 옵티머스,ATX 파워,정격 600W,,20핀+4핀,120mm 팬,O,,,,,"
"Enermax  MAXPRO EMP600AGT,Enermax,ATX 파워,정격 600W,표기 600W,20핀+4핀,120mm 팬,O,,,O,,"
"EPITECH ENERGY OPTIMUS DRON S600,EPITECH,ATX 파워,정격 230W,,20핀+4핀,120mm 팬,,,O,,,"
"에너지 옵티머스 ENERGY OPTIMUS K500,에너지 옵티머스,ATX 파워,정격 500W,,20핀+4핀,120mm 팬,O,,,,,"
"뉴젠테크  NAMAN 500N 2.3 벌크,뉴젠테크,ATX 파워,,표기 500W,20핀+4핀,120mm 팬,,,O,,,"
"POWEREX  REX III 600W Triple V2.3 벌크,POWEREX,ATX 파워,,표기 600W,,120mm 팬,O,,,O,,"
"VOLT  Light 550SE V2.0 Safety Black 6PIN 벌크,VOLT,ATX 파워,250W,550W,20핀+4핀,120mm 팬,O,,,,,"
"EPITECH ENERGY OPTIMUS IceQ 600K V2.3 6 year warranty,EPITECH,ATX 파워,정격 300W,,20핀+4핀,120mm 팬,O,,,,,"
"Enermax  PLATIMAX EPM1000EWT,Enermax,ATX 파워,,표기 1000W,20핀+4핀,120mm 팬,,,,,,O"
"WEED  W450-MW,WEED,M-ATX 파워,정격 200W,표기 450W,20핀+4핀,80mm 팬,,,O,,,"
"Enermax  PLATIMAX EPM750AWT,Enermax,ATX 파워,정격 750W,표기 750W,20핀+4핀,120mm 팬,O,O,,O,O,O"
"+CORONE  5000LC 벌크,+CORONE,ATX 파워,,표기 500W,20핀+4핀,120mm 팬,O,,,,,"
"REX COOL  SILENT MICRO MG-450,REX COOL,M-ATX 파워,정격 230W,,20핀+4핀,80mm 팬,,,O,,,"
"AONE  태왕 EP500 KC,AONE,ATX 파워,,표기 500W,20핀+4핀,120mm 팬,,,O,,,"
"POWEREX  REX-S400A,POWEREX,TFX 파워,정격 350W,표기 350W,20핀+4핀,80mm 팬,O,,,,,"
"REX COOL  LV1 500 V2.2,REX COOL,ATX 파워,,표기 500W,20핀+4핀,120mm 팬,,,O,,,"
"Enermax  TRIATHLOR FC ETA700AWT-M,Enermax,ATX 파워,정격 700W,표기 700W,20핀+4핀,120mm 팬,O,,,O,,O"
"Enermax  PLATIMAX EPM1350EWT,Enermax,ATX 파워,정격 1350W,표기 1350W,20핀+4핀,120mm 팬,,,,,,O"
"WEED  W600-ORIGIN,WEED,ATX 파워,정격 300W,표기 600W,20핀+4핀,120mm 팬,O,,,,,"
"REX COOL  LV2 500 V2.31 Noise Killer,REX COOL,ATX 파워,,표기 500W,20핀+4핀,120mm 팬,O,,,,,"
"Enermax  MAXPRO EMP500AGT,Enermax,ATX 파워,정격 500W,표기 500W,20핀+4핀,120mm 팬,O,,,O,,"
"VOLT  500V-KC 2년무상,VOLT,ATX 파워,정격 200W,표기 500W,20핀+4핀,120mm 팬,,,O,,,"
"Enermax  MaxRevo EMR1500EWT,Enermax,ATX 파워,,표기 1500W,,,,,,,,O"
"Enermax  NAXN Adv ETL550AWT,Enermax,ATX 파워,정격 550W,표기 550W,20핀+4핀,,O,,,O,,O"
"REX COOL  SILENT MICRO MG-500,REX COOL,M-ATX 파워,정격 230W,,20핀+4핀,80mm 팬,,,O,,,"
"REX COOL  LV3 500 V2.2 Energy Booster,REX COOL,ATX 파워,,표기 500W,20핀+4핀,120mm 팬,,,O,,,"
"AONE  500S KC,AONE,ATX 파워,,표기 500W,20핀+4핀,120mm 팬,,,O,,,"
"BABEL  Sense 500ST V2.3 Silverbel Series 6PIN,BABEL,ATX 파워,정격 230W,표기 500W,20핀+4핀,120mm 팬,,,O,,,"
"잘만  Wattbit 600W 83+,잘만,ATX 파워,600W,,20핀+4핀,120mm 팬,O,,,,,"
"BABEL  Sense 600ST V2.3 Blackbel Series,BABEL,ATX 파워,정격 250W,표기 600W,20핀+4핀,120mm 팬,O,,,,,"
"빅스컴  SOLID 500S(KC) 2년무상,빅스컴,ATX 파워,정격 200W,표기 500W,20핀+4핀,120mm 팬,,,O,,,"
"VOLT  Light 600SE V2.0 Safety Black 벌크,VOLT,ATX 파워,정격 250W,표기 600W,20핀+4핀,120mm 팬,O,,,,,"
"BABEL  Sense 500SE V2.3 Silverbel Series,BABEL,ATX 파워,정격 230W,표기 500W,20핀+4핀,120mm 팬,,,O,,,"
"AONE  CARE 500HP KC,AONE,ATX 파워,,표기 500W,20핀+4핀,120mm 팬,O,,,,,"
"이도디스플레이 Q-STAR 600AQ V2.3,이도디스플레이,ATX 파워,정격 300W,,20핀+4핀,120mm 팬,O,,,,,"
"오존컴퍼니  MVP V500Z-KC PLUS 벌크,오존컴퍼니,ATX 파워,정격 200W,표기 500W,20핀+4핀,120mm 팬,,,O,,,"
"REX COOL  SILENT LS1-500,REX COOL,ATX 파워,정격 200W,,20핀+4핀,120mm 팬,,,O,,,"
"빅스컴  SOLID Light 550SE V2.0 Safety Black 벌크,빅스컴,ATX 파워,,표기 550W,20핀+4핀,120mm 팬,,,O,,,"
"퍼스트큐브씨앤씨  MAX 500W V2.3,퍼스트큐브씨앤씨,ATX 파워,정격 500W,표기 500W,20핀+4핀,120mm 팬,O,,,O,,"
"VOLT  600SE Plus V2.3 BLACK 벌크,VOLT,ATX 파워,정격 250W,표기 600W,20핀+4핀,120mm 팬,O,,,,,"
"ONE-POWER  TD-500LT(KC) 벌크,ONE-POWER,ATX 파워,,표기 500W,20핀+4핀,120mm 팬,O,,,,,"
"WEED  W500-P,WEED,ATX 파워,정격 200W,표기 500W,20핀+4핀,120mm 팬,,,O,,,"
"오존컴퍼니  MVP V600ZP-KC PLUS 벌크,오존컴퍼니,ATX 파워,정격 250W,표기 600W,20핀+4핀,120mm 팬,O,,,,,"
"BABEL  Sense 600LT V2.3 Silverbel Series,BABEL,ATX 파워,정격 250W,표기 600W,20핀+4핀,120mm 팬,O,,,,,"
"WEED  W500-SW,WEED,ATX 파워,정격 250W,,20핀+4핀,120mm 팬,O,,,,,"
"빅스컴  SOLID Light 600SE V2.0 Safety Silver 벌크,빅스컴,ATX 파워,정격 250W,표기 600W,20핀+4핀,120mm 팬,O,,,,,"
"BABEL  ECO 620BG V2.3 Silverbel Series,BABEL,ATX 파워,정격 280W,표기 620W,20핀+4핀,120mm 팬,O,,,,,"
"ONE-POWER  TD-500(KC) 벌크,ONE-POWER,ATX 파워,,표기 500W,20핀+4핀,120mm 팬,O,,,,,"
"VOLT  600SE Plus V2.3 BLACK 박스,VOLT,ATX 파워,정격 250W,표기 600W,20핀+4핀,120mm 팬,O,,,,,"
"BABEL  ECO 620BK V2.3 Blackbel Series,BABEL,ATX 파워,정격 280W,표기 620W,20핀+4핀,120mm 팬,O,,,,,"
"퍼스트큐브씨앤씨  First CUBE 500GS BLACK,퍼스트큐브씨앤씨,ATX 파워,정격 200W,표기 500W,,120mm 팬,,,O,,,"
"빅스컴  SOLID Light 600SE V2.0 Safety Silver,빅스컴,ATX 파워,정격 250W,표기 600W,20핀+4핀,120mm 팬,O,,,,,"
"오존컴퍼니  MVP V600Z-KC BLACK,오존컴퍼니,ATX 파워,정격 230W,표기 600W,20핀+4핀,120mm 팬,,,O,,,"
"VOLT  500V-KC Plus,VOLT,ATX 파워,,표기 500W,20핀+4핀,120mm 팬,,,O,,,"
"AONE  500K 벌크,AONE,ATX 파워,,표기 500W,20핀+4핀,120mm 팬,,,O,,,"
"오존컴퍼니  MVP V500Z-KC PLUS 프리미엄,오존컴퍼니,ATX 파워,,표기 500W,20핀+4핀,120mm 팬,,,O,,,"
"퍼스트큐브씨앤씨  First CUBE 500GS Light v2.3,퍼스트큐브씨앤씨,ATX 파워,정격 200W,표기 500W,20핀+4핀,120mm 팬,,,O,,,"
"빅스컴  SOLID Light 6500PB,빅스컴,ATX 파워,정격 400W,표기 650W,20핀+4핀,120mm 팬,O,,,,,"
"빅스컴  SOLID Light 6000PB,빅스컴,ATX 파워,정격 350W,표기 600W,20핀+4핀,120mm 팬,O,,,,,"
"세븐팀  ST-550PAP,세븐팀,ATX 파워,,표기 550W,20핀+4핀,120mm 팬,O,,,O,,"
"VOLT  500W-KC 3년무상,VOLT,ATX 파워,정격 500W,표기 500W,20핀+4핀,120mm 팬,O,,,,,"
"퍼스트큐브씨앤씨  MAX 600W v2.3,퍼스트큐브씨앤씨,ATX 파워,정격 600W,표기 600W,20핀+4핀,120mm 팬,O,,,O,,"
"EPITECH ENERGY OPTIMUS Thunderbolt S600,EPITECH,ATX 파워,정격 200W,표기 600W,20핀+4핀,120mm 팬,,,O,,,"
"Bestone  SK-II 500SA V2 벌크,Bestone,ATX 파워,,표기 500W,20핀+4핀,120mm 팬,O,,,,,"
"퍼스트큐브씨앤씨  First CUBE 500GS PLUS,퍼스트큐브씨앤씨,ATX 파워,,표기 500W,20핀+4핀,120mm 팬,,,O,,,"
"Bestone  SK-II 500S 벌크,Bestone,ATX 파워,,표기 500W,20핀+4핀,120mm 팬,,,O,,,"
"빅스컴  SOLID Light 550SE V2.0 Safety Black,빅스컴,ATX 파워,,표기 550W,20핀+4핀,120mm 팬,,,O,,,"
"빅스컴  SOLID Turbo 620LTE V2.3 Safety Silver,빅스컴,ATX 파워,정격 300W,표기 620W,20핀+4핀,120mm 팬,O,,,,,"
"퍼스트큐브씨앤씨  First CUBE 620GX V2.3 LED,퍼스트큐브씨앤씨,ATX 파워,정격 300W,표기 620W,20핀+4핀,120mm 팬,O,,,,,"
"KRAFT KOREA  KT-500T,KRAFT KOREA,ATX 파워,,표기 500W,20핀+4핀,120mm 팬,,,O,,,"
"VOLT  Light 600SE V2.0 Safety Black,VOLT,ATX 파워,정격 250W,표기 600W,20핀+4핀,120mm 팬,O,,,,,"
"퍼스트큐브씨앤씨  First CUBE 6000 Platinum,퍼스트큐브씨앤씨,ATX 파워,정격 400W,표기 600W,20핀+4핀,120mm 팬,O,,,,,"
"VOLT  600V-KC,VOLT,ATX 파워,정격 230W,표기 600W,20핀+4핀,120mm 팬,,,O,,,"
"WEED  W600ZB6P,WEED,ATX 파워,정격 230W,표기 600W,20핀+4핀,120mm 팬,,,O,,,"
"WEED  W500-ORIGIN REAL,WEED,ATX 파워,정격 500W,표기 500W,20핀+4핀,120mm 팬,O,,,O,,"
"EPITECH ENERGY OPTIMUS IceQ 450MK,EPITECH,M-ATX 파워,,표기 450W,20핀+4핀,80mm 팬,,,O,,,"
"이도디스플레이 Q-STAR TFX450T,이도디스플레이,TFX 파워,정격 200W,,20핀+4핀,80mm 팬,,,O,,,"
"대양케이스  OCEAN OC-600G,대양케이스,ATX 파워,정격 400W,표기 600W,24핀 전용,120mm 팬,O,,,,,"
"WEED  W600-ORIGIN REAL,WEED,ATX 파워,정격 600W,표기 600W,20핀+4핀,120mm 팬,O,,,O,,"
"퍼스트큐브씨앤씨  First CUBE M500GS V2.3 Sliver,퍼스트큐브씨앤씨,M-ATX 파워,정격 230W,표기 500W,20핀+4핀,80mm 팬,,,O,,,"
"Bestone  SK-III 600W REAL,Bestone,ATX 파워,정격 600W,,20핀+4핀,120mm 팬,O,,,,,"
"Bestone  SK-II 500SA V2,Bestone,ATX 파워,,표기 500W,20핀+4핀,120mm 팬,O,,,,,"
"퍼스트큐브씨앤씨  MAX 400W v2.3,퍼스트큐브씨앤씨,ATX 파워,정격 400W,표기 400W,20핀+4핀,120mm 팬,O,,,,,"
"BABEL  Classic M450 V2.3 Silverbel Series,BABEL,M-ATX 파워,정격 230W,표기 450W,20핀+4핀,80mm 팬,,,O,,,"
"Enermax  NAXN Adv ETL650AWT,Enermax,ATX 파워,정격 650W,표기 650W,20핀+4핀,,O,,,O,,O"
"케이씨커머스 ANYZEN AT-500E,케이씨커머스,ATX 파워,정격 200W,표기 500W,20핀+4핀,120mm 팬,,,O,,,"
"오존컴퍼니  MVP A600ZW-KC 벌크,오존컴퍼니,ATX 파워,정격 230W,표기 600W,20핀+4핀,120mm 팬,,,O,,,"
"ares  Akira 500AK,ares,ATX 파워,정격 200W,표기 500W,20핀+4핀,120mm 팬,,,O,,,"
"ABL  ABSL 960GT PFC,ABL,ATX 파워,정격 300W,표기 600W,20핀+4핀,120mm 팬,O,,,,,"
"퍼스트큐브씨앤씨  First CUBE 620GX V2.3,퍼스트큐브씨앤씨,ATX 파워,정격 300W,표기 600W,20핀+4핀,120mm 팬,O,,,,,"
"빅스컴  SOLID Light 600SE V2.0 Safety Black 벌크,빅스컴,ATX 파워,정격 250W,표기 600W,20핀+4핀,120mm 팬,O,,,,,"
"BABEL  Classic TFX450 V2.3 Blackbel Series,BABEL,TFX 파워,정격 230W,표기 450W,20핀+4핀,80mm 팬,,,O,,,"
"퍼스트큐브씨앤씨  First CUBE 600GS V2.3,퍼스트큐브씨앤씨,ATX 파워,정격 250W,표기 600W,20핀+4핀,120mm 팬,O,,,,,"
"퍼스트큐브씨앤씨  First CUBE 550GX V2.3,퍼스트큐브씨앤씨,ATX 파워,정격 250W,표기 500W,20핀+4핀,120mm 팬,O,,,,,"
"퍼스트큐브씨앤씨  First CUBE 600GX V2.3,퍼스트큐브씨앤씨,ATX 파워,정격 250W,표기 600W,20핀+4핀,120mm 팬,O,,,,,"
"POWEREX  PRIME 500W 벌크,POWEREX,ATX 파워,정격 500W,,20핀+4핀,120mm 팬,O,,,O,,"
"AONE  TFX-450P KC,AONE,TFX 파워,,표기 450W,20핀+4핀,80mm 팬,,,O,,,"
"세븐팀  ST-500PAT 80PLUS BRONZE,세븐팀,ATX 파워,,표기 500W,20핀+4핀,120mm 팬,O,,,O,,"
"퍼스트큐브씨앤씨  First CUBE 600GX V2.3 LED,퍼스트큐브씨앤씨,ATX 파워,정격 250W,표기 600W,20핀+4핀,120mm 팬,O,,,,,"
"ares  Akira 500BK Plus,ares,ATX 파워,정격 230W,표기 500W,20핀+4핀,120mm 팬,O,,,,,"
"+PLUS  GT-400LP 벌크,+PLUS,TFX 파워,,표기 400W,20핀+4핀,80mm 팬,,,O,,,"
"KRAFT KOREA  KT-600T,KRAFT KOREA,ATX 파워,,표기 600W,20핀+4핀,140mm 팬,O,,,,,"
"뉴젠테크  NAMAN M500 Silver,뉴젠테크,M-ATX 파워,,표기 500W,20핀+4핀,80mm 팬,,,O,,,"
"WEED  W400-MW,WEED,M-ATX 파워,정격 200W,표기 400W,20핀+4핀,80mm 팬,,,O,,,"
"+PLUS  ATX PLUS GT-5000L 벌크,+PLUS,ATX 파워,,표기 500W,20핀+4핀,120mm 팬,O,,,,,"
"NOFAN  P-500A,NOFAN,ATX 파워,정격 500W,표기 500W,20핀+4핀,,O,,,O,,O"
"퍼스트큐브씨앤씨  First CUBE 6000 Premium,퍼스트큐브씨앤씨,ATX 파워,정격 350W,표기 600W,20핀+4핀,120mm 팬,O,,,,,"
"Bestone  SK-II 600GT V2,Bestone,ATX 파워,,표기 600W,20핀+4핀,120mm 팬,O,,,,,"
"ares  Akira 500BK Plus UP,ares,ATX 파워,정격 250W,표기 500W,20핀+4핀,120mm 팬,O,,,,,"
"잘만  Wattbit 500W 83+,잘만,ATX 파워,정격 500W,,20핀+4핀,120mm 팬,O,,,,,"
"제이씨현  UDEA TANK500A,제이씨현,ATX 파워,,표기 500W,20핀+4핀,120mm 팬,O,,,,,"
"Bestone  SK-III 500W REAL,Bestone,ATX 파워,정격 500W,,20핀+4핀,120mm 팬,O,,,,,"
"Bestone  SK-II 600SA V2,Bestone,ATX 파워,,표기 600W,20핀+4핀,120mm 팬,O,,,,,"
"세븐팀  ST-600PAT 80PLUS BRONZE,세븐팀,ATX 파워,,표기 600W,20핀+4핀,120mm 팬,O,,,O,,"
"Bestone  SK-II 450TFX V2,Bestone,TFX 파워,,표기 450W,20핀+4핀,80mm 팬,,,O,,,"
"뉴젠테크  NAMAN 600SE Silver,뉴젠테크,ATX 파워,,표기 600W,20핀+4핀,120mm 팬,,,O,,,"
"ABL  ABSL 950GT PFC,ABL,ATX 파워,정격 250W,표기 500W,20핀+4핀,120mm 팬,O,,,,,"
"KRAFT KOREA  KT-TFX-400,KRAFT KOREA,TFX 파워,,표기 400W,20핀+4핀,80mm 팬,,,O,,,"
"세븐팀  ST-450PAP,세븐팀,ATX 파워,,표기 450W,20핀+4핀,120mm 팬,O,,,O,,"
"케이씨커머스 ANYZEN AN-600KC,케이씨커머스,ATX 파워,정격 400W,표기 600W,20핀+4핀,120mm 팬,O,,,O,,"
"Bestone  SK-III 600PRO V2.3 벌크,Bestone,ATX 파워,,표기 600W,20핀+4핀,120mm 팬,O,,,O,,"
"퍼스트큐브씨앤씨  First CUBE 450 TFX,퍼스트큐브씨앤씨,TFX 파워,정격 200W,표기 450W,20핀+4핀,80mm 팬,,,O,,,"
"ABL  ABSL 960GT PFC OC,ABL,ATX 파워,정격 350W,표기 600W,20핀+4핀,120mm 팬,O,,,,,"
"뉴젠테크  NAMAN 600SE Black,뉴젠테크,ATX 파워,,표기 600W,20핀+4핀,120mm 팬,,,O,,,"
"BABEL  Pro 650K Double Forward V2.31 Silverbel Series,BABEL,ATX 파워,,표기 600W,20핀+4핀,120mm 팬,O,,,,,"
"Bestone  SK-III 600PRO V2.3,Bestone,ATX 파워,,표기 600W,20핀+4핀,120mm 팬,O,,,O,,"
"Bestone  SK-II 600SA V2 벌크,Bestone,ATX 파워,,표기 600W,20핀+4핀,120mm 팬,O,,,,,"
"WEED  W660S,WEED,ATX 파워,정격 230W,표기 600W,20핀+4핀,120mm 팬,,,O,,,"
"ares  Akira 700AK Plus UP,ares,ATX 파워,정격 350W,표기 700W,20핀+4핀,120mm 팬,O,,,,,"
"Bestone  SK-II M500DM V2 벌크,Bestone,M-ATX 파워,,표기 500W,20핀+4핀,80mm 팬,,,O,,,"
"빅스컴  SOLID Light M500S(KC) v2.3 Silver,빅스컴,M-ATX 파워,정격 230W,표기 500W,20핀+4핀,80mm 팬,,,O,,,"
"EPITECH ENERGY OPTIMUS DRON M450,EPITECH,M-ATX 파워,정격 230W,표기 450W,20핀+4핀,80mm 팬,,,O,,,"
"Bestone  SK-II M500DM V2,Bestone,M-ATX 파워,,표기 500W,20핀+4핀,80mm 팬,,,O,,,"
"빅스컴  SOLID 600S(KC),빅스컴,ATX 파워,정격 230W,표기 600W,20핀+4핀,120mm 팬,,,O,,,"
"Bestone  SK-II M500S,Bestone,M-ATX 파워,,표기 500W,20핀+4핀,80mm 팬,,,O,,,"
"REX COOL  SILENT X-600,REX COOL,ATX 파워,정격 600W,,20핀+4핀,120mm 팬,O,,,O,,"
"BM POWER  BM-600i,BM POWER,ATX 파워,정격 230W,표기 600W,20핀+4핀,120mm 팬,O,,,,,"
"Bestone  SK-II 450TFX V2 벌크,Bestone,TFX 파워,,표기 450W,20핀+4핀,80mm 팬,,,O,,,"
"ares  Akira 500AK Plus,ares,ATX 파워,정격 200W,표기 500W,20핀+4핀,120mm 팬,,,O,,,"
"케이씨커머스 ANYZEN AT-600N,케이씨커머스,ATX 파워,정격 230W,표기 600W,20핀+4핀,120mm 팬,O,,,,,"
"BABEL  DOM 600EX V2.3 Silverbel Series,BABEL,ATX 파워,,표기 600W,20핀+4핀,120mm 팬,,,O,,,"
"BM POWER  BM-600D,BM POWER,ATX 파워,정격 200W,표기 600W,20핀+4핀,120mm 팬,,,O,,,"
"POWEREX  BLACKQ II 500W 80PLUS(벌크),POWEREX,ATX 파워,정격 500W,표기 500W,20핀+4핀,120mm 팬,O,,,O,,O"
"이도디스플레이 Q-STAR 600SL KC 벌크,이도디스플레이,ATX 파워,정격 200W,,20핀+4핀,120mm 팬,,,O,,,"
"ares  Akira 600AK Plus UP,ares,ATX 파워,정격 230W,표기 600W,20핀+4핀,120mm 팬,O,,,,,"
"HOPELY  450TFX KC,HOPELY,TFX 파워,,표기 450W,20핀+4핀,80mm 팬,,,O,,,"
"BM POWER  BM-600D 벌크,BM POWER,ATX 파워,정격 200W,표기 600W,20핀+4핀,120mm 팬,,,O,,,"
"EPITECH ENERGY OPTIMUS Mach II 600K V2.3,EPITECH,ATX 파워,정격 600W,표기 600W,20핀+4핀,120mm 팬,O,,,O,,"
"Bestone  SK-II M450S 벌크,Bestone,M-ATX 파워,,표기 450W,20핀+4핀,80mm 팬,,,O,,,"
"ALPHA  500PW VER 2.3,ALPHA,ATX 파워,정격 230W,표기 500W,20핀+4핀,120mm 팬,,,O,,,"
"HOPELY  600MB KC,HOPELY,ATX 파워,,표기 600W,20핀+4핀,120mm 팬,O,,,,,"
"ares  Akira 600AK,ares,ATX 파워,정격 200W,표기 600W,20핀+4핀,120mm 팬,,,O,,,"
"ONE-POWER  K-450(KC) 벌크,ONE-POWER,ATX 파워,,표기 450W,20핀+4핀,120mm 팬,,,O,,,"
"뉴젠테크  NAMAN 600N Silver,뉴젠테크,ATX 파워,,표기 600W,20핀+4핀,120mm 팬,O,,,,,"
"HOPELY  M500SE KC,HOPELY,M-ATX 파워,,표기 500W,20핀+4핀,80mm 팬,,,O,,,"
"PowerFul  P-FUL AW450T,PowerFul,TFX 파워,정격 200W,표기 450W,20핀+4핀,80mm 팬,O,,,,,"
"Bestone  SK-II 600GT V2 벌크,Bestone,ATX 파워,,표기 600W,20핀+4핀,120mm 팬,O,,,,,"
"BM POWER  BM-600i 벌크,BM POWER,ATX 파워,정격 230W,표기 600W,20핀+4핀,120mm 팬,O,,,,,"
"세븐팀  ST-300FUB 80PLUS BRONZE,세븐팀,TFX 파워,,표기 300W,20핀+4핀,40mm,,,O,O,,O"
"ares  Akira 600BK,ares,ATX 파워,정격 250W,표기 600W,20핀+4핀,120mm 팬,O,,,,,"
"ares  Akira 600BK Plus,ares,ATX 파워,정격 300W,표기 600W,20핀+4핀,120mm 팬,O,,,,,"
"케이씨커머스 ANYZEN AT-500A,케이씨커머스,ATX 파워,정격 200W,표기 500W,20핀+4핀,120mm 팬,,,O,,,"
"+CORONE  5000A(KC) 벌크,+CORONE,ATX 파워,,표기 500W,20핀+4핀,120mm 팬,O,,,,,"
"세븐팀  ST-700PAT 80PLUS BRONZE,세븐팀,ATX 파워,,표기 700W,20핀+4핀,120mm 팬,O,,,O,,O"
"BM POWER  BM-600iX,BM POWER,ATX 파워,정격 200W,표기 600W,20핀+4핀,120mm 팬,O,,,,,"
"대양코퍼레이션  AURORA A6 600,대양코퍼레이션,ATX 파워,정격 250W,표기 600W,20핀+4핀,120mm 팬,O,,,,,"
"ALPHA  M450 Ver2.3,ALPHA,M-ATX 파워,정격 230W,표기 450W,20핀+4핀,80mm 팬,,,O,,,"
"PowerFul  P-Ful PF500PN,PowerFul,ATX 파워,정격 200W,표기 500W,20핀+4핀,120mm 팬,,,O,,,"
"+CORONE  4500L(KC) 벌크,+CORONE,ATX 파워,,표기 450W,20핀+4핀,120mm 팬,,,O,,,"
"케이씨컴 아이리스 600PM V2.3 Green IC 벌크,케이씨컴,ATX 파워,정격 400W,표기 600W,20핀+4핀,120mm 팬,O,,,,,"
"에즈윈아이피씨  ENP-7160SH 80PLUS GOLD,에즈윈아이피씨,SFX 파워,정격 600W,,20핀+4핀,80mm 팬,O,,,O,,O"
"+CORONE  6000A(KC) 벌크,+CORONE,ATX 파워,,표기 600W,20핀+4핀,140mm,O,,,,,"
"케이씨컴 아이리스 500Si 벌크,케이씨컴,ATX 파워,정격 230W,표기 500W,20핀+4핀,120mm 팬,O,,,,,"
"BM POWER  BM-600X,BM POWER,ATX 파워,정격 250W,표기 600W,20핀+4핀,120mm 팬,O,,,,,"
"Bestone  SK-II M500S 벌크,Bestone,M-ATX 파워,,표기 500W,20핀+4핀,80mm 팬,,,O,,,"
"ICE-MAN ICE-MAN M500W V2.2,ICE-MAN,M-ATX 파워,정격 250W,표기 500W,20핀+4핀,80mm 팬,,,O,,,"
"케이씨컴 아이리스 600SI V2.3 벌크,케이씨컴,ATX 파워,정격 300W,표기 600W,20핀+4핀,120mm 팬,O,,,,,"
"BM POWER  BM-500D 벌크,BM POWER,ATX 파워,정격 200W,표기 500W,20핀+4핀,120mm 팬,,,O,,,"
"BM POWER  BM-600iX 벌크,BM POWER,ATX 파워,정격 200W,표기 600W,20핀+4핀,120mm 팬,O,,,,,"
"REX COOL  RC Gaming 600,REX COOL,ATX 파워,,표기 600W,20핀+4핀,120mm 팬,O,,,,,"
"케이씨커머스 ANYZEN AT-600Y,케이씨커머스,ATX 파워,정격 250W,표기 600W,20핀+4핀,120mm 팬,O,,,,,"
"빅스컴  SOLID Light 600SE V2.0 Safety Black,빅스컴,ATX 파워,정격 250W,표기 600W,20핀+4핀,120mm 팬,O,,,,,"
"ares  Akira 500AK Plus UP,ares,ATX 파워,정격 200W,표기 500W,20핀+4핀,120mm 팬,O,,,,,"
"뉴젠테크  NAMAN 600N,뉴젠테크,ATX 파워,,600W,20핀+4핀,120mm 팬,O,,,,,"
"케이씨커머스 ANYZEN AN-500KC,케이씨커머스,ATX 파워,정격 300W,표기 500W,20핀+4핀,120mm 팬,O,,,O,,"
"케이씨컴 아이리스 TFX450S 벌크,케이씨컴,TFX 파워,정격 200W,표기 450W,20핀+4핀,80mm 팬,,,O,,,"
"+CORONE  TFX-4000T(KC),+CORONE,TFX 파워,,표기 400W,20핀+4핀,80mm 팬,O,,,,,"
"BM POWER  BM-600X 벌크,BM POWER,ATX 파워,정격 250W,표기 600W,20핀+4핀,120mm 팬,O,,,,,"
"케이씨커머스 ANYZEN AZ-600,케이씨커머스,ATX 파워,정격 200W,표기 600W,20핀+4핀,120mm 팬,,,O,,,"
"VOLT  550SE V2.3 Black 6PIN 벌크,VOLT,ATX 파워,,표기 550W,20핀+4핀,120mm 팬,,,O,,,"
"ares  Akira 600AK Plus,ares,ATX 파워,정격 200W,표기 600W,20핀+4핀,120mm 팬,O,,,,,"
"케이씨컴 아이리스 500HS V2.3 블랙 벌크,케이씨컴,ATX 파워,정격 300W,표기 500W,20핀+4핀,120mm 팬,O,,,,,"
"COUGAR  FXT 300TZ,COUGAR,ATX 파워,정격 300W,표기 300W,20핀+4핀,120mm 팬,,,O,,,"
"VOLT  6500PB,VOLT,ATX 파워,정격 400W,표기 650W,20핀+4핀,120mm 팬,O,,,,,"
"케이씨컴 아이리스 500SE V2.2 벌크,케이씨컴,ATX 파워,정격 200W,표기 500W,20핀+4핀,120mm 팬,,,O,,,"
"대양코퍼레이션  AURORA A3 500,대양코퍼레이션,ATX 파워,정격 200W,표기 500W,20핀+4핀,120mm 팬,,,O,,,"
"대양코퍼레이션  AURORA A5 500,대양코퍼레이션,ATX 파워,정격 230W,표기 500W,20핀+4핀,120mm 팬,,,O,,,"
"+PLUS  GT-400LP,+PLUS,TFX 파워,,표기 400W,20핀+4핀,80mm 팬,,,O,,,"
"GSI  DOHICH MT-450,GSI,M-ATX 파워,정격 200W,,20핀+4핀,80mm 팬,,,O,,,"
"에스제이디지텍  TRON KC-500ZP,에스제이디지텍,ATX 파워,정격 200W,표기 500W,20핀+4핀,120mm 팬,,,O,,,"
"이도디스플레이 Q-STAR 600HQ KC 벌크,이도디스플레이,ATX 파워,정격 400W,,20핀+4핀,120mm 팬,O,,,,,"
"BM POWER  BM-500D,BM POWER,ATX 파워,정격 200W,표기 500W,20핀+4핀,120mm 팬,,,O,,,"
"COUGAR  FXT 500TZ,COUGAR,ATX 파워,정격 500W,표기 500W,20핀+4핀,120mm 팬,O,,,,,"
"케이씨커머스 ANYZEN AT-600A,케이씨커머스,ATX 파워,정격 200W,표기 600W,20핀+4핀,120mm 팬,,,O,,,"
"에스제이디지텍  TRON KC-600ZW,에스제이디지텍,ATX 파워,정격 250W,표기 600W,20핀+4핀,120mm 팬,O,,,,,"
"GSI  DOHICH VT-600 PLUS,GSI,ATX 파워,정격 350W,,20핀+4핀,120mm 팬,O,,,,,"
"+PLUS  ATX GT-5000S 벌크,+PLUS,ATX 파워,,표기 500W,20핀+4핀,120mm 팬,,,O,,,"
"HOPELY  500A,HOPELY,ATX 파워,정격 200W,,20핀+4핀,120mm 팬,,,O,,,"
"REX COOL  SILENT X-500,REX COOL,ATX 파워,정격 500W,,20핀+4핀,120mm 팬,O,,,O,,"
"REX COOL  SILENT HS4-600,REX COOL,ATX 파워,정격 400W,,20핀+4핀,120mm 팬,O,,,O,,"
"VOLT  550SE V2.3 Black 6PIN,VOLT,ATX 파워,,표기 550W,20핀+4핀,120mm 팬,,,O,,,"
"에스제이디지텍  TRON KC-500ZS,에스제이디지텍,ATX 파워,정격 230W,표기 500W,20핀+4핀,120mm 팬,,,O,,,"
"잘만  Wattbit 400W 83+,잘만,ATX 파워,정격 400W,,20핀+4핀,120mm 팬,O,,,,,"
"제이씨현  UDEA TANK600A,제이씨현,ATX 파워,,표기 600W,20핀+4핀,120mm 팬,O,,,,,"
"빅스컴  SOLID 500W,빅스컴,ATX 파워,정격 500W,표기 500W,20핀+4핀,120mm 팬,O,,,,,"
"COUGAR  TL600 Premium 벌크,COUGAR,ATX 파워,정격 300W,표기 300W,20핀+4핀,120mm 팬,,,O,,,"
"REX COOL  SILENT LS1-600,REX COOL,ATX 파워,정격 200W,,20핀+4핀,120mm 팬,,,O,,,"
"세븐팀  ST-270FUB,세븐팀,TFX 파워,정격 270W,,20핀+4핀,40mm 팬,,,O,O,,O"
"PowerFul  P-FUL AW700 V7,PowerFul,ATX 파워,정격 350W,표기 700W,20핀+4핀,120mm 팬,O,,,,,"
"HOPELY  500A6,HOPELY,ATX 파워,정격 200W,,20핀+4핀,120mm 팬,,,O,,,"
"NCTOP  NATURAL WIND V2.3 NC-600W,NCTOP,ATX 파워,정격 300W,,20핀+4핀,120mm 팬,O,,,O,,"
"케이씨컴 아이리스 M500S Ver.2.2,케이씨컴,M-ATX 파워,정격 250W,표기 500W,20핀+4핀,80mm 팬,,,O,,,"
"KRAFT KOREA  KT-400MT,KRAFT KOREA,Micro-ATX 파워,,표기 400W,20핀+4핀,80mm 팬,,,O,,,"
"REX COOL  SILENT HS4-500,REX COOL,ATX 파워,정격 400W,,20핀+4핀,120mm 팬,O,,,O,,"
"HALO  ATX-H500W,HALO,ATX 파워,정격 200W,표기 500W,20핀+4핀,120mm 팬,,,O,,,"
"이도디스플레이 Q-STAR 600TM KC 벌크,이도디스플레이,ATX 파워,정격 350W,,20핀+4핀,120mm 팬,O,,,,,"
"PowerFul  P-FUL AW600 V7,PowerFul,ATX 파워,정격 300W,표기 600W,20핀+4핀,120mm 팬,O,,,,,"
"에스제이디지텍  TRON KC-600ZX,에스제이디지텍,ATX 파워,정격 300W,표기 600W,20핀+4핀,120mm 팬,O,,,,,"
"REX COOL  SILENT HS1-500,REX COOL,ATX 파워,정격 300W,,20핀+4핀,120mm 팬,O,,,O,,"
"GSI  DOHICH TFX-450,GSI,TFX 파워,정격 200W,표기 200W,20핀+4핀,80mm 팬,,,O,,,"
"VOLT  Light 550SE V2.0 Safety Black 6PIN,VOLT,ATX 파워,250W,550W,20핀+4핀,120mm 팬,O,,,,,"
"HOPELY  500RW V2.3,HOPELY,ATX 파워,정격 500W,,20핀+4핀,120mm 팬,O,,,,,"
"GSI  DOHICH VT-500 PLUS,GSI,ATX 파워,정격 230W,,20핀+4핀,120mm 팬,O,,,,,"
"NCTOP  NOBLESS V2.3 K600LS,NCTOP,ATX 파워,정격 200W,,20핀+4핀,120mm 팬,,,O,,,"
"제넥스  ECO500 V2.3 KC,제넥스,ATX 파워,200W,,20핀+4핀,120mm 팬,,,O,,,"
"Quantum  QT-600P,Quantum,ATX 파워,,표기 600W,20핀+4핀,120mm 팬,O,,,,,"
"GSI  Circle 600GT,GSI,ATX 파워,정격 230W,표기 230W,20핀+4핀,120mm 팬,O,,,,,"
"GSI  DOHICH ST-600 벌크,GSI,ATX 파워,정격 200W,,20핀+4핀,120mm 팬,,,O,,,"
"케이씨컴 아이리스 600ST 벌크,케이씨컴,ATX 파워,정격 200W,표기 600W,20핀+4핀,120mm 팬,,,O,,,"
"ICE-MAN ICE-MAN 500L V2.2,ICE-MAN,ATX 파워,정격 200W,표기 500W,20핀+4핀,120mm 팬,,,O,,,"
"POWEREX  REX III 600W Triple V2.3 벌크 10팩,POWEREX,ATX 파워,,표기 600W,,120mm 팬,O,,,,,"
"ONE-POWER  TD-TFX-400LP(KC)(벌크),ONE-POWER,TFX 파워,,표기 400W,20핀+4핀,80mm 팬,,,O,,,"
"HOPELY  M450SB,HOPELY,Micro-ATX 파워,정격 200W,,20핀+4핀,80mm 팬,,,O,,,"
"Quantum  QT-600N,Quantum,ATX 파워,,표기 600W,20핀+4핀,120mm 팬,,,O,,,"
"REX COOL  SILENT HS1-600,REX COOL,ATX 파워,정격 300W,,20핀+4핀,120mm 팬,O,,,O,,"
"이도디스플레이 Q-STAR PREMIUM 500W V2.3 KC 벌크,이도디스플레이,ATX 파워,정격 500W,,20핀+4핀,120mm 팬,O,,,,,"
"HOPELY  600AP,HOPELY,ATX 파워,정격 350W,,20핀+4핀,120mm 팬,O,,,,,"
"NCTOP  Natural Wind TFX 450-KC 벌크,NCTOP,TFX 파워,,표기 450W,20핀+4핀,80mm 팬,,,O,,,"
"제이씨현  UDEA FULLMAN 70P SILVER EDITION,제이씨현,ATX 파워,정격 400W,,20핀+4핀,120mm 팬,O,,,,,"
"ICE-MAN ICE-MAN 600AL V2.3 벌크,ICE-MAN,ATX 파워,정격 300W,,20핀+4핀,120mm 팬,O,,,,,"
"HOPELY  500HB,HOPELY,ATX 파워,정격 230W,,20핀+4핀,120mm 팬,O,,,,,"
"Quantum  QT-600MX,Quantum,ATX 파워,,표기 600W,20핀+4핀,120mm 팬,O,,,,,"
"Enhance  ENP-7025B Tyan Korea,Enhance,TFX 파워,,표기 250W,20핀+4핀,40mm 팬,,,O,O,,O"
"REX COOL  SILENT MICRO LM-3 450,REX COOL,M-ATX 파워,정격 230W,,20핀+4핀,80mm 팬,,,O,,,"
"이도디스플레이 Q-STAR 600ST KC 벌크,이도디스플레이,ATX 파워,정격 200W,,20핀+4핀,120mm 팬,,,O,,,"
"Quantum  QT-M450,Quantum,M-ATX 파워,,표기 450W,20핀+4핀,80mm 팬,,,O,,,"
"NCTOP  NATURAL WIND V2.3 NC-500W,NCTOP,ATX 파워,정격 250W,,20핀+4핀,120mm 팬,O,,,O,,"
"에스제이디지텍  TRON KC-450ZM,에스제이디지텍,M-ATX 파워,정격 200W,표기 450W,20핀+4핀,80mm 팬,,,O,,,"
"HOPELY  600HB,HOPELY,ATX 파워,정격 400W,,20핀+4핀,120mm 팬,O,,,,,"
"POWEREX  REX III 500W Triple V2.3 벌크,POWEREX,ATX 파워,,표기 500W,,120mm 팬,O,,,O,,"
"이도디스플레이 Q-STAR M450T KC 벌크,이도디스플레이,M-ATX 파워,정격 200W,,20핀+4핀,80mm 팬,,,O,,,"
"ICE-MAN ICE-MAN TFX450W,ICE-MAN,TFX 파워,정격 200W,표기 450W,20핀+4핀,80mm 팬,,,O,,,"
"이도디스플레이 Q-STAR 600GT KC 벌크,이도디스플레이,ATX 파워,정격 230W,,20핀+4핀,120mm 팬,O,,,,,"
"이도디스플레이 Q-STAR 500TR KC 벌크,이도디스플레이,ATX 파워,정격 230W,,20핀+4핀,120mm 팬,O,,,,,"
"제넥스  TFX450LP,제넥스,TFX 파워,정격 230W,,20핀+4핀,80mm 팬,,,O,O,,"
"알피티랜드  ANYKEY 600W REAL APFC,알피티랜드,ATX 파워,정격 600W,정격 600W,20핀+4핀,120mm 팬,O,,,O,,"
"HOPELY  500TFX,HOPELY,TFX 파워,정격 250W,,20핀+4핀,80mm 팬,,,O,,,"
"HOPELY  600TM,HOPELY,ATX 파워,정격 350W,,20핀+4핀,120mm 팬,O,,,,,"
"이도디스플레이 PETRA ICE-S MH600 KC 벌크,이도디스플레이,ATX 파워,300W,,20핀+4핀,120mm 팬,O,,,,,"
"HALO  Bequiet-600GW V2.3,HALO,ATX 파워,정격 300W,,20핀+4핀,120mm 팬,O,,,,,"
"HOPELY  600GP V2.3,HOPELY,ATX 파워,정격 400W,,20핀+4핀,120mm 팬,O,,,,,"
"이도디스플레이 PETRA ICE-S L500 KC 벌크,이도디스플레이,ATX 파워,정격 200W,,20핀+4핀,120mm 팬,,,O,,,"
"ares  Akira T500BK Plus UP,ares,TFX 파워,정격 200W,,20핀+4핀,80mm 팬,,,O,,,"
"ares  Akira M500BK Plus UP,ares,M-ATX 파워,정격 200W,,20핀+4핀,80mm 팬,,,O,,,"
"ares  Akira M500AK Plus UP,ares,M-ATX 파워,정격 200W,,20핀+4핀,80mm 팬,,,O,,,"
"마이존  TripleS 500GS2,마이존,ATX 파워,정격 200W,표기 500W,20핀+4핀,120mm 팬,,,O,,,"
"알피티랜드  ANYKEY 500W REAL,알피티랜드,ATX 파워,정격 500W,표기 500W,20핀+4핀,120mm 팬,O,,,O,,"
"이도디스플레이 PETRA ICE-S LM500 KC 벌크,이도디스플레이,ATX 파워,정격 230W,,20핀+4핀,120mm 팬,O,,,,,"
"이도디스플레이 PETRA ICE-S B600 KC,이도디스플레이,ATX 파워,400W,,20핀+4핀,120mm 팬,O,,,,,"
"이도디스플레이 Q-STAR 500T V2.2 KC 벌크,이도디스플레이,ATX 파워,정격 230W,,20핀+4핀,120mm 팬,O,,,,,"
"에즈윈아이피씨  ATA-600FBM 80PLUS BRONZE,에즈윈아이피씨,ATX 파워,정격 600W,,20핀+4핀,120mm 팬,O,,,O,,O"
"Enermax  RevolutionXt II ERX650AWT,Enermax,ATX 파워,정격 650W,,24핀 전용,120mm 팬,O,,,O,,O"
"이도디스플레이 PETRA ICE-S R500,이도디스플레이,ATX 파워,500W,,20핀+4핀,120mm 팬,O,,,,,"
"HOPELY  500T V2.2,HOPELY,ATX 파워,정격 230W,,20핀+4핀,120mm 팬,O,,,,,"
"HALO  H-M450W V2.2,HALO,M-ATX 파워,정격 200W,표기 450W,20핀+4핀,80mm 팬,,,O,,,"
"케이씨커머스 ANYZEN AT-T500Y,케이씨커머스,TFX 파워,정격 200W,,20핀+4핀,80mm 팬,,,O,,,"
"케이씨커머스 ANYZEN AT-600Z,케이씨커머스,ATX 파워,정격 300W,,20핀+4핀,120mm 팬,O,,,,,"
"케이씨커머스 ANYZEN 600 Genuine,케이씨커머스,ATX 파워,정격 500W,,20핀+4핀,120mm 팬,O,,,,,"
"케이씨커머스 ANYZEN 500 Genuine,케이씨커머스,ATX 파워,정격 400W,,20핀+4핀,120mm 팬,O,,,,,"
"케이씨커머스 ANYZEN AN-700KC,케이씨커머스,ATX 파워,정격 500W,,20핀+4핀,120mm 팬,O,,,,,"
"VOLT  6000PB,VOLT,ATX 파워,정격 350W,표기 600W,20핀+4핀,120mm 팬,O,,,,,"
"HOPELY  600HB KC,HOPELY,ATX 파워,,표기 600W,20핀+4핀,120mm 팬,O,,,,,"
"이도디스플레이 PETRA ICE-S HB600 KC,이도디스플레이,ATX 파워,350W,,20핀+4핀,120mm 팬,O,,,,,"
"HALO  Bequiet-6000PN V2.3,HALO,ATX 파워,정격 400W,표기 500W,20핀+4핀,120mm 팬,O,,,,,"
"케이씨커머스 ANYZEN AT-M500N,케이씨커머스,M-ATX 파워,정격 200W,,20핀+4핀,80mm 팬,,,O,,,"
"케이씨커머스 ANYZEN AN-500TKC,케이씨커머스,TFX 파워,정격 250W,,20핀+4핀,80mm 팬,,,O,,,"
"마이존  TripleS M500ST3,마이존,M-ATX 파워,정격 230W,표기 500W,20핀+4핀,80mm 팬,,,O,,,"
"이도디스플레이 PETRA ICE-S M500 KC 벌크,이도디스플레이,ATX 파워,정격 230W,,20핀+4핀,120mm 팬,O,,,,,"
"이도디스플레이 PETRA ICE-S L500 6PIN KC 벌크,이도디스플레이,ATX 파워,200W,,20핀+4핀,120mm 팬,,,O,,,"
"케이씨커머스 ANYZEN AN-500MKC,케이씨커머스,M-ATX 파워,정격 250W,,20핀+4핀,80mm 팬,,,O,,,"
"HOPELY  500HB KC,HOPELY,ATX 파워,,표기 500W,20핀+4핀,120mm 팬,,,O,,,"
"케이씨커머스 ANYZEN AT-M450E,케이씨커머스,M-ATX 파워,정격 200W,,20핀+4핀,80mm 팬,,,O,,,"
"AONE  TFX 450P,AONE,TFX 파워,,표기 450W,20핀+4핀,80mm 팬,,,O,,,"
"HOPELY  600JB,HOPELY,ATX 파워,정격 230W,,20핀+4핀,120mm 팬,O,,,,,"
"이도디스플레이 PETRA ICE-S 600R,이도디스플레이,ATX 파워,정격 500W,,20핀+4핀,120mm 팬,O,,,,,"
"REX COOL  LM-2 450 HYBRID V2.3,REX COOL,M-ATX 파워,,표기 450W,20핀+4핀,80mm 팬,,,O,,,"
"이도디스플레이 Q-STAR 600HQ,이도디스플레이,ATX 파워,정격 400W,,20핀+4핀,120mm 팬,O,,,,,"
"GSI  Circle 500AP 벌크,GSI,ATX 파워,정격 200W,표기 200W,20핀+4핀,120mm 팬,,,O,,,"
"NCTOP  Natural Wind TFX400LP 벌크,NCTOP,TFX 파워,,표기 400W,20핀+4핀,80mm 팬,,,O,O,,"
"POWEREX  Autosync 600 벌크,POWEREX,ATX 파워,400W,,20핀+4핀,120mm 팬,O,,,O,,"
"HOPELY  500A KC,HOPELY,ATX 파워,,표기 500W,20핀+4핀,120mm 팬,,,O,,,"
"PNC PARTNER   ON_Power 500VE,PNC PARTNER,ATX 파워,정격 230W,,20핀+4핀,120mm 팬,,,O,,,"
"ICE-MAN ICE-MAN PREMIUM 600W,ICE-MAN,ATX 파워,정격 600W,,20핀+4핀,120mm 팬,O,,,,,"
"HOPELY  500A6 KC,HOPELY,ATX 파워,,표기 500W,20핀+4핀,120mm 팬,,,O,,,"
"ICE-MAN ICE-MAN M400W KC 벌크,ICE-MAN,Micro-ATX 파워,정격 200W,,20핀+4핀,80mm 팬,,,O,,,"
"알피티랜드  AEGIS 600A Gaming v2.3,알피티랜드,ATX 파워,,표기 600W,20핀+4핀,120mm 팬,O,,,O,,"
"ICE-MAN ICE-MAN PREMIUM 500W V2.3,ICE-MAN,ATX 파워,정격 500W,표기 500W,20핀+4핀,120mm 팬,O,,,,,"
"NCTOP  NATURAL WIND V2.3 500W EMC,NCTOP,ATX 파워,,표기 500W,20핀+4핀,120mm 팬,O,,,O,,"
"PNC PARTNER   ON_Power 600VE,PNC PARTNER,ATX 파워,정격 230W,,20핀+4핀,120mm 팬,,,O,,,"
"ICE-MAN ICE-MAN M400W 벌크,ICE-MAN,Micro-ATX 파워,정격 200W,표기 400W,20핀+4핀,80mm 팬,,,,,,"
"PNC PARTNER   ON_Power 600 TURBO,PNC PARTNER,ATX 파워,정격 300W,,20핀+4핀,120mm 팬,O,,,O,,"
"알피티랜드  일품 IP-500A PLUS,알피티랜드,ATX 파워,,표기 500W,20핀+4핀,120mm 팬,O,,,O,,"
"알피티랜드  AEGIS 700A Gaming v2.3,알피티랜드,ATX 파워,,표기 700W,20핀+4핀,120mm 팬,O,,,O,,"
"알피티랜드  정일품 600 STANDARD v2.3,알피티랜드,ATX 파워,,표기 600W,20핀+4핀,120mm 팬,O,,,O,,"
"BABEL  Pro 650K Double Forward V2.31 Blackbel Series,BABEL,ATX 파워,,표기 600W,20핀+4핀,120mm 팬,O,,,,,"
"ICE-MAN ICE-MAN 500T V2.2,ICE-MAN,ATX 파워,정격 230W,표기 500W,20핀+4핀,120mm 팬,O,,,,,"
"ICE-MAN ICE-MAN 500T PLUS V2.2 KC,ICE-MAN,ATX 파워,정격 230W,,20핀+4핀,120mm 팬,O,,,,,"
"HOPELY  M450SB KC,HOPELY,Micro-ATX 파워,,표기 450W,20핀+4핀,80mm 팬,,,O,,,"
"ICE-MAN ICE-MAN 500T V2.2 KC,ICE-MAN,ATX 파워,정격 230W,,20핀+4핀,120mm 팬,O,,,,,"
"알피티랜드  정일품 500 Standard v2.3,알피티랜드,ATX 파워,,표기 500W,20핀+4핀,120mm 팬,O,,,O,,"
"ICE-MAN ICE-MAN 500T PLUS V2.2,ICE-MAN,ATX 파워,정격 230W,표기 500W,20핀+4핀,120mm 팬,O,,,,,"
"엔씨파워텍  NATURAL V2.3 500P-KC (벌크),엔씨파워텍,ATX 파워,,표기 500W,20핀+4핀,120mm 팬,,,O,O,,"
"WEED  W500-ORIGIN,WEED,ATX 파워,정격 230W,표기 500W,20핀+4핀,120mm 팬,O,,,,,"
"알피티랜드  AEGIS 500A V2.3,알피티랜드,ATX 파워,,표기 500W,20핀+4핀,120mm 팬,,,O,,,"
"알피티랜드  RPT-500 ATX,알피티랜드,ATX 파워,,표기 500W,20핀+4핀,120mm 팬,,,O,,,"
"이도디스플레이 PETRA ICE-S MH600 KC,이도디스플레이,ATX 파워,300W,,20핀+4핀,120mm 팬,O,,,,,"
"알피티랜드  일품 IP-450 TFX V2.2,알피티랜드,TFX 파워,,표기 450W,20핀+4핀,80mm 팬,,,O,O,,"
"ICE-MAN ICE-MAN 450L KC 벌크,ICE-MAN,ATX 파워,정격 200W,,20핀+4핀,120mm 팬,,,O,,,"
"ICE-MAN ICE-MAN 500L V2.2 KC,ICE-MAN,ATX 파워,정격 200W,,20핀+4핀,120mm 팬,,,O,,,"
"알피티랜드  RPT-400 MINI 벌크,알피티랜드,M-ATX 파워,,표기 400W,20핀+4핀,80mm 팬,,,O,O,,"
"ICE-MAN ICE-MAN M450W V2.2 KC,ICE-MAN,Micro-ATX 파워,정격 200W,,20핀+4핀,80mm 팬,,,O,,,"
"GSI  DOHICH PREMIUM 600W V2.3,GSI,ATX 파워,정격 600W,,20핀+4핀,120mm 팬,O,,,,,"
"ICE-MAN ICE-MAN 500T V2.2 KC 벌크,ICE-MAN,ATX 파워,정격 230W,,20핀+4핀,120mm 팬,O,,,,,"
"ICE-MAN ICE-MAN 600TI V2.3 KC,ICE-MAN,ATX 파워,정격 400W,,20핀+4핀,120mm 팬,O,,,,,"
"ICE-MAN ICE-MAN 500LB V2.2 KC 벌크,ICE-MAN,ATX 파워,200W,,20핀+4핀,120mm 팬,,,O,,,"
"HOPELY  600A,HOPELY,ATX 파워,정격 200W,,20핀+4핀,120mm 팬,,,O,,,"
"ICE-MAN ICE-MAN 450AL Plus KC 벌크,ICE-MAN,ATX 파워,정격 200W,,20핀+4핀,120mm 팬,,,O,,,"
"PNC PARTNER   ON_Power 600 PLATINUM 벌크,PNC PARTNER,ATX 파워,정격 400W,,20핀+4핀,120mm 팬,O,,,O,,"
"GSI  DOHICH PREMIUM 500W V2.3,GSI,ATX 파워,정격 500W,,20핀+4핀,120mm 팬,O,,,,,"
"GSI  DOHICH VT-500 TITANIUM,GSI,ATX 파워,정격 230W,,20핀+4핀,120mm 팬,O,,,,,"
"GSI  DOHICH VT-600 TITANIUM,GSI,ATX 파워,정격 350W,,20핀+4핀,120mm 팬,O,,,,,"
"APEX CNP  TLX600 V2.3 KC,APEX CNP,ATX 파워,350W,,20핀+4핀,120mm 팬,O,,,O,,"
"APEX CNP  DS600 PREMIUM,APEX CNP,ATX 파워,300W,,20핀+4핀,120mm 팬,O,,,O,,"
"ICE-MAN ICE-MAN M450W V2.2,ICE-MAN,Micro-ATX 파워,정격 200W,표기 450W,20핀+4핀,80mm 팬,,,,,,"
"현대  HD-600LK 6PIN,현대,ATX 파워,,표기 600W,20핀+4핀,120mm 팬,,,O,,,"
