"삼성전자  750 EVO(120GB),삼성전자,내장형,2.5형(6.4cm),TLC 기반,,16 nm,삼성,최대 520MB/s,최대 540MB/s,,O,,,,,"
"삼성전자  850 EVO Series(250GB),삼성전자,내장형,2.5형(6.4cm),TLC(토글),3D낸드,,삼성 MGX 컨트롤러,최대 520MB/s,최대 540MB/s,,,,,,,"
"마이크론 Crucial MX300 대원CTS(275GB),마이크론,내장형,2.5형(6.4cm),TLC(기타),3D낸드,,마벨 88SS1074,최대 500MB/s,최대 530MB/s,,,,,,,"
"WD  Green SSD(240GB),WD,내장형,2.5형(6.4cm),,,,,최대 465MB/s,최대 540MB/s,,,,,,,"
"삼성전자  960 EVO M.2 2280(250GB),삼성전자,내장형,M.2 (2280),TLC(토글),3D낸드,,삼성 Polaris,최대 1,500MB/s,최대 3,200MB/s,,O,,,,,"
"WD  Green SSD(120GB),WD,내장형,2.5형(6.4cm),,,,,최대 430MB/s,최대 540MB/s,,,,,,,"
"Sandisk  SSD PLUS(120GB),Sandisk,내장형,2.5형(6.4cm),확인 요망,,,,최대 400MB/s,최대 530MB/s,,,,,,,"
"삼성전자  850 PRO(256GB),삼성전자,내장형,2.5형(6.4cm),MLC(토글),3D낸드,,삼성 3-CORE MEX,최대 520MB/s,최대 550MB/s,,O,,,,,"
"마이크론 Crucial MX300 대원CTS(525GB),마이크론,내장형,2.5형(6.4cm),TLC(기타),3D낸드,,마벨 88SS1074,최대 510MB/s,최대 530MB/s,,,,,,,"
"삼성전자  960 PRO M.2 2280(512GB),삼성전자,내장형,M.2 (2280),MLC(토글),3D낸드,,삼성 Polaris,최대 2,100MB/s,최대 3,500MB/s,,O,,,,,"
"Sandisk  SSD PLUS(240GB),Sandisk,내장형,2.5형(6.4cm),확인 요망,,,,최대 440MB/s,최대 530MB/s,,,,,,,"
"마이크론 Crucial MX300 아스크텍(275GB),마이크론,내장형,2.5형(6.4cm),TLC(기타),3D낸드,,마벨 88SS1074,최대 500MB/s,최대 530MB/s,,,,,,,"
"타무즈  RX460(120GB),타무즈,내장형,2.5형(6.4cm),TLC(토글),,,마벨 88NV1120,최대 400MB/s,최대 530MB/s,,,,,,,"
"WD  Blue SSD(250GB),WD,내장형,2.5형(6.4cm),,,,,최대 500MB/s,최대 540MB/s,,,,,,,"
"ADATA  Ultimate SU800(256GB),ADATA,내장형,2.5형(6.4cm),TLC(기타),3D낸드,,실리콘모션 SM2258,최대 520MB/s,최대 560MB/s,,,,,,,"
"PALIT  UVS-SSD(120GB),PALIT,내장형,2.5형(6.4cm),TLC(기타),2D낸드,,파이슨 S3111-S11,최대 375MB/s,최대 560MB/s,,,,,,,"
"Plextor  M8PeG M.2 2280(256GB),Plextor,내장형,M.2 (2280),MLC(토글),,15 nm,마벨 88SS1093,최대 900MB/s,최대 2,000MB/s,,,,,,,"
"WD  Black M.2 2280(256GB),WD,내장형,M.2 (2280),,,,,최대 700MB/s,최대 2,050MB/s,,,,,,,"
"마이크론 Crucial MX300 M.2 2280 대원CTS(275GB),마이크론,내장형,M.2 (2280),TLC(기타),3D낸드,,마벨 88SS1074,최대 500MB/s,최대 530MB/s,,,,,,,"
"타무즈  RX550(256GB),타무즈,내장형,2.5형(6.4cm),TLC(기타),3D낸드,,실리콘모션 SM2258,최대 510MB/s,최대 560MB/s,,,,,,,"
"WD  Blue SSD(500GB),WD,내장형,2.5형(6.4cm),,,,,최대 525MB/s,최대 545MB/s,,,,,,,"
"PALIT  GFS-SSD(240GB),PALIT,내장형,2.5형(6.4cm),MLC(기타),3D낸드,,파이슨 S3111-S11,최대 480MB/s,최대 560MB/s,,,,,,,"
"삼성전자  850 EVO Series(500GB),삼성전자,내장형,2.5형(6.4cm),TLC(토글),3D낸드,,삼성 MGX 컨트롤러,최대 520MB/s,최대 540MB/s,,,,,,,"
"ESSENCORE KLEVV NEO N600(240GB),ESSENCORE,내장형,2.5형(6.4cm),TLC(기타),2D낸드,16 nm,실리콘모션 SM2256,최대 510MB/s,최대 560MB/s,,,,,,,"
"마이크론 Crucial MX300 M.2 2280 대원CTS(525GB),마이크론,내장형,M.2 (2280),TLC(기타),3D낸드,,마벨 88SS1074,최대 510MB/s,최대 530MB/s,,,,,,,"
"삼성전자  850 PRO(512GB),삼성전자,내장형,2.5형(6.4cm),MLC(토글),3D낸드,,삼성 3-CORE MEX,최대 520MB/s,최대 550MB/s,,,,,,,"
"ADATA  Ultimate SU800(128GB),ADATA,내장형,2.5형(6.4cm),TLC(기타),3D낸드,,실리콘모션 SM2258,최대 300MB/s,최대 550MB/s,,,,,,,"
"마이크론 Crucial MX300 대원CTS(1TB),마이크론,내장형,2.5형(6.4cm),TLC(기타),3D낸드,,마벨 88SS1074,최대 510MB/s,최대 530MB/s,,,,,,,"
"ESSENCORE KLEVV NEO N600(120GB),ESSENCORE,내장형,2.5형(6.4cm),TLC(기타),2D낸드,16 nm,실리콘모션 SM2256,최대 370MB/s,최대 560MB/s,,,,,,,"
"WD  Blue SSD(1TB),WD,내장형,2.5형(6.4cm),,,,,최대 525MB/s,최대 545MB/s,,,,,,,"
"타무즈  M720 M.2 2280(512GB),타무즈,내장형,M.2 (2280),MLC(토글),2D낸드,15 nm,파이슨 PS5007-E7,최대 1,450MB/s,최대 2,750MB/s,,,,,,,"
"Lite-On  MU3(120GB),Lite-On,내장형,2.5형(6.4cm),TLC(토글),,,파이슨 S11,최대 460MB/s,최대 555MB/s,,,,,,,"
"WD  Green M.2 2280(120GB),WD,내장형,M.2 (2280),확인 요망,,,,최대 430MB/s,최대 540MB/s,,,,,,,"
"타무즈  RX550(128GB),타무즈,내장형,2.5형(6.4cm),TLC(기타),3D낸드,,실리콘모션 SM2258,최대 460MB/s,최대 560MB/s,,,,,,,"
"ADATA  Ultimate SU700(120GB),ADATA,내장형,2.5형(6.4cm),TLC(기타),3D낸드,,Maxiotek,최대 320MB/s,최대 560MB/s,,O,,,,,"
"WD  Black M.2 2280(512GB),WD,내장형,M.2 (2280),,,,,최대 800MB/s,최대 2,050MB/s,,,,,,,"
"ADATA  XPG SX8000 M.2 2280(128GB),ADATA,내장형,M.2 (2280),MLC(기타),3D낸드,,실리콘모션 SMI2260,최대 550MB/s,최대 1,000MB/s,,,,,,,"
"갤럭시  GALAX GAMER V100T(120GB),갤럭시,내장형,2.5형(6.4cm),TLC(토글),3D낸드,,파이슨 S3111-S11,최대 500MB/s,최대 520MB/s,,,,,,,"
"BIOSTAR  S100 Series(120GB),BIOSTAR,내장형,2.5형(6.4cm),TLC(기타),3D낸드,,마벨 1120,300MB/s,460MB/s,,,,,,,"
"라온티앤아이  RX630(128GB),라온티앤아이,내장형,2.5형(6.4cm),MLC(토글),,,실리콘모션 2246,170MB/s,520MB/s,,,,,,,"
"AVEXIR  E100(120GB),AVEXIR,내장형,2.5형(6.4cm),TLC(토글),,15 nm,도시바,최대 370MB/s,최대 550MB/s,,,,,,,"
"삼성전자  750 EVO(250GB),삼성전자,내장형,2.5형(6.4cm),TLC 기반,,16 nm,삼성,최대 520MB/s,최대 540MB/s,,O,,,,,"
"TOPDISK  SKT20(120GB),TOPDISK,내장형,2.5형(6.4cm),TLC(토글),,15 nm,실리콘모션 SM2256K,최대 400MB/s,최대 560MB/s,,,,,,,"
"라온티앤아이  M520 M.2 2280(128GB),라온티앤아이,내장형,M.2 (2280),MLC(토글),,,실리콘모션 SM2246EN,최대 170MB/s,최대 550MB/s,,,,,,,"
"TeamGroup  L7 EVO(240GB),TeamGroup,내장형,2.5형(6.4cm),TLC(토글),,,마벨 88NV1120,최대 370MB/s,최대 530MB/s,,,,,,,"
"BIOSTAR  S100 Series(240GB),BIOSTAR,내장형,2.5형(6.4cm),TLC(기타),3D낸드,,마벨 1120,430MB/s,550MB/s,,,,,,,"
"Plextor  M8PeGN M.2 2280(256GB),Plextor,내장형,M.2 (2280),MLC(토글),,15 nm,마벨 88SS1093,최대 900MB/s,최대 2,000MB/s,,,,,,,"
"WD  Blue M.2 2280(250GB),WD,내장형,M.2 (2280),확인 요망,,,,최대 500MB/s,최대 540MB/s,,,,,,,"
"ADATA  XPG SX8000 M.2 2280(256GB),ADATA,내장형,M.2 (2280),MLC(기타),3D낸드,,실리콘모션 SMI2260,최대 1,100MB/s,최대 2,000MB/s,,,,,,,"
"Plextor  M8PeG M.2 2280(1TB),Plextor,내장형,M.2 (2280),MLC(토글),,15 nm,마벨 88SS1093,최대 1,400MB/s,최대 2,500MB/s,,,,,,,"
"Lite-On  MU3 3D(120GB),Lite-On,내장형,2.5형(6.4cm),TLC(기타),3D낸드,,파이슨 S11,최대 400MB/s,최대 500MB/s,,,,,,,"
"Plextor  M7V M.2 2280(256GB),Plextor,내장형,M.2 (2280),TLC(토글),,,마벨 88SS1074B1,최대 530MB/s,최대 560MB/s,,,,,,,"
"타무즈  RX540(128GB),타무즈,내장형,2.5형(6.4cm),TLC(토글),3D낸드,,JMicron,350MB/s,560MB/s,,O,,,,,"
"타무즈  M720 M.2 2280(128GB),타무즈,내장형,M.2 (2280),MLC(토글),2D낸드,15 nm,파이슨 PS5007-E7,최대 1,200MB/s,최대 2,300MB/s,,,,,,,"
"라온티앤아이  RX630(256GB),라온티앤아이,내장형,2.5형(6.4cm),MLC(토글),,,실리콘모션 2246,280MB/s,530MB/s,,,,,,,"
"WD  Green M.2 2280(240GB),WD,내장형,M.2 (2280),확인 요망,,,,최대 465MB/s,최대 540MB/s,,,,,,,"
"TeamGroup  L5 Lite(120GB),TeamGroup,내장형,2.5형(6.4cm),TLC(기타),3D낸드,,,최대 300MB/s,최대 500MB/s,,,,,,,"
"Plextor  M8PeY PCIe(1TB),Plextor,내장형,PCIe 카드,MLC(토글),,15 nm,마벨 88SS1093,최대 1,400MB/s,최대 2,500MB/s,,,,,,,"
"Plextor  M8PeG M.2 2280(512GB),Plextor,내장형,M.2 (2280),MLC(토글),,15 nm,마벨 88SS1093,최대 1,300MB/s,최대 2,300MB/s,,,,,,,"
"마이크론 Crucial MX300 M.2 2280 대원CTS(1TB),마이크론,내장형,M.2 (2280),TLC(기타),3D낸드,,마벨 88SS1074,최대 510MB/s,최대 530MB/s,,,,,,,"
"ZOTAC  SATA3 2.5 SSD to USB 3.0 어댑터,ZOTAC,SSD 주변기기,,,,,,,,,,,,,,"
"타무즈  M720 M.2 2280(256GB),타무즈,내장형,M.2 (2280),MLC(토글),2D낸드,15 nm,파이슨 PS5007-E7,최대 1,450MB/s,최대 2,750MB/s,,,,,,,"
"ADATA  XPG SX8000 M.2 2280(512GB),ADATA,내장형,M.2 (2280),MLC(기타),3D낸드,,실리콘모션 SMI2260,최대 1,100MB/s,최대 2,500MB/s,,,,,,,"
"Plextor  S3C(128GB),Plextor,내장형,2.5형(6.4cm),TLC(기타),2D낸드,14 nm,실리콘모션 SM2254,최대 500MB/s,최대 550MB/s,,,,,,,"
"Plextor  M7V(256GB),Plextor,내장형,2.5형(6.4cm),TLC(토글),,,마벨 88SS1074B1,최대 530MB/s,최대 560MB/s,,,,,,,"
"라온티앤아이  MX370 mSATA(128GB),라온티앤아이,내장형,Mini SATA(mSATA),MLC(토글),,,실리콘모션 SM2246EN,170MB/s,550MB/s,,,,,,,"
"Plextor  M8PeGN M.2 2280(512GB),Plextor,내장형,M.2 (2280),MLC(토글),,15 nm,마벨 88SS1093,최대 1,300MB/s,최대 2,300MB/s,,,,,,,"
"타무즈  M530 M.2 2280(120GB),타무즈,내장형,M.2 (2280),TLC(기타),2D낸드,,마벨 88NV1120,최대 405MB/s,최대 535MB/s,,,,,,,"
"WD  Blue M.2 2280(1TB),WD,내장형,M.2 (2280),확인 요망,,,,최대 525MB/s,최대 545MB/s,,,,,,,"
"TeamGroup  L7 EVO(120GB),TeamGroup,내장형,2.5형(6.4cm),TLC(토글),,,마벨 88NV1120,최대 360MB/s,최대 530MB/s,,,,,,,"
"WD  Blue M.2 2280(500GB),WD,내장형,M.2 (2280),확인 요망,,,,최대 525MB/s,최대 545MB/s,,,,,,,"
"타무즈  RX460(240GB),타무즈,내장형,2.5형(6.4cm),TLC(토글),,,마벨 88NV1120,최대 400MB/s,최대 530MB/s,,,,,,,"
"타무즈  RX470(120GB),타무즈,내장형,2.5형(6.4cm),TLC(토글),2D낸드,19 nm,실리콘모션 SM2256,400MB/s,510MB/s,,,,,,,"
"ADATA  XPG SX950(480GB),ADATA,내장형,2.5형(6.4cm),MLC(기타),3D낸드,,,최대 530MB/s,최대 560MB/s,,,,,,,"
"라온티앤아이  RX630(32GB),라온티앤아이,내장형,2.5형(6.4cm),MLC(토글),,,실리콘모션 2246,50MB/s,230MB/s,,,,,,,"
"갤럭시  GALAX GAMER V100T(240GB),갤럭시,내장형,2.5형(6.4cm),TLC(토글),3D낸드,,파이슨 S3111-S11,최대 500MB/s,최대 520MB/s,,,,,,,"
"PALIT  UVS-SSD(240GB),PALIT,내장형,2.5형(6.4cm),TLC(기타),3D낸드,,파이슨 S3111-S11,최대 450MB/s,최대 550MB/s,,,,,,,"
"Plextor  M8PeY PCIe(256GB),Plextor,내장형,PCIe 카드,MLC(토글),,15 nm,마벨 88SS1093,최대 900MB/s,최대 2,000MB/s,,,,,,,"
"ADATA  XPG SX950(240GB),ADATA,내장형,2.5형(6.4cm),MLC(기타),3D낸드,,,최대 520MB/s,최대 560MB/s,,,,,,,"
"Plextor  M6e PCIe Black Edition(256GB),Plextor,내장형,PCIe 카드,MLC(토글),,19 nm,마벨 88SS9183,최대 580MB/s,최대 770MB/s,,O,,,,,"
"타무즈  M550 M.2 2280(512GB),타무즈,내장형,M.2 (2280),TLC(기타),3D낸드,,실리콘모션 SM2258,최대 520MB/s,최대 570MB/s,,,,,,,"
"Plextor  M7V(128GB),Plextor,내장형,2.5형(6.4cm),TLC(토글),,,마벨 88SS1074B1,최대 500MB/s,최대 560MB/s,,,,,,,"
"갤럭시  GALAX GAMER L SSD V3(240GB),갤럭시,내장형,2.5형(6.4cm),MLC(토글),2D낸드,,파이슨 S3110-S10,최대 220MB/s,최대 550MB/s,,,,,,,"
"ADATA  Ultimate SU700(240GB),ADATA,내장형,2.5형(6.4cm),TLC(기타),3D낸드,,Maxiotek,최대 520MB/s,최대 560MB/s,,O,,,,,"
"Plextor  S2G M.2 2280(256GB),Plextor,내장형,M.2 (2280),TLC(토글),,16 nm,실리콘모션 SM2258,최대 480MB/s,최대 520MB/s,,,,,,,"
"Plextor  M8PeGN M.2 2280(1TB),Plextor,내장형,M.2 (2280),MLC(토글),,15 nm,마벨 88SS1093,최대 1,400MB/s,최대 2,500MB/s,,,,,,,"
"라온티앤아이  MX370 mSATA(256GB),라온티앤아이,내장형,Mini SATA(mSATA),MLC(토글),,,실리콘모션 SM2246EN,320MB/s,560MB/s,,,,,,,"
"타무즈  외장 SSD 전용 파우치,타무즈,SSD 주변기기,,,,,,,,,,,,,,"
"ZOTAC  SONIX PCIe(480GB),ZOTAC,내장형,PCIe 카드,MLC(토글),,,,최대 1,300 MB/s,최대 2,600 MB/s,,,,,,,"
"타무즈  M550 M.2 2280(128GB),타무즈,내장형,M.2 (2280),TLC(기타),3D낸드,,실리콘모션 SM2258,최대 460MB/s,최대 570MB/s,,,,,,,"
"SilverStone  듀얼 SSD 가이드 (SDP08-LITE),SilverStone,SSD 주변기기,철재(SECC),,,,,,,,,,,O,,"
"TOPDISK  SKT20(240GB),TOPDISK,내장형,2.5형(6.4cm),TLC(토글),,15 nm,실리콘모션 SM2256K,최대 510MB/s,최대 560MB/s,,,,,,,"
"Plextor  S2G M.2 2280(512GB),Plextor,내장형,M.2 (2280),TLC(토글),,16 nm,실리콘모션 SM2258,최대 480MB/s,최대 520MB/s,,,,,,,"
"Plextor  S3C(256GB),Plextor,내장형,2.5형(6.4cm),TLC(기타),2D낸드,14 nm,실리콘모션 SM2254,최대 510MB/s,최대 550MB/s,,,,,,,"
"TeamGroup  L3 EVO(120GB),TeamGroup,내장형,2.5형(6.4cm),TLC(토글),,,파이슨,최대 400MB/s,최대 500MB/s,,,,,,,"
"Plextor  S2G M.2 2280(128GB),Plextor,내장형,M.2 (2280),TLC(토글),,16 nm,실리콘모션 SM2258,최대 460MB/s,최대 520MB/s,,,,,,,"
"타무즈  M550 M.2 2280(256GB),타무즈,내장형,M.2 (2280),TLC(기타),3D낸드,,실리콘모션 SM2258,최대 520MB/s,최대 570MB/s,,,,,,,"
"TeamGroup  L3 EVO(240GB),TeamGroup,내장형,2.5형(6.4cm),TLC(토글),,,파이슨,최대 470MB/s,최대 530MB/s,,,,,,,"
"Plextor  M6e PCIe Black Edition(512GB),Plextor,내장형,PCIe 카드,MLC(토글),,19 nm,마벨 88SS9183,최대 625MB/s,최대 770MB/s,,O,,,,,"
"Plextor  M6e M.2 2280(128GB),Plextor,내장형,M.2 (2280),MLC(토글),,,마벨 88SS9183,최대 335MB/s,최대 770MB/s,,O,,,,,"
"TeamGroup  L5 Lite(480GB),TeamGroup,내장형,2.5형(6.4cm),TLC(기타),3D낸드,,,최대 420MB/s,최대 530MB/s,,,,,,,"
"TeamGroup  L5 Lite(240GB),TeamGroup,내장형,2.5형(6.4cm),TLC(기타),3D낸드,,,최대 400MB/s,최대 530MB/s,,,,,,,"
"Plextor  M7V M.2 2280(128GB),Plextor,내장형,M.2 (2280),TLC(토글),,,마벨 88SS1074B1,최대 500MB/s,최대 560MB/s,,,,,,,"
"Plextor  M6e M.2 2280(512GB),Plextor,내장형,M.2 (2280),MLC(토글),,,마벨 88SS9183,최대 625MB/s,최대 770MB/s,,O,,,,,"
"삼성전자  850 EVO Series(120GB),삼성전자,내장형,2.5형(6.4cm),TLC(토글),3D낸드,,삼성 MGX 컨트롤러,최대 520MB/s,최대 540MB/s,,,,,,,"
"Sandisk  Z410(120GB),Sandisk,내장형,2.5형(6.4cm),TLC(토글),,,,최대 410MB/s,최대 535MB/s,,,,,,,"
"삼성전자  960 PRO M.2 2280(2TB),삼성전자,내장형,M.2 (2280),MLC(토글),3D낸드,,삼성 Polaris,최대 2,100MB/s,최대 3,500MB/s,,O,,,,,"
"삼성전자  960 EVO M.2 2280(500GB),삼성전자,내장형,M.2 (2280),TLC(토글),3D낸드,,삼성 Polaris,최대 1,800MB/s,최대 3,200MB/s,,O,,,,,"
"파이슨  S11MS mSATA 벌크(256GB),파이슨,내장형,,TLC(기타),2D낸드,,파이슨,,,,,,,,,"
"바른전자  OJ500i(128GB),바른전자,내장형,2.5형(6.4cm),MLC(기타),,,실리콘모션 SM2246,최대 145.10MB/s,최대 534.19MB/s,,,,,,,"
"삼성전자  850 EVO Series(1TB),삼성전자,내장형,2.5형(6.4cm),TLC(토글),3D낸드,,삼성 MEX 컨트롤러,최대 520MB/s,최대 540MB/s,,,,,,,"
"인텔  Optane Memory M.2 2280(16GB),인텔,내장형,M.2 (2280),,,,,최대 280MB/s,최대 1,200MB/s,,,,,,,"
"삼성전자  850 PRO(1TB),삼성전자,내장형,2.5형(6.4cm),MLC(토글),3D낸드,,삼성 3-CORE MEX,최대 520MB/s,최대 550MB/s,,,,,,,"
"삼성전자  SM961 M.2 2280 병행수입(256GB),삼성전자,내장형,,MLC(토글),3D낸드,,삼성 Polaris (AMD),최대 1800MB/s,최대 3200MB/s,,,,,,,"
"삼성전자  850 EVO M.2 2280(250GB),삼성전자,내장형,M.2 (2280),,3D낸드,,삼성 MGX Controller,최대 500MB/s,최대 540MB/s,,,,,,,"
"삼성전자  850 EVO Series(4TB),삼성전자,내장형,2.5형(6.4cm),TLC(토글),3D낸드,,삼성 MHX 컨트롤러,최대 520MB/s,최대 540MB/s,,,,,,,"
"삼성전자  850 EVO M.2 2280(120GB),삼성전자,내장형,M.2 (2280),,3D낸드,,삼성 MGX Controller,최대 500MB/s,최대 540MB/s,,,,,,,"
"삼성전자  960 PRO M.2 2280(1TB),삼성전자,내장형,M.2 (2280),MLC(토글),3D낸드,,삼성 Polaris,최대 2,100MB/s,최대 3,500MB/s,,O,,,,,"
"ADATA  Premier Pro New SP920(256GB),ADATA,내장형,2.5형(6.4cm),MLC(동기식),,,마벨 88SS9188,최대 360MB/s,최대 560MB/s,,,,,O,,"
"기가스톤  Prime SS-8400(128GB),기가스톤,내장형,2.5형(6.4cm),TLC(기타),3D낸드,,실리콘모션 SMI2258,300MB/s,550MB/s,,,,,,,"
"ADATA  Premier SP580(120GB),ADATA,내장형,2.5형(6.4cm),TLC(토글),,,마벨 88NV1120,최대 410MB/s,최대 560MB/s,,,,,,,"
"Sandisk  Z400s(256GB),Sandisk,내장형,2.5형(6.4cm),MLC(낸드),,,,최대 330MB/s,최대 549MB/s,,,,,,,"
"ADATA  Ultimate SU900(256GB),ADATA,내장형,2.5형(6.4cm),MLC(기타),3D낸드,,실리콘모션 SMI 2258,최대 520MB/s,최대 560MB/s,,,,,,,"
"Sandisk  SSD PLUS(480GB),Sandisk,내장형,2.5형(6.4cm),확인 요망,,,,최대 445MB/s,최대 535MB/s,,,,,,,"
"삼성전자  960 EVO M.2 2280(1TB),삼성전자,내장형,M.2 (2280),TLC(토글),3D낸드,,삼성 Polaris,최대 1,900MB/s,최대 3,200MB/s,,O,,,,,"
"마이크론 Crucial MX300 아스크텍(525GB),마이크론,내장형,2.5형(6.4cm),TLC(기타),3D낸드,,마벨 88SS1074,최대 510MB/s,최대 530MB/s,,,,,,,"
"킹스톤  SSDNow UV400(240GB),킹스톤,내장형,2.5형(6.4cm),TLC(토글),,,마벨 88SS1074,490MB/s,550MB/s,,,,,,,"
"삼성전자  PM961 M.2 2280 병행수입(256GB),삼성전자,내장형,,TLC(토글),,,삼성 Polaris (AMD),,,,,,,,,"
"삼성전자  850 EVO mSATA(250GB),삼성전자,내장형,Mini SATA(mSATA),TLC(토글),3D낸드,,삼성전자 MGX Controller,최대 520MB/s,최대 540MB/s,,,,,,,"
"삼성전자  850 EVO M.2 2280(500GB),삼성전자,내장형,M.2 (2280),,3D낸드,,삼성 MGX Controller,최대 500MB/s,최대 540MB/s,,,,,,,"
"실리콘파워  Slim S56(120GB),실리콘파워,내장형,2.5형(6.4cm),TLC(기타),2D낸드,,파이슨,최대 530MB/s,최대 560MB/s,,,,,,,"
"Sandisk  Z410(480GB),Sandisk,내장형,2.5형(6.4cm),TLC(토글),,,,최대 410MB/s,최대 535MB/s,,,,,,,"
"ADATA  Ultimate SU800(512GB),ADATA,내장형,2.5형(6.4cm),TLC(기타),3D낸드,,실리콘모션 SM2258,최대 520MB/s,최대 560MB/s,,,,,,,"
"e-STAR  ST980 M.2 2280(512GB),e-STAR,내장형,M.2 (2280),MLC(기타),,,파이슨,최대 2,200MB/s,최대 3,000MB/s,,O,,,,,"
"ADATA  Premier Pro SP900(128GB),ADATA,내장형,2.5형(6.4cm),MLC(기타),,,샌드포스,535MB/s,545MB/s,,,,,O,,"
"Sandisk  Z400s(128GB),Sandisk,내장형,2.5형(6.4cm),MLC(낸드),,,,최대 330MB/s,최대 549MB/s,,,,,,,"
"디오테라  VIVA 300S PRO(128GB),디오테라,내장형,2.5형(6.4cm),MLC(기타),2D낸드,,실리콘모션 SM2246,최대 200MB/s,최대 500MB/s,,,,,,,"
"마이크론 Crucial MX300 M.2 2280 아스크텍(275GB),마이크론,내장형,M.2 (2280),TLC(기타),3D낸드,,마벨 88SS1074,최대 500MB/s,최대 530MB/s,,,,,,,"
"Sandisk  Z410(240GB),Sandisk,내장형,2.5형(6.4cm),TLC(토글),,,,최대 410MB/s,최대 535MB/s,,,,,,,"
"삼성전자  PM961 M.2 2280 병행수입(512GB),삼성전자,내장형,,TLC(토글),,,삼성 Polaris (AMD),,,,,,,,,"
"KINGMAX  3.5 브라켓,KINGMAX,SSD 주변기기,철재(SECC),,,,,,,,,,,O,,"
"마이크론 Crucial MX300 아스크텍(2TB),마이크론,내장형,2.5형(6.4cm),TLC(기타),3D낸드,,마벨 88SS1074,최대 510MB/s,최대 530MB/s,,,,,,,"
"마이크론 Crucial MX300 아스크텍(1TB),마이크론,내장형,2.5형(6.4cm),TLC(기타),3D낸드,,마벨 88SS1074,최대 510MB/s,최대 530MB/s,,,,,,,"
"킹스톤  SSDNow UV400(120GB),킹스톤,내장형,2.5형(6.4cm),TLC(토글),,,마벨 88SS1074,350MB/s,550MB/s,,,,,,,"
"ADATA  Premier Pro New SP920(128GB),ADATA,내장형,2.5형(6.4cm),MLC(동기식),,,마벨 88SS9188,최대 180MB/s,최대 560MB/s,,,,,O,,"
"인텔  Optane Memory M.2 2280(32GB),인텔,내장형,M.2 (2280),,,,,최대 280MB/s,최대 1,200MB/s,,,,,,,"
"디오테라  VIVA 300S M.2 2280(256GB),디오테라,내장형,M.2 (2280),MLC(기타),2D낸드,,실리콘모션 SM2246,최대 380MB/s,최대 540MB/s,,,,,,,"
"삼성전자  850 EVO Series(2TB),삼성전자,내장형,2.5형(6.4cm),TLC(토글),3D낸드,,삼성 MHX 컨트롤러,최대 520MB/s,최대 540MB/s,,,,,,,"
"킹스톤  SSDNow A400(240GB),킹스톤,내장형,2.5형(6.4cm),TLC(기타),2D낸드,,킹스톤,최대 350MB/s,최대 500MB/s,,,,,,,"
"ADATA  Premier Pro SP600(128GB),ADATA,내장형,2.5형(6.4cm),MLC(기타),,,JMicron JMF667H,최대쓰기 150MB/s,최대읽기 530MB/s,,,,,,,"
"e-STAR  SX300 mSATA(64GB),e-STAR,내장형,Mini SATA(mSATA),MLC(기타),,,파이슨,,,,,,,,,"
"삼성전자  850 EVO mSATA(500GB),삼성전자,내장형,Mini SATA(mSATA),TLC(토글),3D낸드,,삼성전자 MGX Controller,최대 520MB/s,최대 540MB/s,,,,,,,"
"실리콘파워  Slim S55(120GB),실리콘파워,내장형,2.5형(6.4cm),TLC(기타),3D낸드,,,최대 370MB/s,최대 420MB/s,,,,,,,"
"트랜센드  M.2 SSD 외장 케이스 (TS-CM80),트랜센드,SSD 주변기기,,,,,,,,O,,,,,,"
"명인일렉트로닉스 엠트루 Half Slim SSD MH915(32GB),명인일렉트로닉스,산업용,Half Slim,MLC(동기식),,,파이슨 PS3109-S9,430MB/s,530MB/s,,,,,,,"
"삼성전자  850 EVO M.2 2280(1TB),삼성전자,내장형,M.2 (2280),,3D낸드,,삼성 MGX Controller,최대 500MB/s,최대 540MB/s,,,,,,,"
"e-STAR  ST980 M.2 2280(256GB),e-STAR,내장형,M.2 (2280),MLC(기타),,,파이슨,최대 2,200MB/s,최대 3,000MB/s,,O,,,,,"
"PHINOCOM  P700S PRO(256GB),PHINOCOM,내장형,2.5형(6.4cm),MLC(기타),3D낸드,,,최대 540MB/s,최대 560MB/s,,,,,,,"
"디오테라  VIVA 300S(240GB),디오테라,내장형,2.5형(6.4cm),TLC(기타),2D낸드,,실리콘모션 SMI SM2258H,최대 425MB/s,최대 562MB/s,,,,,,,"
"인텔  750 Series(1.2TB),인텔,내장형,PCIe 카드,MLC(기타),,20 nm,인텔,최대 1,200MB/s,최대 2,400MB/s,,,,,,,"
"e-STAR  ST360 M.2 2260(256GB),e-STAR,내장형,M.2 (2260),TLC(기타),3D낸드,,파이슨,,,,,,,,,"
"마이크론 Crucial MX300 M.2 2280 아스크텍(525GB),마이크론,내장형,M.2 (2280),TLC(기타),3D낸드,,마벨 88SS1074,최대 500MB/s,최대 530MB/s,,,,,,,"
"ADATA  Ultimate SU900(512GB),ADATA,내장형,2.5형(6.4cm),MLC(기타),3D낸드,,실리콘모션 SMI 2258,최대 525MB/s,최대 560MB/s,,,,,,,"
"트랜센드  SSD360S(128GB),트랜센드,내장형,2.5형(6.4cm),MLC(토글),,,Transcend TS6510,200MB/s,540MB/s,,,,,,,"
"ADATA  Premier Pro SP600(256GB),ADATA,내장형,2.5형(6.4cm),MLC(기타),,,JMicron JMF667H,최대 290MB/s,최대 540MB/s,,,,,,,"
"디오테라  VIVA 300S M.2 2280(128GB),디오테라,내장형,M.2 (2280),MLC(기타),2D낸드,,실리콘모션 SM2246,최대 200MB/s,최대 520MB/s,,,,,,,"
"e-STAR  SX300 mSATA(32GB),e-STAR,내장형,Mini SATA(mSATA),MLC(기타),,,파이슨,,,,,,,,,"
"KINGMAX  3.5 듀얼 브라켓,KINGMAX,SSD 주변기기,,,,,,,,,,,,O,,"
"디오테라  VIVA 300S PRO(64GB),디오테라,내장형,2.5형(6.4cm),MLC(기타),2D낸드,,실리콘모션 SM2246,최대 100MB/s,최대 500MB/s,,,,,,,"
"디오테라  VIVA 300S(120GB),디오테라,내장형,2.5형(6.4cm),TLC(기타),2D낸드,,실리콘모션 SMI SM2258H,최대 474B/s,최대 562MB/s,,,,,,,"
"디오테라  VIVA 300S PRO(32GB),디오테라,내장형,2.5형(6.4cm),MLC(기타),2D낸드,,실리콘모션 SM2246,최대 60MB/s,최대 300MB/s,,,,,,,"
"Sandisk  X400(256GB),Sandisk,내장형,2.5형(6.4cm),TLC(토글),,,마벨 88SS1074-BSW2,최대 520MB/s,최대 540MB/s,,,,,,,"
"e-STAR  ES-SMU3,e-STAR,M.2 컨버터,,,,,,,,,,,,,,"
"삼성전자  850 EVO mSATA(1TB),삼성전자,내장형,Mini SATA(mSATA),TLC(토글),3D낸드,,삼성전자 MGX Controller,최대 520MB/s,최대 540MB/s,,,,,,,"
"마이크론 Crucial MX300 M.2 2280 아스크텍(1TB),마이크론,내장형,M.2 (2280),TLC(기타),3D낸드,,마벨 88SS1074,최대 500MB/s,최대 530MB/s,,,,,,,"
"바른전자  OJ500i(256GB),바른전자,내장형,2.5형(6.4cm),MLC(기타),,,실리콘모션 SM2246,최대 145.10MB/s,최대 534.19MB/s,,,,,,,"
"삼성전자  850 PRO 병행수입(256GB),삼성전자,내장형,,,3D낸드,,삼성 3-CORE MEX,최대 520MB/s,최대 550MB/s,,,,,,,"
"트랜센드  SSD220S(240GB),트랜센드,내장형,2.5형(6.4cm),TLC(기타),2D낸드,,기타,최대 450MB/s,최대 550MB/s,,,,,,,"
"실리콘파워  Slim S60 Phison(120GB),실리콘파워,내장형,2.5형(6.4cm),MLC(토글),,,파이슨,최대 490MB/s,최대 520MB/s,,,,,,,"
"트랜센드  SSD360S(256GB),트랜센드,내장형,2.5형(6.4cm),MLC(토글),,,Transcend TS6510,340MB/s,540MB/s,,,,,,,"
"인텔  DC S3520 Series(150GB),인텔,내장형,2.5형(6.4cm),MLC(동기식),3D낸드,16 nm,,최대 380MB/s,최대 450MB/s,,,,,,,"
"트랜센드  SSD370S(128GB),트랜센드,내장형,2.5형(6.4cm),MLC(동기식),,,Transcend TS6500,최대 170MB/s,최대 550MB/s,,,,,,,"
"트랜센드  SSD370S(256GB),트랜센드,내장형,2.5형(6.4cm),MLC(동기식),,,Transcend TS6500,최대 320MB/s,최대 560MB/s,,,,,,,"
"e-STAR  SX300 mSATA(128GB),e-STAR,내장형,Mini SATA(mSATA),MLC(기타),,,파이슨,,,,,,,,,"
"파이슨  S960 M.2 2260 벌크 디지탈그리고나(256GB),파이슨,내장형,,MLC(동기식),,,파이슨 PS3109-S9,최대 500MB/s,최대 540MB/s,,,,,,,"
"인텔  540s(120GB),인텔,내장형,2.5형(6.4cm),TLC(토글),,,,최대 480MB/s,최대 560MB/s,,O,,,,,"
"디오테라  VIVA 300S mSATA(128GB),디오테라,내장형,Mini SATA(mSATA),MLC(기타),2D낸드,,실리콘모션 SM2246,최대 200MB/s,최대 520MB/s,,,,,,,"
"실리콘파워  Slim S56(240GB),실리콘파워,내장형,2.5형(6.4cm),TLC(기타),2D낸드,,파이슨,최대 530MB/s,최대 560MB/s,,,,,,,"
"킹스톤  S3 M.2 2280 벌크(128GB),킹스톤,내장형,,MLC(토글),,15 nm,,최대 150MB/s,최대 500MB/s,,,,,,,"
"바른전자  BSS500S(128GB),바른전자,내장형,2.5형(6.4cm),TLC(토글),3D낸드,15 nm,파이슨 PS3111-S11,540MB/s,560MB/s,,,,,,,"
"기가스톤  Prime SS-8400(256GB),기가스톤,내장형,2.5형(6.4cm),TLC(기타),3D낸드,,실리콘모션 SMI2258,494MB/s,550MB/s,,,,,,,"
"PNY  OPTIMA RE SSD(128GB),PNY,내장형,2.5형(6.4cm),MLC(토글),,,,최대 150MB/s,최대 520MB/s,,,,,,,"
"마하링크  2.5 가이드 (ML-HG2535),마하링크,SSD 주변기기,플라스틱,,,,,,,,,,,,,"
"PNY  CS1311B(256GB),PNY,내장형,2.5형(6.4cm),TLC(기타),3D낸드,,파이슨,최대 540MB/s,최대 560MB/s,,,,,,,"
"PHINOCOM  P700S EVO(120GB),PHINOCOM,내장형,2.5형(6.4cm),TLC(기타),2D낸드,,,최대 440MB/s,최대 530MB/s,,,,,,,"
"파이슨  2.5 SSD S925 벌크 디지탈그리고나(64GB),파이슨,내장형,,MLC(동기식),,,파이슨 PS3109-S9,최대 440MB/s,최대 540MB/s,,,,,,,"
"킹스톤  SSDNow A400(480GB),킹스톤,내장형,2.5형(6.4cm),TLC(기타),2D낸드,,킹스톤,최대 450MB/s,최대 500MB/s,,,,,,,"
"트랜센드  SSD220S(120GB),트랜센드,내장형,2.5형(6.4cm),TLC(기타),2D낸드,,기타,최대 420MB/s,최대 550MB/s,,,,,,,"
"강원전자 NETmate USB 3.0 mSATA SSD 알루미늄 케이스 (NM-SSC1),강원전자,SSD 주변기기,알류미늄,,,,,,,,,,,,,"
"e-STAR  SSD NGFF ST340 M.2 2242(128GB),e-STAR,내장형,M.2 (2242),MLC(기타),,,파이슨,,,,,,,,,"
"케이원정보  SCB101 듀얼 가이드,케이원정보,SSD 주변기기,,,,,,,,,,,,,,"
"TOPDISK  SKT20(64GB),TOPDISK,내장형,2.5형(6.4cm),MLC(토글),2D낸드,15 nm,실리콘모션 SM2246XT,최대 150MB/s,최대 500MB/s,,,,,,,"
"트랜센드  SSD370S(64GB),트랜센드,내장형,2.5형(6.4cm),MLC(동기식),,,Transcend TS6500,최대 80MB/s,최대 450MB/s,,,,,,,"
"PNY  CS1311B(128GB),PNY,내장형,2.5형(6.4cm),TLC(기타),3D낸드,,파이슨,최대 540MB/s,최대 560MB/s,,,,,,,"
"트랜센드  MTS600 M.2 2260(512GB),트랜센드,내장형,M.2 (2260),MLC(동기식),,20 nm,Transcend TS6500,460MB/s,550MB/s,,,,,,,"
"PNY  CS1311(480GB),PNY,내장형,,TLC(토글),,,파이슨 PS3110-S10-X,최대 520MB/s,최대 550MB/s,,,,,,,"
"삼성전자  850 EVO Series(250GB, 병행수입),삼성전자,내장형,,TLC(토글),3D낸드,,삼성 MGX 컨트롤러,최대 쓰기 520MB/s,최대 읽기 540MB/s,,,,,,,"
"e-STAR  ST380 M.2 2280(256GB),e-STAR,내장형,M.2 (2280),MLC(기타),,,파이슨,,,,,,,,,"
"e-STAR  Half Slim SSD i1000(32GB),e-STAR,산업용,2.5형(6.4cm),MLC(토글),,,파이슨 PS3109-S9,최대 440MB/s,최대 540MB/s,,,,,,,"
"e-STAR  SSD Series S9(32GB),e-STAR,내장형,2.5형(6.4cm),MLC(토글),,,,최대 440MB/s,최대 540MB/s,,,,,,,"
"파이슨  2.5 SSD S925 벌크 디지탈그리고나(32GB),파이슨,내장형,,MLC(동기식),,,파이슨 PS3109-S9,최대 440MB/s,최대 540MB/s,,,,,,,"
"인텔  540s M.2 2280(480GB),인텔,내장형,M.2 (2280),TLC(토글),,,,최대 480MB/s,최대 560MB/s,,O,,,,,"
"e-STAR  SX300 mSATA(256GB),e-STAR,내장형,Mini SATA(mSATA),MLC(기타),,,파이슨,,,,,,,,,"
"ADATA  Ultimate SU800 M.2 2280(256GB),ADATA,내장형,M.2 (2280),TLC(기타),3D낸드,,실리콘모션,최대 520MB/s,최대 560MB/s,,,,,,,"
"ADATA  Ultimate SU800(1TB),ADATA,내장형,2.5형(6.4cm),TLC(기타),3D낸드,,실리콘모션 SM2258,최대 520MB/s,최대 560MB/s,,,,,,,"
"PNY  OPTIMA RE SSD(512GB),PNY,내장형,2.5형(6.4cm),MLC(토글),,,,최대 400MB/s,최대 550MB/s,,,,,,,"
"e-STAR  SATADOM SDOM 벌크 디지탈그리고나(32GB),e-STAR,산업용,,MLC(토글),,,파이슨,,,,,,,,,"
"e-STAR  SSD Series S9(64GB),e-STAR,내장형,2.5형(6.4cm),MLC(토글),,,,최대 440MB/s,최대 540MB/s,,,,,,,"
"e-STAR  ST380 M.2 2280(128GB),e-STAR,내장형,M.2 (2280),MLC(기타),,,파이슨,,,,,,,,,"
"e-STAR  SX301 mSATA(256GB),e-STAR,내장형,Mini SATA(mSATA),TLC(토글),,,파이슨,450MB/s,550MB/s,,,,,,,"
"파이슨  2.5 SSD S925 벌크 디지탈그리고나(128GB),파이슨,내장형,,MLC(동기식),,,파이슨 PS3109-S9,최대 440MB/s,최대 540MB/s,,,,,,,"
"트랜센드  SSD370S(512GB),트랜센드,내장형,2.5형(6.4cm),MLC(동기식),,,Transcend TS6500,최대 460MB/s,최대 560MB/s,,,,,,,"
"PNY  OPTIMA RE SSD(256GB),PNY,내장형,2.5형(6.4cm),MLC(토글),,,,최대 300MB/s,최대 530MB/s,,,,,,,"
"e-STAR  SX300 mSATA(8GB),e-STAR,내장형,Mini SATA(mSATA),MLC(기타),,,파이슨,,,,,,,,,"
"디오테라  VIVA 300S mSATA(256GB),디오테라,내장형,Mini SATA(mSATA),MLC(기타),2D낸드,,실리콘모션 SM2246,최대 380MB/s,최대 540MB/s,,,,,,,"
"e-STAR  SSD Series S9(128GB),e-STAR,내장형,2.5형(6.4cm),MLC(토글),,,,최대 510MB/s,최대 560MB/s,,,,,,,"
"킹스톤  SSDNow A400(120GB),킹스톤,내장형,2.5형(6.4cm),TLC(기타),2D낸드,,킹스톤,최대 320MB/s,최대 500MB/s,,,,,,,"
"삼성전자  SM961 M.2 2280 병행수입(1TB),삼성전자,내장형,,MLC(토글),3D낸드,,삼성 Polaris (AMD),최대 1,800MB/s,최대 3,200MB/s,,,,,,,"
"디오테라  VIVA 300S PRO(512GB),디오테라,내장형,2.5형(6.4cm),MLC(기타),2D낸드,,실리콘모션 SM2246,최대 385MB/s,최대 500MB/s,,,,,,,"
"ADATA  Ultimate SU800 M.2 2280(128GB),ADATA,내장형,M.2 (2280),TLC(기타),3D낸드,,실리콘모션,최대 300MB/s,최대 560MB/s,,,,,,,"
"인텔  540s(1TB),인텔,내장형,2.5형(6.4cm),TLC(토글),,,,최대 480MB/s,최대 560MB/s,,O,,,,,"
"바른전자  BSS500S(256GB),바른전자,내장형,2.5형(6.4cm),TLC(토글),3D낸드,15 nm,파이슨 PS3111-S11,540MB/s,560MB/s,,,,,,,"
"실리콘파워  Slim S55(240GB),실리콘파워,내장형,2.5형(6.4cm),TLC(기타),3D낸드,,,최대 370MB/s,최대 450MB/s,,,,,,,"
"e-STAR  ES-SE221,e-STAR,M.2 컨버터,,,,,,,,,,,,,,"
"파이슨  mSATA SSD S9MS 디지탈그리고나(32GB, 벌크),파이슨,내장형,,MLC(동기식),,,파이슨 PS3109-S9,최대 200MB/s,최대 510MB/s,,,,,,,"
"파이슨  S942 M.2 2242 벌크 디지탈그리고나(128GB),파이슨,내장형,,MLC(동기식),,,파이슨 PS3109-S9,최대 440MB/s,최대 540MB/s,,,,,,,"
"트랜센드  MTS400 Series(512GB),트랜센드,내장형,M.2 (2242),MLC(기타),,,Transcend TS6500,460MB/s,560MB/s,,,,,,,"
"인텔  750 Series(400GB),인텔,내장형,PCIe 카드,MLC(기타),,20 nm,인텔,최대 900MB/s,최대 2,200MB/s,,,,,,,"
"ADATA  Ultimate SU900(1TB),ADATA,내장형,2.5형(6.4cm),MLC(기타),3D낸드,,실리콘모션 SMI 2258,최대 525MB/s,최대 560MB/s,,,,,,,"
"파이슨  Half Slim SSD S9HS 벌크 디지탈그리고나(16GB),파이슨,내장형,,MLC(동기식),,,파이슨 PS3109-S9,최대 150MB/s,최대 300MB/s,,,,,,,"
"e-STAR  mSATA SSD 컨버터 (SMU31),e-STAR,SSD 주변기기,철재(SECC),,,,,,,,,,,,,"
"파이슨  mSATA SSD S9MS 디지탈그리고나(128GB, 벌크),파이슨,내장형,,MLC(동기식),,,파이슨 PS3109-S9,최대 200MB/s,최대 510MB/s,,,,,,,"
"삼성전자  PM871 M.2 2280 병행수입(512GB),삼성전자,내장형,,,,,,510MB/s,540MB/s,,,,,,,"
"트랜센드  SSD220S(480GB),트랜센드,내장형,2.5형(6.4cm),TLC(기타),2D낸드,,기타,최대 450MB/s,최대 550MB/s,,,,,,,"
"트랜센드  SSD230S(128GB),트랜센드,내장형,,TLC(기타),3D낸드,,,최대 300MB/s,최대 560MB/s,,,,,,,"
"e-STAR  3.5 변환 SSD 가이드,e-STAR,SSD 주변기기,철재(SECC),,,,,,,,,,,,,"
"파이슨  mSATA SSD S9MS 디지탈그리고나(256GB, 벌크),파이슨,내장형,,MLC(동기식),,,파이슨 PS3109-S9,최대 200MB/s,최대 510MB/s,,,,,,,"
"블루존  M.2 USB 3.0 UASP(하드미포함),블루존,SSD 주변기기,알류미늄,,,,JMicron JMS567,,,,,,,,,"
"NCTOP  MIRASOL 2.5 슬롯형 SSD GUIDE,NCTOP,,,,,,,,,,,,,,,"
"e-STAR  Half Slim SSD i1000(64GB),e-STAR,산업용,2.5형(6.4cm),MLC(토글),,,파이슨 PS3109-S9,최대 440MB/s,최대 550MB/s,,,,,,,"
"명인일렉트로닉스 엠트루 M.2 SSD 컨버터 (MSV-120),명인일렉트로닉스,SSD 주변기기,,,,,,,,,,,,,,"
"삼성전자  SM951 M.2 2280 병행수입(512GB),삼성전자,내장형,,MLC(토글),,,삼성 UBX,최대 1,260MB/s,최대 2,150MB/s,,,,,,,"
"파이슨  S1125 벌크(128GB),파이슨,내장형,,TLC(기타),3D낸드,,파이슨,,,,,,,,,"
"OCZ SS  TL100 병행수입(240GB),OCZ SS,내장형,,TLC(토글),,,,,,,,,,,,"
"트랜센드  MTS800 M.2 2280(128GB),트랜센드,내장형,M.2 (2280),MLC(동기식),,20 nm,Transcend TS6500,최대 170MB/s,최대 540MB/s,,,,,,,"
"MiSD  Core M250(120GB),MiSD,내장형,2.5형(6.4cm),TLC(토글),,,마벨 88NV1120,최대 400MB/s,최대 530MB/s,,,,,,,"
"명인일렉트로닉스 엠트루 M.2 SSD 컨버터 (MSV-119),명인일렉트로닉스,SSD 주변기기,,,,,,,,,,,,,,"
"e-STAR  SSD Series S9(256GB),e-STAR,내장형,2.5형(6.4cm),MLC(토글),,,,최대 530MB/s,최대 560MB/s,,,,,,,"
"파이슨  mSATA SSD S9MS 디지탈그리고나(64GB, 벌크),파이슨,내장형,,MLC(동기식),,,파이슨 PS3109-S9,최대 200MB/s,최대 510MB/s,,,,,,,"
"NETmate  SSD Mini SATA 변환 케이스 (NM-SSC2),NETmate,SSD 주변기기,알류미늄,,,,,,,,,,,,,"
"e-STAR  Elite S91(128GB),e-STAR,내장형,2.5형(6.4cm),TLC(기타),3D낸드,,파이슨,최대 520MB/s,최대 560MB/s,,,,,,,"
"파이슨  S57 M.2 2280 벌크(256GB),파이슨,내장형,,MLC(기타),2D낸드,,파이슨,,,,,,,,,"
"PATRIOT  SPARK(256GB),PATRIOT,내장형,2.5형(6.4cm),TLC(토글),,15 nm,파이슨 S11,최대 500MB/s,최대 555MB/s,,,,,,,"
"파이슨  Half Slim SSD S9HS 벌크 디지탈그리고나(32GB),파이슨,내장형,,MLC(동기식),,,파이슨 PS3109-S9,최대 150MB/s,최대 500MB/s,,,,,,,"
"e-STAR  Elite S91(256GB),e-STAR,내장형,2.5형(6.4cm),TLC(기타),3D낸드,,파이슨,최대 540MB/s,최대 560MB/s,,,,,,,"
"e-STAR  SATADOM SDOM 벌크 디지탈그리고나(16GB),e-STAR,산업용,,MLC(토글),,,파이슨,,,,,,,,,"
"파이슨  Half Slim SSD S9HS 벌크 디지탈그리고나(64GB),파이슨,내장형,,MLC(동기식),,,파이슨 PS3109-S9,최대 180MB/s,최대 520MB/s,,,,,,,"
"e-STAR  Half Slim SSD i1000(16GB),e-STAR,산업용,2.5형(6.4cm),MLC(토글),,,파이슨 PS3109-S9,최대 440MB/s,최대 540MB/s,,,,,,,"
"삼성전자  PM961 M.2 2280 병행수입(1TB),삼성전자,내장형,,TLC(토글),,,삼성 Polaris (AMD),,,,,,,,,"
"e-STAR  M.2 SSD 컨버터 (SMU31),e-STAR,SSD 주변기기,철재(SECC),,,,,,,,,,,,,"
"트랜센드  SSD370S(1TB),트랜센드,내장형,2.5형(6.4cm),MLC(동기식),,,Transcend TS6500,최대 460MB/s,최대 560MB/s,,,,,,,"
"PNY  3.5 변환 SSD 가이드,PNY,SSD 주변기기,철재(SECC),,,,,,,,,,,,,"
"삼성전자  850 PRO 병행수입(512GB),삼성전자,내장형,,,3D낸드,,삼성 3-CORE MEX,최대 520MB/s,최대 550MB/s,,,,,,,"
"파이슨  S980 M.2 2280 벌크 디지탈그리고나(256GB),파이슨,내장형,,MLC(동기식),,,파이슨 PS3109-S9,최대 300MB/s,최대 530MB/s,,,,,,,"
"MK2  듀얼 SSD 가이드(HG-2),MK2,SSD 주변기기,플라스틱,,,,,,,,,,,O,,"
"트랜센드  SSD230S(256GB),트랜센드,내장형,,TLC(기타),3D낸드,,,최대 520MB/s,최대 560MB/s,,,,,,,"
"삼성씨앤에이치  D2 3.5 SSD 듀얼 가이드,삼성씨앤에이치,SSD 주변기기,알류미늄,,,,,,,,,,,O,,"
"e-STAR  ST381 M.2 2280(128GB),e-STAR,내장형,M.2 (2280),TLC(토글),,,파이슨,최대 520MB/s,최대 550MB/s,,,,,,,"
"베이스캠프  BC-G2535 SSD 가이드,베이스캠프,SSD 주변기기,플라스틱,,,,,,,,,,,O,,"
"명인일렉트로닉스 엠트루 M.2 SSD 컨버터 (MSV-125),명인일렉트로닉스,SSD 주변기기,,,,,,,,,,,,,,"
"킹스톤  S3 M.2 2280 벌크(256GB),킹스톤,내장형,,MLC(토글),,15 nm,,최대 150MB/s,최대 510MB/s,,,,,,,"
"인텔  600P M.2 2280(256GB),인텔,내장형,M.2 (2280),TLC(기타),3D낸드,,,최대 560MB/s,최대 1,800MB/s,,O,,,,,"
"Sandisk  X400(512GB),Sandisk,내장형,2.5형(6.4cm),TLC(토글),,,마벨 88SS1074-BSW2,최대 520MB/s,최대 540MB/s,,,,,,,"
"파이슨  S980 M.2 2280 벌크 디지탈그리고나(128GB),파이슨,내장형,,MLC(동기식),,,파이슨 PS3109-S9,최대 160MB/s,최대 500MB/s,,,,,,,"
"e-STAR  ES-SM225,e-STAR,M.2 컨버터,,,,,,,,,,,,,,"
"인텔  540s M.2 2280(1TB),인텔,내장형,M.2 (2280),TLC(토글),,,,최대 480MB/s,최대 560MB/s,,O,,,,,"
"파이슨  S57 M.2 2280 벌크(512GB),파이슨,내장형,,MLC(기타),2D낸드,,파이슨,,,,,,,,,"
"PATRIOT  SPARK(128GB),PATRIOT,내장형,2.5형(6.4cm),TLC(토글),,15 nm,파이슨 S11,최대 500MB/s,최대 555MB/s,,,,,,,"
"PATRIOT  SPARK(512GB),PATRIOT,내장형,2.5형(6.4cm),TLC(토글),,15 nm,파이슨 S11,최대 540MB/s,최대 560MB/s,,,,,,,"
"명인일렉트로닉스 엠트루 M.2 SSD 컨버터 (MSV-128),명인일렉트로닉스,SSD 주변기기,,,,,,,,,,,,,,"
"파이슨  S1125 벌크(256GB),파이슨,내장형,,TLC(기타),3D낸드,,파이슨,,,,,,,,,"
"인텔  600P M.2 2280(512GB),인텔,내장형,M.2 (2280),TLC(기타),3D낸드,,,최대 560MB/s,최대 1,800MB/s,,O,,,,,"
"CRAFT  N1(120GB),CRAFT,내장형,2.5형(6.4cm),TLC(토글),2D낸드,,,최대 400MB/s,최대 500MB/s,,,,,,,"
"인텔  DC S3520 Series(240GB),인텔,내장형,2.5형(6.4cm),MLC(동기식),3D낸드,16 nm,,최대 380MB/s,최대 450MB/s,,,,,,,"
"바른전자  BSS500(240GB),바른전자,내장형,2.5형(6.4cm),TLC(토글),2D낸드,,파이슨 PS3110-S10,490MB/s,560MB/s,,,,,,,"
"BIWIN  Half Slim SSD H6210(8GB),BIWIN,산업용,기타,MLC(기타),,,기타,,,,,,,,,"
"CRAFT  N1(240GB),CRAFT,내장형,2.5형(6.4cm),TLC(토글),2D낸드,,,최대 400MB/s,최대 500MB/s,,,,,,,"
"BIWIN  Half Slim SSD H6210(32GB),BIWIN,산업용,기타,MLC(기타),,,기타,,,,,,,,,"
"Sandisk  X400 M.2 2280(512GB),Sandisk,내장형,M.2 (2280),TLC(토글),,,마벨88SS1074-BSW2,최대 520MB/s,최대 540MB/s,,,,,,,"
"PNY  2.5 변환 SSD 가이드,PNY,SSD 주변기기,플라스틱,,,,,,,,,,,,,"
"트랜센드  SSD340K(256GB),트랜센드,내장형,2.5형(6.4cm),MLC(토글),,,JMicron JMF670H,330MB/s,560MB/s,,,,,,,"
"티피원  M.2 SATA to SATA 변환 케이스 (TPM2580),티피원,SSD 주변기기,플라스틱,,,,,,,,,,,,,"
"BIWIN  Half Slim SSD H6210(16GB),BIWIN,산업용,기타,MLC(기타),,,기타,,,,,,,,,"
"명인일렉트로닉스 엠트루 SATADOM MD925H(32GB),명인일렉트로닉스,산업용,SATA DOM,MLC(동기식),,,파이슨 PS3109-S9,430MB/s,540MB/s,,,,,,,"
"ADATA  Ultimate SU800 M.2 2280(512GB),ADATA,내장형,M.2 (2280),TLC(기타),3D낸드,,실리콘모션,최대 520MB/s,최대 560MB/s,,,,,,,"
"트랜센드  SSD340K(128GB),트랜센드,내장형,2.5형(6.4cm),MLC(토글),,,JMicron JMF670H,170MB/s,560MB/s,,,,,,,"
"ADATA  Premier Pro New SP920(1TB),ADATA,내장형,2.5형(6.4cm),MLC(동기식),,,마벨 88SS9187,최대 460MB/s,최대 560MB/s,,,,,O,,"
"ICY DOCK  2.5 2베이 가이드 (MB990SP-B),ICY DOCK,SSD 주변기기,플라스틱,,,,,,,,,,,,,"
"ADATA  Premier SP550 M.2 2280(480GB),ADATA,내장형,M.2 (2280),TLC(토글),,,실리콘모션,최대 510MB/s,최대 560MB/s,,,,,,,"
"트랜센드  MTS600 M.2 2260(128GB),트랜센드,내장형,M.2 (2260),MLC(동기식),,20 nm,Transcend TS6500,최대 170MB/s,최대 540MB/s,,,,,,,"
"파이슨  mSATA SSD S9MS 디지탈그리고나(8GB, 벌크),파이슨,내장형,,MLC(동기식),,,파이슨 PS3109-S9,최대 200MB/s,최대 510MB/s,,,,,,,"
"명인일렉트로닉스 엠트루 SATADOM MD925H(8GB),명인일렉트로닉스,산업용,SATA DOM,MLC(동기식),,,파이슨 PS3109-S9,430MB/s,540MB/s,,,,,,,"
"Sandisk  X400(1TB),Sandisk,내장형,2.5형(6.4cm),TLC(토글),,,마벨 88SS1074-BSW2,최대 520MB/s,최대 545MB/s,,,,,,,"
"삼성전자  CM871a M.2 2280 병행수입(128GB),삼성전자,내장형,,확인 요망,,,,430MB/s,520MB/s,,,,,,,"
"명인일렉트로닉스 엠트루 SATADOM MD935H(8GB),명인일렉트로닉스,산업용,SATA DOM,MLC(동기식),,,파이슨 PS3109-S9,430MB/s,540MB/s,,,,,,,"
"트랜센드  MTS800 M.2 2280(512GB),트랜센드,내장형,M.2 (2280),MLC(동기식),,20 nm,Transcend TS6500,최대 460MB/s,최대 550MB/s,,,,,,,"
"명인일렉트로닉스 엠트루 SATADOM MD935H(32GB),명인일렉트로닉스,산업용,SATA DOM,MLC(동기식),,,파이슨 PS3109-S9,430MB/s,540MB/s,,,,,,,"
"트랜센드  MTS800 M.2 2280(256GB),트랜센드,내장형,M.2 (2280),MLC(동기식),,20 nm,Transcend TS6500,최대 320MB/s,최대 550MB/s,,,,,,,"
"트랜센드  M.2 SSD 외장 케이스 (TS-CM42)(하드미포함),트랜센드,SSD 주변기기,,,,,,,,O,,,,,,"
"Colorful  SL300 ONYX XT(60GB),Colorful,내장형,2.5형(6.4cm),MLC(기타),2D낸드,,실리콘모션 SM2246XT,최대 71MB/s,최대 481MB/s,,,,,,,"
"트랜센드  SSD230S(512GB),트랜센드,내장형,,TLC(기타),3D낸드,,,최대 520MB/s,최대 560MB/s,,,,,,,"
"파이슨  2.5 SSD S925 디지탈그리고나(256GB, 벌크),파이슨,내장형,,MLC(동기식),,,파이슨 PS3109-S9,495MB/s,550MB/s,,,,,,,"
"길산지에스월드  GS-FLE2100(128GB),길산지에스월드,내장형,2.5형(6.4cm),TLC(기타),2D낸드,,파이슨,최대 480MB/s,최대 520MB/s,,,,,,,"
"인텔  540s(480GB),인텔,내장형,2.5형(6.4cm),TLC(토글),,,,최대 480MB/s,최대 560MB/s,,O,,,,,"
"PHINOCOM  P90S EVO(128GB),PHINOCOM,내장형,2.5형(6.4cm),TLC,,,파이슨 PS3111-S11,최대 500MB/s,최대 555MB/s,,,,,,,"
"마이크론 Crucial MX300 병행수입(275GB),마이크론,내장형,,TLC(기타),3D낸드,,마벨 88SS1074,최대 500MB/s,최대 530MB/s,,,,,,,"
"트랜센드  MSA370 mSATA(64GB),트랜센드,내장형,Mini SATA(mSATA),MLC(동기식),,20 nm,Transcend TS6500,80MB/s,520MB/s,,,,,,,"
"ADATA  3.5 변환 SSD 가이드,ADATA,SSD 주변기기,플라스틱,,,,,,,,,,,,,"
"갤럭시 GALAX 2.5형 SSD 변환가이드,갤럭시,SSD 주변기기,플라스틱,,,,,,,,,,,,,"
"트랜센드  MSA370 mSATA(128GB),트랜센드,내장형,Mini SATA(mSATA),MLC(동기식),,20 nm,Transcend TS6500,160MB/s,560MB/s,,,,,,,"
"트랜센드  MTS820 M.2 2280(240GB),트랜센드,내장형,M.2 (2280),TLC(토글),,,실리콘모션 SM2256KAB,최대 450MB/s,최대 550MB/s,,,,,,,"
"명인일렉트로닉스 엠트루 Half Slim SSD MH915(16GB),명인일렉트로닉스,산업용,Half Slim,MLC(동기식),,,파이슨 PS3109-S9,430MB/s,530MB/s,,,,,,,"
"BIWIN  mSATA SSD M6210(16GB),BIWIN,산업용,Mini SATA(mSATA),MLC(기타),,,기타,,,,,,,,,"
"트랜센드  SSD 설치 키트 (TS-CK3),트랜센드,SSD 주변기기,,,,,,,,,,,,,,"
"삼성전자  850 PRO 병행수입(1TB),삼성전자,내장형,,,3D낸드,,삼성 3-CORE MEX,최대 520MB/s,최대 550MB/s,,,,,,,"
